comparison,comparison_description,factor_type,factor,bucket_or_value,positive_group,negative_group,positive_count,negative_count,positive_mean,negative_mean,difference,effect_size,positive_rate,negative_rate,lift,evidence_score,priority,direction,interpretation
missed_selected_vs_success,Selected opportunities missed by D2 entry vs realized winners.,numeric,daily_rank,,missed_selected,success,15,11,18.866666666666667,38.72727272727273,-19.86060606060606,-1.110834898495719,,,,1.110834898495719,1,negative_group_higher,`daily_rank` is higher in the negative group; treat as a candidate hypothesis.
missed_selected_vs_success,Selected opportunities missed by D2 entry vs realized winners.,segment,executed,False,missed_selected,success,15,0,,,1.0,,1.0,0.0,,1.0,1,positive_group_overrepresented,`executed=False` is overrepresented in the positive group.
missed_selected_vs_success,Selected opportunities missed by D2 entry vs realized winners.,segment,executed,True,missed_selected,success,0,11,,,-1.0,,0.0,1.0,0.0,1.0,1,negative_group_overrepresented,`executed=True` is overrepresented in the negative group. lift=0.00.
missed_selected_vs_success,Selected opportunities missed by D2 entry vs realized winners.,segment,failure_reason,zone_too_low,missed_selected,success,15,0,,,1.0,,1.0,0.0,,1.0,1,positive_group_overrepresented,`failure_reason=zone_too_low` is overrepresented in the positive group.
missed_selected_vs_success,Selected opportunities missed by D2 entry vs realized winners.,numeric,total_score,,missed_selected,success,15,11,83.63666666666667,78.73181818181818,4.904848484848486,0.9906285190767533,,,,0.9906285190767533,1,positive_group_higher,`total_score` is higher in the positive group; treat as a candidate hypothesis.
missed_selected_vs_success,Selected opportunities missed by D2 entry vs realized winners.,segment,failure_reason,,missed_selected,success,0,9,,,-0.8181818181818182,,0.0,0.8181818181818182,0.0,0.8181818181818182,1,negative_group_overrepresented,`failure_reason=` is overrepresented in the negative group. lift=0.00.
missed_selected_vs_success,Selected opportunities missed by D2 entry vs realized winners.,numeric,support_score,,missed_selected,success,15,11,88.86666666666666,83.72727272727273,5.139393939393926,0.7729240640502114,,,,0.7729240640502114,1,positive_group_higher,`support_score` is higher in the positive group; treat as a candidate hypothesis.
missed_selected_vs_success,Selected opportunities missed by D2 entry vs realized winners.,numeric,active_money_score,,missed_selected,success,15,11,83.73333333333333,75.27272727272727,8.460606060606068,0.6539949760214775,,,,0.6539949760214775,1,positive_group_higher,`active_money_score` is higher in the positive group; treat as a candidate hypothesis.
missed_selected_vs_success,Selected opportunities missed by D2 entry vs realized winners.,numeric,graph_quality_score,,missed_selected,success,15,11,86.53333333333333,82.54545454545455,3.9878787878787847,0.5906075306004916,,,,0.5906075306004916,1,positive_group_higher,`graph_quality_score` is higher in the positive group; treat as a candidate hypothesis.
missed_selected_vs_success,Selected opportunities missed by D2 entry vs realized winners.,numeric,days_since_d0,,missed_selected,success,15,11,1.7333333333333334,1.4545454545454546,0.2787878787878788,0.4461134036705514,,,,0.4461134036705514,1,positive_group_higher,`days_since_d0` is higher in the positive group; treat as a candidate hypothesis.
missed_unselected_vs_ordinary,Filtered or unselected opportunities vs ordinary baseline.,numeric,days_since_d0,,missed_unselected,ordinary,132,325,0.6893939393939394,1.3784615384615384,-0.689067599067599,-0.645181085633739,,,,0.645181085633739,1,negative_group_higher,`days_since_d0` is higher in the negative group; treat as a candidate hypothesis.
missed_unselected_vs_ordinary,Filtered or unselected opportunities vs ordinary baseline.,numeric,graph_quality_score,,missed_unselected,ordinary,132,325,73.87878787878788,61.2,12.678787878787873,0.5319816011658169,,,,0.5319816011658169,1,positive_group_higher,`graph_quality_score` is higher in the positive group; treat as a candidate hypothesis.
missed_unselected_vs_ordinary,Filtered or unselected opportunities vs ordinary baseline.,numeric,consecutive_boards,,missed_unselected,ordinary,132,325,1.3181818181818181,1.1384615384615384,0.1797202797202797,0.37959930667904057,,,,0.37959930667904057,1,positive_group_higher,`consecutive_boards` is higher in the positive group; treat as a candidate hypothesis.
missed_unselected_vs_ordinary,Filtered or unselected opportunities vs ordinary baseline.,numeric,total_score,,missed_unselected,ordinary,132,325,69.94848484848485,64.02076923076923,5.92771561771562,0.3784511496555509,,,,0.3784511496555509,1,positive_group_higher,`total_score` is higher in the positive group; treat as a candidate hypothesis.
missed_unselected_vs_ordinary,Filtered or unselected opportunities vs ordinary baseline.,numeric,low_absorb_width_pct,,missed_unselected,ordinary,132,325,3.298792864395751,3.688346914283688,-0.38955404988793685,-0.29128697253658237,,,,0.29128697253658237,1,negative_group_higher,`low_absorb_width_pct` is higher in the negative group; treat as a candidate hypothesis.
missed_unselected_vs_ordinary,Filtered or unselected opportunities vs ordinary baseline.,numeric,invalid_distance_pct,,missed_unselected,ordinary,132,325,3.298792864395751,3.688346914283688,-0.38955404988793685,-0.29128697253658237,,,,0.29128697253658237,1,negative_group_higher,`invalid_distance_pct` is higher in the negative group; treat as a candidate hypothesis.
missed_unselected_vs_ordinary,Filtered or unselected opportunities vs ordinary baseline.,numeric,support_score,,missed_unselected,ordinary,132,325,70.06818181818181,62.87384615384615,7.194335664335661,0.23891225659400106,,,,0.23891225659400106,1,positive_group_higher,`support_score` is higher in the positive group; treat as a candidate hypothesis.
missed_unselected_vs_ordinary,Filtered or unselected opportunities vs ordinary baseline.,segment,allowed_bool,True,missed_unselected,ordinary,9,71,,,-0.15027972027972028,,0.06818181818181818,0.21846153846153846,0.3120998719590269,0.15027972027972028,1,negative_group_overrepresented,`allowed_bool=True` is overrepresented in the negative group. lift=0.31.
missed_unselected_vs_ordinary,Filtered or unselected opportunities vs ordinary baseline.,segment,signal_type,WATCH_ONLY,missed_unselected,ordinary,123,254,,,0.15027972027972025,,0.9318181818181818,0.7815384615384615,1.1922870436649964,0.15027972027972025,1,positive_group_overrepresented,`signal_type=WATCH_ONLY` is overrepresented in the positive group. lift=1.19.
missed_unselected_vs_ordinary,Filtered or unselected opportunities vs ordinary baseline.,segment,position_level,zero,missed_unselected,ordinary,123,254,,,0.15027972027972025,,0.9318181818181818,0.7815384615384615,1.1922870436649964,0.15027972027972025,1,positive_group_overrepresented,`position_level=zero` is overrepresented in the positive group. lift=1.19.
missed_unselected_vs_ordinary,Filtered or unselected opportunities vs ordinary baseline.,segment,allowed_bool,False,missed_unselected,ordinary,123,254,,,0.15027972027972025,,0.9318181818181818,0.7815384615384615,1.1922870436649964,0.15027972027972025,1,positive_group_overrepresented,`allowed_bool=False` is overrepresented in the positive group. lift=1.19.
missed_unselected_vs_ordinary,Filtered or unselected opportunities vs ordinary baseline.,segment,signal_type,D2_LOW_ABSORB,missed_unselected,ordinary,0,38,,,-0.11692307692307692,,0.0,0.11692307692307692,0.0,0.11692307692307692,1,negative_group_overrepresented,`signal_type=D2_LOW_ABSORB` is overrepresented in the negative group. lift=0.00.
missed_unselected_vs_ordinary,Filtered or unselected opportunities vs ordinary baseline.,segment,position_level,normal,missed_unselected,ordinary,0,38,,,-0.11692307692307692,,0.0,0.11692307692307692,0.0,0.11692307692307692,1,negative_group_overrepresented,`position_level=normal` is overrepresented in the negative group. lift=0.00.
missed_unselected_vs_ordinary,Filtered or unselected opportunities vs ordinary baseline.,segment,eligible_for_trade,True,missed_unselected,ordinary,0,38,,,-0.11692307692307692,,0.0,0.11692307692307692,0.0,0.11692307692307692,1,negative_group_overrepresented,`eligible_for_trade=True` is overrepresented in the negative group. lift=0.00.
missed_unselected_vs_ordinary,Filtered or unselected opportunities vs ordinary baseline.,segment,selected_by_topn,True,missed_unselected,ordinary,0,38,,,-0.11692307692307692,,0.0,0.11692307692307692,0.0,0.11692307692307692,1,negative_group_overrepresented,`selected_by_topn=True` is overrepresented in the negative group. lift=0.00.
missed_unselected_vs_ordinary,Filtered or unselected opportunities vs ordinary baseline.,segment,selected_for_execution,True,missed_unselected,ordinary,0,38,,,-0.11692307692307692,,0.0,0.11692307692307692,0.0,0.11692307692307692,1,negative_group_overrepresented,`selected_for_execution=True` is overrepresented in the negative group. lift=0.00.
missed_unselected_vs_ordinary,Filtered or unselected opportunities vs ordinary baseline.,segment,eligible_for_trade,False,missed_unselected,ordinary,132,287,,,0.11692307692307691,,1.0,0.8830769230769231,1.132404181184669,0.11692307692307691,1,positive_group_overrepresented,`eligible_for_trade=False` is overrepresented in the positive group. lift=1.13.
missed_unselected_vs_ordinary,Filtered or unselected opportunities vs ordinary baseline.,segment,selected_by_topn,False,missed_unselected,ordinary,132,287,,,0.11692307692307691,,1.0,0.8830769230769231,1.132404181184669,0.11692307692307691,1,positive_group_overrepresented,`selected_by_topn=False` is overrepresented in the positive group. lift=1.13.
missed_unselected_vs_ordinary,Filtered or unselected opportunities vs ordinary baseline.,segment,selected_for_execution,False,missed_unselected,ordinary,132,287,,,0.11692307692307691,,1.0,0.8830769230769231,1.132404181184669,0.11692307692307691,1,positive_group_overrepresented,`selected_for_execution=False` is overrepresented in the positive group. lift=1.13.
missed_unselected_vs_ordinary,Filtered or unselected opportunities vs ordinary baseline.,segment,failure_reason,,missed_unselected,ordinary,132,287,,,0.11692307692307691,,1.0,0.8830769230769231,1.132404181184669,0.11692307692307691,1,positive_group_overrepresented,`failure_reason=` is overrepresented in the positive group. lift=1.13.
missed_unselected_vs_ordinary,Filtered or unselected opportunities vs ordinary baseline.,segment,support_type,A,missed_unselected,ordinary,87,180,,,0.10524475524475518,,0.6590909090909091,0.5538461538461539,1.1900252525252524,0.10524475524475518,1,positive_group_overrepresented,`support_type=A` is overrepresented in the positive group. lift=1.19.
missed_unselected_vs_ordinary,Filtered or unselected opportunities vs ordinary baseline.,segment,support_type,C,missed_unselected,ordinary,28,102,,,-0.1017249417249417,,0.21212121212121213,0.31384615384615383,0.6758764111705289,0.1017249417249417,1,negative_group_overrepresented,`support_type=C` is overrepresented in the negative group. lift=0.68.
success_vs_failed,Trade quality: executed winners vs executed losers.,segment,failure_reason,,success,failed,9,0,,,0.8181818181818182,,0.8181818181818182,0.0,,0.8181818181818182,1,positive_group_overrepresented,`failure_reason=` is overrepresented in the positive group.
success_vs_failed,Trade quality: executed winners vs executed losers.,segment,failure_reason,stop_hit,success,failed,2,40,,,-0.5454545454545454,,0.18181818181818182,0.7272727272727273,0.25,0.5454545454545454,1,negative_group_overrepresented,`failure_reason=stop_hit` is overrepresented in the negative group. lift=0.25.
success_vs_failed,Trade quality: executed winners vs executed losers.,numeric,days_since_d0,,success,failed,11,55,1.4545454545454546,1.8727272727272728,-0.4181818181818182,-0.5342380237471263,,,,0.5342380237471263,1,negative_group_higher,`days_since_d0` is higher in the negative group; treat as a candidate hypothesis.
success_vs_failed,Trade quality: executed winners vs executed losers.,numeric,consecutive_boards,,success,failed,11,55,1.0909090909090908,1.2363636363636363,-0.1454545454545455,-0.3273572829458274,,,,0.3273572829458274,1,negative_group_higher,`consecutive_boards` is higher in the negative group; treat as a candidate hypothesis.
success_vs_failed,Trade quality: executed winners vs executed losers.,numeric,low_absorb_width_pct,,success,failed,11,55,3.6996669043856487,4.023893250047388,-0.3242263456617396,-0.3197835418560433,,,,0.3197835418560433,1,negative_group_higher,`low_absorb_width_pct` is higher in the negative group; treat as a candidate hypothesis.
success_vs_failed,Trade quality: executed winners vs executed losers.,numeric,invalid_distance_pct,,success,failed,11,55,3.6996669043856487,4.023893250047388,-0.3242263456617396,-0.3197835418560433,,,,0.3197835418560433,1,negative_group_higher,`invalid_distance_pct` is higher in the negative group; treat as a candidate hypothesis.
success_vs_failed,Trade quality: executed winners vs executed losers.,segment,failure_reason,unknown,success,failed,0,8,,,-0.14545454545454545,,0.0,0.14545454545454545,0.0,0.14545454545454545,1,negative_group_overrepresented,`failure_reason=unknown` is overrepresented in the negative group. lift=0.00.
success_vs_failed,Trade quality: executed winners vs executed losers.,segment,failure_reason,weak_repair,success,failed,0,7,,,-0.12727272727272726,,0.0,0.12727272727272726,0.0,0.12727272727272726,1,negative_group_overrepresented,`failure_reason=weak_repair` is overrepresented in the negative group. lift=0.00.
success_vs_ordinary,Positive samples vs ordinary baseline.,segment,executed,False,success,ordinary,0,325,,,-1.0,,0.0,1.0,0.0,1.0,1,negative_group_overrepresented,`executed=False` is overrepresented in the negative group. lift=0.00.
success_vs_ordinary,Positive samples vs ordinary baseline.,segment,executed,True,success,ordinary,11,0,,,1.0,,1.0,0.0,,1.0,1,positive_group_overrepresented,`executed=True` is overrepresented in the positive group.
success_vs_ordinary,Positive samples vs ordinary baseline.,numeric,total_score,,success,ordinary,11,325,78.73181818181818,64.02076923076923,14.711048951048951,0.9366205484514618,,,,0.9366205484514618,1,positive_group_higher,`total_score` is higher in the positive group; treat as a candidate hypothesis.
success_vs_ordinary,Positive samples vs ordinary baseline.,segment,signal_type,D2_LOW_ABSORB,success,ordinary,11,38,,,0.8830769230769231,,1.0,0.11692307692307692,8.552631578947368,0.8830769230769231,1,positive_group_overrepresented,`signal_type=D2_LOW_ABSORB` is overrepresented in the positive group. lift=8.55.
success_vs_ordinary,Positive samples vs ordinary baseline.,segment,position_level,normal,success,ordinary,11,38,,,0.8830769230769231,,1.0,0.11692307692307692,8.552631578947368,0.8830769230769231,1,positive_group_overrepresented,`position_level=normal` is overrepresented in the positive group. lift=8.55.
success_vs_ordinary,Positive samples vs ordinary baseline.,segment,eligible_for_trade,False,success,ordinary,0,287,,,-0.8830769230769231,,0.0,0.8830769230769231,0.0,0.8830769230769231,1,negative_group_overrepresented,`eligible_for_trade=False` is overrepresented in the negative group. lift=0.00.
success_vs_ordinary,Positive samples vs ordinary baseline.,segment,eligible_for_trade,True,success,ordinary,11,38,,,0.8830769230769231,,1.0,0.11692307692307692,8.552631578947368,0.8830769230769231,1,positive_group_overrepresented,`eligible_for_trade=True` is overrepresented in the positive group. lift=8.55.
success_vs_ordinary,Positive samples vs ordinary baseline.,segment,selected_by_topn,False,success,ordinary,0,287,,,-0.8830769230769231,,0.0,0.8830769230769231,0.0,0.8830769230769231,1,negative_group_overrepresented,`selected_by_topn=False` is overrepresented in the negative group. lift=0.00.
success_vs_ordinary,Positive samples vs ordinary baseline.,segment,selected_by_topn,True,success,ordinary,11,38,,,0.8830769230769231,,1.0,0.11692307692307692,8.552631578947368,0.8830769230769231,1,positive_group_overrepresented,`selected_by_topn=True` is overrepresented in the positive group. lift=8.55.
success_vs_ordinary,Positive samples vs ordinary baseline.,segment,selected_for_execution,False,success,ordinary,0,287,,,-0.8830769230769231,,0.0,0.8830769230769231,0.0,0.8830769230769231,1,negative_group_overrepresented,`selected_for_execution=False` is overrepresented in the negative group. lift=0.00.
success_vs_ordinary,Positive samples vs ordinary baseline.,segment,selected_for_execution,True,success,ordinary,11,38,,,0.8830769230769231,,1.0,0.11692307692307692,8.552631578947368,0.8830769230769231,1,positive_group_overrepresented,`selected_for_execution=True` is overrepresented in the positive group. lift=8.55.
success_vs_ordinary,Positive samples vs ordinary baseline.,numeric,graph_quality_score,,success,ordinary,11,325,82.54545454545455,61.2,21.345454545454544,0.8665540541851494,,,,0.8665540541851494,1,positive_group_higher,`graph_quality_score` is higher in the positive group; treat as a candidate hypothesis.
success_vs_ordinary,Positive samples vs ordinary baseline.,segment,signal_type,WATCH_ONLY,success,ordinary,0,254,,,-0.7815384615384615,,0.0,0.7815384615384615,0.0,0.7815384615384615,1,negative_group_overrepresented,`signal_type=WATCH_ONLY` is overrepresented in the negative group. lift=0.00.
success_vs_ordinary,Positive samples vs ordinary baseline.,segment,position_level,zero,success,ordinary,0,254,,,-0.7815384615384615,,0.0,0.7815384615384615,0.0,0.7815384615384615,1,negative_group_overrepresented,`position_level=zero` is overrepresented in the negative group. lift=0.00.
success_vs_ordinary,Positive samples vs ordinary baseline.,segment,allowed_bool,False,success,ordinary,0,254,,,-0.7815384615384615,,0.0,0.7815384615384615,0.0,0.7815384615384615,1,negative_group_overrepresented,`allowed_bool=False` is overrepresented in the negative group. lift=0.00.
success_vs_ordinary,Positive samples vs ordinary baseline.,segment,allowed_bool,True,success,ordinary,11,71,,,0.7815384615384615,,1.0,0.21846153846153846,4.577464788732394,0.7815384615384615,1,positive_group_overrepresented,`allowed_bool=True` is overrepresented in the positive group. lift=4.58.
success_vs_ordinary,Positive samples vs ordinary baseline.,numeric,support_score,,success,ordinary,11,325,83.72727272727273,62.87384615384615,20.85342657342658,0.7031033201720869,,,,0.7031033201720869,1,positive_group_higher,`support_score` is higher in the positive group; treat as a candidate hypothesis.
success_vs_ordinary,Positive samples vs ordinary baseline.,numeric,daily_rank,,success,ordinary,11,38,38.72727272727273,26.394736842105264,12.332535885167463,0.650300786500777,,,,0.650300786500777,1,positive_group_higher,`daily_rank` is higher in the positive group; treat as a candidate hypothesis.
success_vs_ordinary,Positive samples vs ordinary baseline.,segment,support_type,A,success,ordinary,11,180,,,0.4461538461538461,,1.0,0.5538461538461539,1.8055555555555554,0.4461538461538461,1,positive_group_overrepresented,`support_type=A` is overrepresented in the positive group. lift=1.81.
success_vs_ordinary,Positive samples vs ordinary baseline.,numeric,active_money_score,,success,ordinary,11,325,75.27272727272727,68.88,6.392727272727271,0.3817681190259204,,,,0.3817681190259204,1,positive_group_higher,`active_money_score` is higher in the positive group; treat as a candidate hypothesis.
success_vs_ordinary,Positive samples vs ordinary baseline.,numeric,theme_score,,success,ordinary,11,325,67.27272727272727,64.41538461538461,2.857342657342656,0.351572125621072,,,,0.351572125621072,1,positive_group_higher,`theme_score` is higher in the positive group; treat as a candidate hypothesis.
success_vs_ordinary,Positive samples vs ordinary baseline.,segment,support_type,C,success,ordinary,0,102,,,-0.31384615384615383,,0.0,0.31384615384615383,0.0,0.31384615384615383,1,negative_group_overrepresented,`support_type=C` is overrepresented in the negative group. lift=0.00.
success_vs_ordinary,Positive samples vs ordinary baseline.,segment,support_type,B,success,ordinary,0,43,,,-0.13230769230769232,,0.0,0.13230769230769232,0.0,0.13230769230769232,1,negative_group_overrepresented,`support_type=B` is overrepresented in the negative group. lift=0.00.
success_vs_ordinary,Positive samples vs ordinary baseline.,segment,signal_type,D2_WATCH_OR_SMALL,success,ordinary,0,33,,,-0.10153846153846154,,0.0,0.10153846153846154,0.0,0.10153846153846154,1,negative_group_overrepresented,`signal_type=D2_WATCH_OR_SMALL` is overrepresented in the negative group. lift=0.00.
success_vs_ordinary,Positive samples vs ordinary baseline.,segment,position_level,small,success,ordinary,0,33,,,-0.10153846153846154,,0.0,0.10153846153846154,0.0,0.10153846153846154,1,negative_group_overrepresented,`position_level=small` is overrepresented in the negative group. lift=0.00.
watch_hit_vs_watch_miss,WATCH_ONLY candidates that reached D3 target-min vs WATCH_ONLY ordinary candidates.,numeric,graph_quality_score,,watch_hit,watch_miss,123,254,73.3821138211382,55.90551181102362,17.476602010114583,0.7078348917081325,,,,0.7078348917081325,1,positive_group_higher,`graph_quality_score` is higher in the positive group; treat as a candidate hypothesis.
watch_hit_vs_watch_miss,WATCH_ONLY candidates that reached D3 target-min vs WATCH_ONLY ordinary candidates.,numeric,days_since_d0,,watch_hit,watch_miss,123,254,0.6016260162601627,1.2244094488188977,-0.622783432558735,-0.58736999383307,,,,0.58736999383307,1,negative_group_higher,`days_since_d0` is higher in the negative group; treat as a candidate hypothesis.
watch_hit_vs_watch_miss,WATCH_ONLY candidates that reached D3 target-min vs WATCH_ONLY ordinary candidates.,numeric,total_score,,watch_hit,watch_miss,123,254,69.78333333333333,60.73622047244095,9.047112860892383,0.5596646642769287,,,,0.5596646642769287,1,positive_group_higher,`total_score` is higher in the positive group; treat as a candidate hypothesis.
watch_hit_vs_watch_miss,WATCH_ONLY candidates that reached D3 target-min vs WATCH_ONLY ordinary candidates.,numeric,consecutive_boards,,watch_hit,watch_miss,123,254,1.3414634146341464,1.141732283464567,0.19973113116957952,0.4046209127397875,,,,0.4046209127397875,1,positive_group_higher,`consecutive_boards` is higher in the positive group; treat as a candidate hypothesis.
watch_hit_vs_watch_miss,WATCH_ONLY candidates that reached D3 target-min vs WATCH_ONLY ordinary candidates.,numeric,support_score,,watch_hit,watch_miss,123,254,70.79674796747967,59.44488188976378,11.351866077715897,0.3538205692154682,,,,0.3538205692154682,1,positive_group_higher,`support_score` is higher in the positive group; treat as a candidate hypothesis.
watch_hit_vs_watch_miss,WATCH_ONLY candidates that reached D3 target-min vs WATCH_ONLY ordinary candidates.,numeric,low_absorb_width_pct,,watch_hit,watch_miss,123,254,3.2615145128205376,3.6439053065515847,-0.3823907937310471,-0.28214485517265364,,,,0.28214485517265364,1,negative_group_higher,`low_absorb_width_pct` is higher in the negative group; treat as a candidate hypothesis.
watch_hit_vs_watch_miss,WATCH_ONLY candidates that reached D3 target-min vs WATCH_ONLY ordinary candidates.,numeric,invalid_distance_pct,,watch_hit,watch_miss,123,254,3.2615145128205376,3.6439053065515847,-0.3823907937310471,-0.28214485517265364,,,,0.28214485517265364,1,negative_group_higher,`invalid_distance_pct` is higher in the negative group; treat as a candidate hypothesis.
watch_hit_vs_watch_miss,WATCH_ONLY candidates that reached D3 target-min vs WATCH_ONLY ordinary candidates.,segment,support_type,C,watch_hit,watch_miss,28,102,,,-0.1739325267268421,,0.22764227642276422,0.4015748031496063,0.566873904033158,0.1739325267268421,1,negative_group_overrepresented,`support_type=C` is overrepresented in the negative group. lift=0.57.
watch_hit_vs_watch_miss,WATCH_ONLY candidates that reached D3 target-min vs WATCH_ONLY ordinary candidates.,segment,support_type,A,watch_hit,watch_miss,85,133,,,0.16743486332501123,,0.6910569105691057,0.5236220472440944,1.3197628216883672,0.16743486332501123,1,positive_group_overrepresented,`support_type=A` is overrepresented in the positive group. lift=1.32.
missed_selected_vs_success,Selected opportunities missed by D2 entry vs realized winners.,numeric,low_absorb_width_pct,,missed_selected,success,15,11,3.88458267299665,3.6996669043856487,0.18491576861100123,0.17983727207566277,,,,0.17983727207566277,5,weak_or_no_separation,`low_absorb_width_pct` has weak separation in this comparison.
missed_selected_vs_success,Selected opportunities missed by D2 entry vs realized winners.,numeric,invalid_distance_pct,,missed_selected,success,15,11,3.88458267299665,3.6996669043856487,0.18491576861100123,0.17983727207566277,,,,0.17983727207566277,5,weak_or_no_separation,`invalid_distance_pct` has weak separation in this comparison.
missed_selected_vs_success,Selected opportunities missed by D2 entry vs realized winners.,numeric,theme_score,,missed_selected,success,15,11,68.0,67.27272727272727,0.7272727272727337,0.17261559388041756,,,,0.17261559388041756,5,weak_or_no_separation,`theme_score` has weak separation in this comparison.
missed_selected_vs_success,Selected opportunities missed by D2 entry vs realized winners.,numeric,consecutive_boards,,missed_selected,success,15,11,1.1333333333333333,1.0909090909090908,0.042424242424242475,0.1327892440097577,,,,0.1327892440097577,5,weak_or_no_separation,`consecutive_boards` has weak separation in this comparison.
missed_selected_vs_success,Selected opportunities missed by D2 entry vs realized winners.,segment,signal_type,D2_LOW_ABSORB,missed_selected,success,15,11,,,0.0,,1.0,1.0,1.0,0.0,5,weak_or_no_separation,`signal_type=D2_LOW_ABSORB` has weak segment separation.
missed_selected_vs_success,Selected opportunities missed by D2 entry vs realized winners.,segment,position_level,normal,missed_selected,success,15,11,,,0.0,,1.0,1.0,1.0,0.0,5,weak_or_no_separation,`position_level=normal` has weak segment separation.
missed_selected_vs_success,Selected opportunities missed by D2 entry vs realized winners.,segment,support_type,A,missed_selected,success,15,11,,,0.0,,1.0,1.0,1.0,0.0,5,weak_or_no_separation,`support_type=A` has weak segment separation.
missed_selected_vs_success,Selected opportunities missed by D2 entry vs realized winners.,segment,allowed_bool,True,missed_selected,success,15,11,,,0.0,,1.0,1.0,1.0,0.0,5,weak_or_no_separation,`allowed_bool=True` has weak segment separation.
missed_selected_vs_success,Selected opportunities missed by D2 entry vs realized winners.,segment,eligible_for_trade,True,missed_selected,success,15,11,,,0.0,,1.0,1.0,1.0,0.0,5,weak_or_no_separation,`eligible_for_trade=True` has weak segment separation.
missed_selected_vs_success,Selected opportunities missed by D2 entry vs realized winners.,segment,selected_by_topn,True,missed_selected,success,15,11,,,0.0,,1.0,1.0,1.0,0.0,5,weak_or_no_separation,`selected_by_topn=True` has weak segment separation.
missed_selected_vs_success,Selected opportunities missed by D2 entry vs realized winners.,segment,selected_for_execution,True,missed_selected,success,15,11,,,0.0,,1.0,1.0,1.0,0.0,5,weak_or_no_separation,`selected_for_execution=True` has weak segment separation.
missed_unselected_vs_ordinary,Filtered or unselected opportunities vs ordinary baseline.,numeric,theme_score,,missed_unselected,ordinary,132,325,65.41666666666667,64.41538461538461,1.001282051282061,0.12486789609853943,,,,0.12486789609853943,5,weak_or_no_separation,`theme_score` has weak separation in this comparison.
missed_unselected_vs_ordinary,Filtered or unselected opportunities vs ordinary baseline.,numeric,active_money_score,,missed_unselected,ordinary,132,325,67.04545454545455,68.88,-1.8345454545454487,-0.10682365528878601,,,,0.10682365528878601,5,weak_or_no_separation,`active_money_score` has weak separation in this comparison.
missed_unselected_vs_ordinary,Filtered or unselected opportunities vs ordinary baseline.,segment,failure_reason,not_triggered,missed_unselected,ordinary,0,28,,,-0.08615384615384615,,0.0,0.08615384615384615,0.0,0.08615384615384615,5,weak_or_no_separation,`failure_reason=not_triggered` has weak segment separation.
missed_unselected_vs_ordinary,Filtered or unselected opportunities vs ordinary baseline.,segment,signal_type,D2_WATCH_OR_SMALL,missed_unselected,ordinary,9,33,,,-0.03335664335664336,,0.06818181818181818,0.10153846153846154,0.671487603305785,0.03335664335664336,5,weak_or_no_separation,`signal_type=D2_WATCH_OR_SMALL` has weak segment separation.
missed_unselected_vs_ordinary,Filtered or unselected opportunities vs ordinary baseline.,segment,position_level,small,missed_unselected,ordinary,9,33,,,-0.03335664335664336,,0.06818181818181818,0.10153846153846154,0.671487603305785,0.03335664335664336,5,weak_or_no_separation,`position_level=small` has weak segment separation.
missed_unselected_vs_ordinary,Filtered or unselected opportunities vs ordinary baseline.,segment,failure_reason,break_invalid,missed_unselected,ordinary,0,10,,,-0.03076923076923077,,0.0,0.03076923076923077,0.0,0.03076923076923077,5,weak_or_no_separation,`failure_reason=break_invalid` has weak segment separation.
missed_unselected_vs_ordinary,Filtered or unselected opportunities vs ordinary baseline.,segment,support_type,B,missed_unselected,ordinary,17,43,,,-0.003519813519813536,,0.12878787878787878,0.13230769230769232,0.9733967582804791,0.003519813519813536,5,weak_or_no_separation,`support_type=B` has weak segment separation.
missed_unselected_vs_ordinary,Filtered or unselected opportunities vs ordinary baseline.,segment,executed,False,missed_unselected,ordinary,132,325,,,0.0,,1.0,1.0,1.0,0.0,5,weak_or_no_separation,`executed=False` has weak segment separation.
success_vs_failed,Trade quality: executed winners vs executed losers.,numeric,active_money_score,,success,failed,11,55,75.27272727272727,77.56363636363636,-2.2909090909090963,-0.18002602605170376,,,,0.18002602605170376,5,weak_or_no_separation,`active_money_score` has weak separation in this comparison.
success_vs_failed,Trade quality: executed winners vs executed losers.,numeric,daily_rank,,success,failed,11,55,38.72727272727273,35.63636363636363,3.0909090909090935,0.1769037353157276,,,,0.1769037353157276,5,weak_or_no_separation,`daily_rank` has weak separation in this comparison.
success_vs_failed,Trade quality: executed winners vs executed losers.,numeric,total_score,,success,failed,11,55,78.73181818181818,79.26181818181817,-0.5299999999999869,-0.11404019889544215,,,,0.11404019889544215,5,weak_or_no_separation,`total_score` has weak separation in this comparison.
success_vs_failed,Trade quality: executed winners vs executed losers.,numeric,support_score,,success,failed,11,55,83.72727272727273,82.85454545454546,0.8727272727272748,0.10517956111728476,,,,0.10517956111728476,5,weak_or_no_separation,`support_score` has weak separation in this comparison.
success_vs_failed,Trade quality: executed winners vs executed losers.,numeric,graph_quality_score,,success,failed,11,55,82.54545454545455,83.16363636363636,-0.6181818181818102,-0.09070250683672493,,,,0.09070250683672493,5,weak_or_no_separation,`graph_quality_score` has weak separation in this comparison.
success_vs_failed,Trade quality: executed winners vs executed losers.,numeric,theme_score,,success,failed,11,55,67.27272727272727,67.0,0.27272727272726627,0.044323011309186026,,,,0.044323011309186026,5,weak_or_no_separation,`theme_score` has weak separation in this comparison.
success_vs_failed,Trade quality: executed winners vs executed losers.,segment,signal_type,D2_LOW_ABSORB,success,failed,11,55,,,0.0,,1.0,1.0,1.0,0.0,5,weak_or_no_separation,`signal_type=D2_LOW_ABSORB` has weak segment separation.
success_vs_failed,Trade quality: executed winners vs executed losers.,segment,position_level,normal,success,failed,11,55,,,0.0,,1.0,1.0,1.0,0.0,5,weak_or_no_separation,`position_level=normal` has weak segment separation.
success_vs_failed,Trade quality: executed winners vs executed losers.,segment,support_type,A,success,failed,11,55,,,0.0,,1.0,1.0,1.0,0.0,5,weak_or_no_separation,`support_type=A` has weak segment separation.
success_vs_failed,Trade quality: executed winners vs executed losers.,segment,allowed_bool,True,success,failed,11,55,,,0.0,,1.0,1.0,1.0,0.0,5,weak_or_no_separation,`allowed_bool=True` has weak segment separation.
success_vs_failed,Trade quality: executed winners vs executed losers.,segment,eligible_for_trade,True,success,failed,11,55,,,0.0,,1.0,1.0,1.0,0.0,5,weak_or_no_separation,`eligible_for_trade=True` has weak segment separation.
success_vs_failed,Trade quality: executed winners vs executed losers.,segment,selected_by_topn,True,success,failed,11,55,,,0.0,,1.0,1.0,1.0,0.0,5,weak_or_no_separation,`selected_by_topn=True` has weak segment separation.
success_vs_failed,Trade quality: executed winners vs executed losers.,segment,selected_for_execution,True,success,failed,11,55,,,0.0,,1.0,1.0,1.0,0.0,5,weak_or_no_separation,`selected_for_execution=True` has weak segment separation.
success_vs_failed,Trade quality: executed winners vs executed losers.,segment,executed,True,success,failed,11,55,,,0.0,,1.0,1.0,1.0,0.0,5,weak_or_no_separation,`executed=True` has weak segment separation.
success_vs_ordinary,Positive samples vs ordinary baseline.,numeric,consecutive_boards,,success,ordinary,11,325,1.0909090909090908,1.1384615384615384,-0.047552447552447585,-0.12363855396461518,,,,0.12363855396461518,5,weak_or_no_separation,`consecutive_boards` has weak separation in this comparison.
success_vs_ordinary,Positive samples vs ordinary baseline.,segment,failure_reason,not_triggered,success,ordinary,0,28,,,-0.08615384615384615,,0.0,0.08615384615384615,0.0,0.08615384615384615,5,weak_or_no_separation,`failure_reason=not_triggered` has weak segment separation.
success_vs_ordinary,Positive samples vs ordinary baseline.,numeric,days_since_d0,,success,ordinary,11,325,1.4545454545454546,1.3784615384615384,0.07608391608391618,0.07462798080328926,,,,0.07462798080328926,5,weak_or_no_separation,`days_since_d0` has weak separation in this comparison.
success_vs_ordinary,Positive samples vs ordinary baseline.,segment,failure_reason,,success,ordinary,9,287,,,-0.06489510489510486,,0.8181818181818182,0.8830769230769231,0.9265125118783656,0.06489510489510486,5,weak_or_no_separation,`failure_reason=` has weak segment separation.
success_vs_ordinary,Positive samples vs ordinary baseline.,segment,failure_reason,break_invalid,success,ordinary,0,10,,,-0.03076923076923077,,0.0,0.03076923076923077,0.0,0.03076923076923077,5,weak_or_no_separation,`failure_reason=break_invalid` has weak segment separation.
success_vs_ordinary,Positive samples vs ordinary baseline.,numeric,low_absorb_width_pct,,success,ordinary,11,325,3.6996669043856487,3.688346914283688,0.01131999010196072,0.00900269715680159,,,,0.00900269715680159,5,weak_or_no_separation,`low_absorb_width_pct` has weak separation in this comparison.
success_vs_ordinary,Positive samples vs ordinary baseline.,numeric,invalid_distance_pct,,success,ordinary,11,325,3.6996669043856487,3.688346914283688,0.01131999010196072,0.00900269715680159,,,,0.00900269715680159,5,weak_or_no_separation,`invalid_distance_pct` has weak separation in this comparison.
watch_hit_vs_watch_miss,WATCH_ONLY candidates that reached D3 target-min vs WATCH_ONLY ordinary candidates.,numeric,theme_score,,watch_hit,watch_miss,123,254,65.48780487804878,63.95669291338583,1.5311119646629479,0.1877831089542859,,,,0.1877831089542859,5,weak_or_no_separation,`theme_score` has weak separation in this comparison.
watch_hit_vs_watch_miss,WATCH_ONLY candidates that reached D3 target-min vs WATCH_ONLY ordinary candidates.,numeric,active_money_score,,watch_hit,watch_miss,123,254,66.3089430894309,66.85826771653544,-0.5493246271045393,-0.03148805212866557,,,,0.03148805212866557,5,weak_or_no_separation,`active_money_score` has weak separation in this comparison.
watch_hit_vs_watch_miss,WATCH_ONLY candidates that reached D3 target-min vs WATCH_ONLY ordinary candidates.,segment,support_type,B,watch_hit,watch_miss,10,19,,,0.006497663401830861,,0.08130081300813008,0.07480314960629922,1.0868635002139495,0.006497663401830861,5,weak_or_no_separation,`support_type=B` has weak segment separation.
watch_hit_vs_watch_miss,WATCH_ONLY candidates that reached D3 target-min vs WATCH_ONLY ordinary candidates.,segment,signal_type,WATCH_ONLY,watch_hit,watch_miss,123,254,,,0.0,,1.0,1.0,1.0,0.0,5,weak_or_no_separation,`signal_type=WATCH_ONLY` has weak segment separation.
watch_hit_vs_watch_miss,WATCH_ONLY candidates that reached D3 target-min vs WATCH_ONLY ordinary candidates.,segment,position_level,zero,watch_hit,watch_miss,123,254,,,0.0,,1.0,1.0,1.0,0.0,5,weak_or_no_separation,`position_level=zero` has weak segment separation.
watch_hit_vs_watch_miss,WATCH_ONLY candidates that reached D3 target-min vs WATCH_ONLY ordinary candidates.,segment,allowed_bool,False,watch_hit,watch_miss,123,254,,,0.0,,1.0,1.0,1.0,0.0,5,weak_or_no_separation,`allowed_bool=False` has weak segment separation.
watch_hit_vs_watch_miss,WATCH_ONLY candidates that reached D3 target-min vs WATCH_ONLY ordinary candidates.,segment,eligible_for_trade,False,watch_hit,watch_miss,123,254,,,0.0,,1.0,1.0,1.0,0.0,5,weak_or_no_separation,`eligible_for_trade=False` has weak segment separation.
watch_hit_vs_watch_miss,WATCH_ONLY candidates that reached D3 target-min vs WATCH_ONLY ordinary candidates.,segment,selected_by_topn,False,watch_hit,watch_miss,123,254,,,0.0,,1.0,1.0,1.0,0.0,5,weak_or_no_separation,`selected_by_topn=False` has weak segment separation.
watch_hit_vs_watch_miss,WATCH_ONLY candidates that reached D3 target-min vs WATCH_ONLY ordinary candidates.,segment,selected_for_execution,False,watch_hit,watch_miss,123,254,,,0.0,,1.0,1.0,1.0,0.0,5,weak_or_no_separation,`selected_for_execution=False` has weak segment separation.
watch_hit_vs_watch_miss,WATCH_ONLY candidates that reached D3 target-min vs WATCH_ONLY ordinary candidates.,segment,executed,False,watch_hit,watch_miss,123,254,,,0.0,,1.0,1.0,1.0,0.0,5,weak_or_no_separation,`executed=False` has weak segment separation.
watch_hit_vs_watch_miss,WATCH_ONLY candidates that reached D3 target-min vs WATCH_ONLY ordinary candidates.,segment,failure_reason,,watch_hit,watch_miss,123,254,,,0.0,,1.0,1.0,1.0,0.0,5,weak_or_no_separation,`failure_reason=` has weak segment separation.
missed_selected_vs_success,Selected opportunities missed by D2 entry vs realized winners.,segment,failure_reason,stop_hit,missed_selected,success,0,2,,,-0.18181818181818182,,0.0,0.18181818181818182,0.0,0.18181818181818182,9,insufficient_sample,Not enough samples to judge `failure_reason=stop_hit`.
missed_unselected_vs_ordinary,Filtered or unselected opportunities vs ordinary baseline.,numeric,daily_rank,,missed_unselected,ordinary,0,38,,26.394736842105264,,,,,,0.0,9,insufficient_sample,Not enough samples to judge `daily_rank` yet.
success_vs_ordinary,Positive samples vs ordinary baseline.,segment,failure_reason,stop_hit,success,ordinary,2,0,,,0.18181818181818182,,0.18181818181818182,0.0,,0.18181818181818182,9,insufficient_sample,Not enough samples to judge `failure_reason=stop_hit`.
watch_hit_vs_watch_miss,WATCH_ONLY candidates that reached D3 target-min vs WATCH_ONLY ordinary candidates.,numeric,daily_rank,,watch_hit,watch_miss,0,0,,,,,,,,0.0,9,insufficient_sample,Not enough samples to judge `daily_rank` yet.
