trade_date,code,name,d0_date,days_since_d0,consecutive_boards,signal_type,allowed,position_level,total_score,graph_quality_score,active_money_score,support_score,theme_score,support_type,low_absorb_min,low_absorb_max,invalid_price,key_zones_json,reasons
2026-06-05,000517,荣安地产,2026-06-05,0,1,WATCH_ONLY,False,zero,77.55,78.0,74.0,91.0,60.0,A,1.92,1.9579999999999997,1.92,"{""d1_low"": 1.92, ""d1_open"": 1.93, ""d1_close"": 2.12, ""d1_vwap"": 2.066374775397224, ""prev_close"": 1.93, ""ma5"": 1.9579999999999997, ""ma10"": 1.9129999999999998, ""d1_intraday_vwap"": 2.0814623002297874, ""d1_first_5m_low"": 1.92, ""low_absorb_min"": 1.92, ""low_absorb_max"": 1.9579999999999997, ""invalid_price"": 1.92}",graph: 近 10 日高点保持抬高; graph: 近 10 日低点没有明显下移; graph: D1 收盘位置强; active: D1 成交额温和放大; active: D1 振幅明显放大; active: 尾盘站在日内 VWAP 上方; support: D1 未跌破前一日低点; support: D1 收盘站上日 VWAP; support: D1 收盘位置较强; support: D1 分时主动修复到 VWAP 上方; theme: 所属行业/题材有联动: 房地产开 3 家; hard_filter: 今日仍涨停，等待分歧日
2026-06-05,000520,凤凰航运,2026-06-05,0,1,WATCH_ONLY,False,zero,75.3,78.0,74.0,91.0,45.0,A,4.26,4.4613161660311995,4.26,"{""d1_low"": 4.26, ""d1_open"": 4.26, ""d1_close"": 4.6, ""d1_vwap"": 4.4613161660311995, ""prev_close"": 4.18, ""ma5"": 4.042, ""ma10"": 3.8850000000000002, ""d1_intraday_vwap"": 4.494698165753111, ""d1_first_5m_low"": 4.26, ""low_absorb_min"": 4.26, ""low_absorb_max"": 4.4613161660311995, ""invalid_price"": 4.26}",graph: 近 10 日高点保持抬高; graph: 近 10 日低点没有明显下移; graph: D1 收盘位置强; active: D1 成交额温和放大; active: D1 振幅明显放大; active: 尾盘站在日内 VWAP 上方; support: D1 未跌破前一日低点; support: D1 收盘站上日 VWAP; support: D1 收盘位置较强; support: D1 分时主动修复到 VWAP 上方; theme: 涨停池中同题材联动偏弱; hard_filter: 今日仍涨停，等待分歧日
2026-06-05,000608,阳光股份,2026-06-05,0,1,WATCH_ONLY,False,zero,83.75,90.0,82.0,91.0,60.0,A,5.02,5.2,5.02,"{""d1_low"": 5.09, ""d1_open"": 5.2, ""d1_close"": 5.52, ""d1_vwap"": 5.368628751868543, ""prev_close"": 5.02, ""ma5"": 4.986, ""ma10"": 4.539, ""d1_intraday_vwap"": 5.418458726338892, ""d1_first_5m_low"": 5.09, ""low_absorb_min"": 5.02, ""low_absorb_max"": 5.2, ""invalid_price"": 5.02}",graph: 近 10 日高点保持抬高; graph: 近 10 日低点没有明显下移; graph: 均线多头排列; graph: D1 收盘位置强; active: D1 成交额温和放大; active: D1 振幅明显放大; active: 尾盘站在日内 VWAP 上方; active: 分时有急拉急杀波动; support: D1 未跌破前一日低点; support: D1 收盘站上日 VWAP; support: D1 收盘位置较强; support: D1 分时主动修复到 VWAP 上方; theme: 所属行业/题材有联动: 房地产开 3 家; hard_filter: 今日仍涨停，等待分歧日
2026-06-05,000668,荣丰控股,2026-06-05,0,1,WATCH_ONLY,False,zero,83.25,90.0,82.0,89.0,60.0,A,18.52,19.318,18.52,"{""d1_low"": 18.52, ""d1_open"": 18.59, ""d1_close"": 20.59, ""d1_vwap"": 19.800491757575756, ""prev_close"": 18.72, ""ma5"": 19.318, ""ma10"": 18.83, ""d1_intraday_vwap"": 20.18630982160451, ""d1_first_5m_low"": 18.52, ""low_absorb_min"": 18.52, ""low_absorb_max"": 19.318, ""invalid_price"": 18.52}",graph: 近 10 日高点保持抬高; graph: 近 10 日低点没有明显下移; graph: 均线多头排列; graph: D1 收盘位置强; active: D1 成交额温和放大; active: D1 振幅明显放大; active: 尾盘站在日内 VWAP 上方; active: 分时有急拉急杀波动; support: D1 跌破前低后收回; support: D1 收盘站上日 VWAP; support: D1 收盘位置较强; support: D1 分时主动修复到 VWAP 上方; theme: 所属行业/题材有联动: 房地产开 3 家; hard_filter: 今日仍涨停，等待分歧日
2026-06-05,000759,中百集团,2026-06-05,0,1,WATCH_ONLY,False,zero,65.75,60.0,54.0,89.0,60.0,A,5.02,5.18,5.02,"{""d1_low"": 5.02, ""d1_open"": 5.06, ""d1_close"": 5.7, ""d1_vwap"": 5.501825859387917, ""prev_close"": 5.18, ""ma5"": 5.694, ""ma10"": 5.696, ""d1_intraday_vwap"": 5.576603397346607, ""d1_first_5m_low"": 5.02, ""low_absorb_min"": 5.02, ""low_absorb_max"": 5.18, ""invalid_price"": 5.02}",graph: 近 10 日高点未能继续抬高; graph: 近 10 日低点没有明显下移; graph: D1 收盘位置强; active: D1 成交额放大不足; active: D1 振幅明显放大; active: 尾盘站在日内 VWAP 上方; support: D1 跌破前低后收回; support: D1 收盘站上日 VWAP; support: D1 收盘位置较强; support: D1 分时主动修复到 VWAP 上方; theme: 所属行业/题材有联动: 一般零售 2 家; hard_filter: 今日仍涨停，等待分歧日; hard_filter: 活跃资金分不足
2026-06-05,001256,炜冈科技,2026-06-05,0,1,WATCH_ONLY,False,zero,70.25,40.0,92.0,91.0,70.0,A,22.16,23.089999999999996,22.16,"{""d1_low"": 22.16, ""d1_open"": 22.43, ""d1_close"": 24.82, ""d1_vwap"": 24.036677931786606, ""prev_close"": 22.56, ""ma5"": 23.089999999999996, ""ma10"": 23.428, ""d1_intraday_vwap"": 24.0582429044365, ""d1_first_5m_low"": 22.43, ""low_absorb_min"": 22.16, ""low_absorb_max"": 23.089999999999996, ""invalid_price"": 22.16}",graph: 近 10 日高点未能继续抬高; graph: 近 10 日低点下移; graph: D1 收盘位置强; active: D1 成交额显著放大; active: D1 振幅明显放大; active: 尾盘站在日内 VWAP 上方; active: 分时有急拉急杀波动; support: D1 未跌破前一日低点; support: D1 收盘站上日 VWAP; support: D1 收盘位置较强; support: D1 分时主动修复到 VWAP 上方; theme: 所属行业/题材涨停家数较多: 专用设备 7 家; hard_filter: 今日仍涨停，等待分歧日; hard_filter: 图形趋势分不足
2026-06-05,001400,江顺科技,2026-06-05,0,1,WATCH_ONLY,False,zero,65.25,40.0,74.0,89.0,70.0,A,102.59,107.362,102.59,"{""d1_low"": 102.59, ""d1_open"": 105.13, ""d1_close"": 116.22, ""d1_vwap"": 111.07535597667102, ""prev_close"": 105.65, ""ma5"": 107.362, ""ma10"": 130.01, ""d1_intraday_vwap"": 111.36931250368846, ""d1_first_5m_low"": 103.96, ""low_absorb_min"": 102.59, ""low_absorb_max"": 107.362, ""invalid_price"": 102.59}",graph: 近 10 日高点未能继续抬高; graph: 近 10 日低点下移; graph: D1 收盘位置强; active: D1 成交额温和放大; active: D1 振幅明显放大; active: 尾盘站在日内 VWAP 上方; support: D1 跌破前低后收回; support: D1 收盘站上日 VWAP; support: D1 收盘位置较强; support: D1 分时主动修复到 VWAP 上方; theme: 所属行业/题材涨停家数较多: 专用设备 7 家; hard_filter: 今日仍涨停，等待分歧日; hard_filter: 图形趋势分不足
2026-06-05,002138,顺络电子,2026-06-05,0,1,WATCH_ONLY,False,zero,81.5,90.0,82.0,91.0,45.0,A,48.8,51.2,48.8,"{""d1_low"": 48.8, ""d1_open"": 51.2, ""d1_close"": 55.61, ""d1_vwap"": 52.850380624896914, ""prev_close"": 50.55, ""ma5"": 49.862, ""ma10"": 48.854, ""d1_intraday_vwap"": 53.06222408609596, ""d1_first_5m_low"": 48.8, ""low_absorb_min"": 48.8, ""low_absorb_max"": 51.2, ""invalid_price"": 48.8}",graph: 近 10 日高点保持抬高; graph: 近 10 日低点没有明显下移; graph: 均线多头排列; graph: D1 收盘位置强; active: D1 成交额温和放大; active: D1 振幅明显放大; active: 尾盘站在日内 VWAP 上方; active: 分时有急拉急杀波动; support: D1 未跌破前一日低点; support: D1 收盘站上日 VWAP; support: D1 收盘位置较强; support: D1 分时主动修复到 VWAP 上方; theme: 涨停池中同题材联动偏弱; hard_filter: 今日仍涨停，等待分歧日
2026-06-05,002183,怡 亚 通,2026-06-05,0,1,WATCH_ONLY,False,zero,64.0,40.0,82.0,91.0,45.0,A,6.37,6.52,6.37,"{""d1_low"": 6.4, ""d1_open"": 6.52, ""d1_close"": 7.01, ""d1_vwap"": 6.720541902866792, ""prev_close"": 6.37, ""ma5"": 6.374, ""ma10"": 6.457000000000001, ""d1_intraday_vwap"": 6.784375733040402, ""d1_first_5m_low"": 6.4, ""low_absorb_min"": 6.37, ""low_absorb_max"": 6.52, ""invalid_price"": 6.37}",graph: 近 10 日高点未能继续抬高; graph: 近 10 日低点下移; graph: D1 收盘位置强; active: D1 成交额温和放大; active: D1 振幅明显放大; active: 尾盘站在日内 VWAP 上方; active: 分时有急拉急杀波动; support: D1 未跌破前一日低点; support: D1 收盘站上日 VWAP; support: D1 收盘位置较强; support: D1 分时主动修复到 VWAP 上方; theme: 涨停池中同题材联动偏弱; hard_filter: 今日仍涨停，等待分歧日; hard_filter: 图形趋势分不足
2026-06-05,002194,武汉凡谷,2026-06-05,0,1,WATCH_ONLY,False,zero,57.75,30.0,62.0,91.0,60.0,A,11.04,11.69785568794602,11.04,"{""d1_low"": 11.18, ""d1_open"": 11.2, ""d1_close"": 12.14, ""d1_vwap"": 11.69785568794602, ""prev_close"": 11.04, ""ma5"": 11.412, ""ma10"": 11.528, ""d1_intraday_vwap"": 11.903189825060835, ""d1_first_5m_low"": 11.18, ""low_absorb_min"": 11.04, ""low_absorb_max"": 11.69785568794602, ""invalid_price"": 11.04}",graph: 近 10 日高点未能继续抬高; graph: 近 10 日低点下移; graph: D1 收盘位置强; graph: 近期上影线压力偏重; active: D1 成交额放大不足; active: D1 振幅明显放大; active: 尾盘站在日内 VWAP 上方; active: 分时有急拉急杀波动; support: D1 未跌破前一日低点; support: D1 收盘站上日 VWAP; support: D1 收盘位置较强; support: D1 分时主动修复到 VWAP 上方; theme: 所属行业/题材有联动: 通信设备 2 家; hard_filter: 今日仍涨停，等待分歧日; hard_filter: 图形趋势分不足
2026-06-05,002251,步步高,2026-06-05,0,1,WATCH_ONLY,False,zero,74.95,72.0,72.0,91.0,60.0,A,4.42,4.46,4.42,"{""d1_low"": 4.44, ""d1_open"": 4.46, ""d1_close"": 4.86, ""d1_vwap"": 4.749366379749631, ""prev_close"": 4.42, ""ma5"": 4.8, ""ma10"": 4.581, ""d1_intraday_vwap"": 4.773534451406457, ""d1_first_5m_low"": 4.44, ""low_absorb_min"": 4.42, ""low_absorb_max"": 4.46, ""invalid_price"": 4.42}",graph: 近 10 日高点未能继续抬高; graph: 近 10 日低点没有明显下移; graph: 均线多头排列; graph: D1 收盘位置强; active: D1 成交额放大不足; active: D1 振幅明显放大; active: 分时围绕 VWAP 反复争夺; active: 尾盘站在日内 VWAP 上方; active: 分时有急拉急杀波动; support: D1 未跌破前一日低点; support: D1 收盘站上日 VWAP; support: D1 收盘位置较强; support: D1 分时主动修复到 VWAP 上方; theme: 所属行业/题材有联动: 一般零售 2 家; hard_filter: 今日仍涨停，等待分歧日
2026-06-05,002254,泰和新材,2026-06-05,0,1,WATCH_ONLY,False,zero,68.25,40.0,92.0,89.0,60.0,A,13.52,14.12,13.52,"{""d1_low"": 13.52, ""d1_open"": 13.84, ""d1_close"": 15.53, ""d1_vwap"": 14.97359236608468, ""prev_close"": 14.12, ""ma5"": 14.063999999999998, ""ma10"": 14.341, ""d1_intraday_vwap"": 15.028467200082314, ""d1_first_5m_low"": 13.57, ""low_absorb_min"": 13.52, ""low_absorb_max"": 14.12, ""invalid_price"": 13.52}",graph: 近 10 日高点未能继续抬高; graph: 近 10 日低点下移; graph: D1 收盘位置强; active: D1 成交额温和放大; active: D1 振幅明显放大; active: 分时围绕 VWAP 反复争夺; active: 尾盘站在日内 VWAP 上方; active: 分时有急拉急杀波动; support: D1 跌破前低后收回; support: D1 收盘站上日 VWAP; support: D1 收盘位置较强; support: D1 分时主动修复到 VWAP 上方; theme: 所属行业/题材有联动: 化学纤维 2 家; hard_filter: 今日仍涨停，等待分歧日; hard_filter: 图形趋势分不足
2026-06-05,002354,天娱数科,2026-06-05,0,1,WATCH_ONLY,False,zero,56.0,40.0,50.0,91.0,45.0,A,6.55,6.66,6.55,"{""d1_low"": 6.55, ""d1_open"": 6.66, ""d1_close"": 6.66, ""d1_vwap"": 6.636947333765736, ""prev_close"": 6.05, ""ma5"": 6.606, ""ma10"": 6.840000000000001, ""d1_intraday_vwap"": 6.652048079703183, ""d1_first_5m_low"": 6.66, ""low_absorb_min"": 6.55, ""low_absorb_max"": 6.66, ""invalid_price"": 6.55}",graph: 近 10 日高点未能继续抬高; graph: 近 10 日低点下移; graph: D1 收盘位置强; active: D1 成交额放大不足; active: 分时围绕 VWAP 反复争夺; active: 尾盘站在日内 VWAP 上方; support: D1 未跌破前一日低点; support: D1 收盘站上日 VWAP; support: D1 收盘位置较强; support: D1 分时主动修复到 VWAP 上方; theme: 涨停池中同题材联动偏弱; hard_filter: 今日仍涨停，等待分歧日; hard_filter: 图形趋势分不足; hard_filter: 活跃资金分不足
2026-06-05,002361,神剑股份,2026-06-05,0,1,WATCH_ONLY,False,zero,60.5,30.0,82.0,91.0,45.0,A,15.15,15.521999999999997,15.15,"{""d1_low"": 15.15, ""d1_open"": 15.45, ""d1_close"": 16.81, ""d1_vwap"": 16.25332423762481, ""prev_close"": 15.28, ""ma5"": 15.521999999999997, ""ma10"": 15.969, ""d1_intraday_vwap"": 16.307551583156105, ""d1_first_5m_low"": 15.34, ""low_absorb_min"": 15.15, ""low_absorb_max"": 15.521999999999997, ""invalid_price"": 15.15}",graph: 近 10 日高点未能继续抬高; graph: 近 10 日低点下移; graph: D1 收盘位置强; graph: 近期上影线压力偏重; active: D1 成交额温和放大; active: D1 振幅明显放大; active: 尾盘站在日内 VWAP 上方; active: 分时有急拉急杀波动; support: D1 未跌破前一日低点; support: D1 收盘站上日 VWAP; support: D1 收盘位置较强; support: D1 分时主动修复到 VWAP 上方; theme: 涨停池中同题材联动偏弱; hard_filter: 今日仍涨停，等待分歧日; hard_filter: 图形趋势分不足
2026-06-05,002387,维信诺,2026-06-05,0,1,WATCH_ONLY,False,zero,75.05,58.0,92.0,91.0,60.0,A,8.41,8.52,8.41,"{""d1_low"": 8.41, ""d1_open"": 8.52, ""d1_close"": 9.26, ""d1_vwap"": 9.065222893122955, ""prev_close"": 8.42, ""ma5"": 8.418000000000001, ""ma10"": 8.463, ""d1_intraday_vwap"": 9.160703626296947, ""d1_first_5m_low"": 8.41, ""low_absorb_min"": 8.41, ""low_absorb_max"": 8.52, ""invalid_price"": 8.41}",graph: 近 10 日高点保持抬高; graph: 近 10 日低点下移; graph: D1 收盘位置强; active: D1 成交额显著放大; active: D1 振幅明显放大; active: 尾盘站在日内 VWAP 上方; active: 分时有急拉急杀波动; support: D1 未跌破前一日低点; support: D1 收盘站上日 VWAP; support: D1 收盘位置较强; support: D1 分时主动修复到 VWAP 上方; theme: 所属行业/题材有联动: 光学光电 3 家; hard_filter: 今日仍涨停，等待分歧日; hard_filter: 图形趋势分不足
2026-06-05,002421,达实智能,2026-06-05,0,1,WATCH_ONLY,False,zero,74.25,70.0,72.0,91.0,60.0,A,4.82,4.864,4.82,"{""d1_low"": 4.82, ""d1_open"": 4.86, ""d1_close"": 5.21, ""d1_vwap"": 5.124688016125802, ""prev_close"": 4.74, ""ma5"": 4.864, ""ma10"": 4.703, ""d1_intraday_vwap"": 5.137822856183332, ""d1_first_5m_low"": 4.82, ""low_absorb_min"": 4.82, ""low_absorb_max"": 4.864, ""invalid_price"": 4.82}",graph: 近 10 日高点保持抬高; graph: 近 10 日低点下移; graph: 均线多头排列; graph: D1 收盘位置强; active: D1 成交额放大不足; active: D1 振幅明显放大; active: 分时围绕 VWAP 反复争夺; active: 尾盘站在日内 VWAP 上方; active: 分时有急拉急杀波动; support: D1 未跌破前一日低点; support: D1 收盘站上日 VWAP; support: D1 收盘位置较强; support: D1 分时主动修复到 VWAP 上方; theme: 所属行业/题材有联动: IT服务Ⅱ 2 家; hard_filter: 今日仍涨停，等待分歧日
2026-06-05,002471,中超控股,2026-06-05,0,1,WATCH_ONLY,False,zero,60.75,40.0,60.0,91.0,60.0,A,7.59,7.906231466210252,7.59,"{""d1_low"": 7.59, ""d1_open"": 7.63, ""d1_close"": 7.95, ""d1_vwap"": 7.8590777851694975, ""prev_close"": 7.23, ""ma5"": 7.25, ""ma10"": 7.325, ""d1_intraday_vwap"": 7.906231466210252, ""d1_first_5m_low"": 7.59, ""low_absorb_min"": 7.59, ""low_absorb_max"": 7.906231466210252, ""invalid_price"": 7.59}",graph: 近 10 日高点未能继续抬高; graph: 近 10 日低点下移; graph: D1 收盘位置强; active: D1 成交额温和放大; active: 尾盘站在日内 VWAP 上方; support: D1 未跌破前一日低点; support: D1 收盘站上日 VWAP; support: D1 收盘位置较强; support: D1 分时主动修复到 VWAP 上方; theme: 所属行业/题材有联动: 电网设备 3 家; hard_filter: 今日仍涨停，等待分歧日; hard_filter: 图形趋势分不足
2026-06-05,002613,北玻股份,2026-06-05,0,1,WATCH_ONLY,False,zero,67.45,52.0,72.0,89.0,60.0,A,4.39,4.51,4.39,"{""d1_low"": 4.39, ""d1_open"": 4.51, ""d1_close"": 4.96, ""d1_vwap"": 4.747988164091373, ""prev_close"": 4.51, ""ma5"": 4.752000000000001, ""ma10"": 4.677, ""d1_intraday_vwap"": 4.790891566543779, ""d1_first_5m_low"": 4.5, ""low_absorb_min"": 4.39, ""low_absorb_max"": 4.51, ""invalid_price"": 4.39}",graph: 近 10 日高点未能继续抬高; graph: 近 10 日低点下移; graph: 均线多头排列; graph: D1 收盘位置强; active: D1 成交额放大不足; active: D1 振幅明显放大; active: 分时围绕 VWAP 反复争夺; active: 尾盘站在日内 VWAP 上方; active: 分时有急拉急杀波动; support: D1 跌破前低后收回; support: D1 收盘站上日 VWAP; support: D1 收盘位置较强; support: D1 分时主动修复到 VWAP 上方; theme: 所属行业/题材有联动: 玻璃玻纤 3 家; hard_filter: 今日仍涨停，等待分歧日; hard_filter: 图形趋势分不足
2026-06-05,002631,德尔未来,2026-06-05,0,1,WATCH_ONLY,False,zero,66.75,40.0,84.0,91.0,60.0,A,6.77,7.117301128384394,6.77,"{""d1_low"": 6.81, ""d1_open"": 7.05, ""d1_close"": 7.45, ""d1_vwap"": 7.117301128384394, ""prev_close"": 6.77, ""ma5"": 7.072, ""ma10"": 7.2090000000000005, ""d1_intraday_vwap"": 7.162290467018673, ""d1_first_5m_low"": 6.88, ""low_absorb_min"": 6.77, ""low_absorb_max"": 7.117301128384394, ""invalid_price"": 6.77}",graph: 近 10 日高点未能继续抬高; graph: 近 10 日低点下移; graph: D1 收盘位置强; active: D1 成交额温和放大; active: D1 振幅明显放大; active: 分时围绕 VWAP 反复争夺; active: 尾盘站在日内 VWAP 上方; support: D1 未跌破前一日低点; support: D1 收盘站上日 VWAP; support: D1 收盘位置较强; support: D1 分时主动修复到 VWAP 上方; theme: 所属行业/题材有联动: 家居用品 3 家; hard_filter: 今日仍涨停，等待分歧日; hard_filter: 图形趋势分不足
2026-06-05,002708,光洋股份,2026-06-05,0,1,WATCH_ONLY,False,zero,70.75,40.0,100.0,91.0,60.0,A,14.23,14.42,14.23,"{""d1_low"": 14.23, ""d1_open"": 14.28, ""d1_close"": 15.86, ""d1_vwap"": 15.346742474514947, ""prev_close"": 14.42, ""ma5"": 14.27, ""ma10"": 14.639, ""d1_intraday_vwap"": 15.389651888588284, ""d1_first_5m_low"": 14.28, ""low_absorb_min"": 14.23, ""low_absorb_max"": 14.42, ""invalid_price"": 14.23}",graph: 近 10 日高点未能继续抬高; graph: 近 10 日低点下移; graph: D1 收盘位置强; active: D1 成交额显著放大; active: D1 振幅明显放大; active: 分时围绕 VWAP 反复争夺; active: 尾盘站在日内 VWAP 上方; active: 分时有急拉急杀波动; support: D1 未跌破前一日低点; support: D1 收盘站上日 VWAP; support: D1 收盘位置较强; support: D1 分时主动修复到 VWAP 上方; theme: 所属行业/题材有联动: 汽车零部 3 家; hard_filter: 今日仍涨停，等待分歧日; hard_filter: 图形趋势分不足
2026-06-05,002786,银宝山新,2026-06-05,0,1,WATCH_ONLY,False,zero,62.25,40.0,62.0,89.0,70.0,A,7.68,8.03,7.68,"{""d1_low"": 7.68, ""d1_open"": 8.0, ""d1_close"": 8.83, ""d1_vwap"": 8.450495583021112, ""prev_close"": 8.03, ""ma5"": 8.284, ""ma10"": 8.635000000000002, ""d1_intraday_vwap"": 8.467572867272999, ""d1_first_5m_low"": 7.85, ""low_absorb_min"": 7.68, ""low_absorb_max"": 8.03, ""invalid_price"": 7.68}",graph: 近 10 日高点未能继续抬高; graph: 近 10 日低点下移; graph: D1 收盘位置强; active: D1 成交额放大不足; active: D1 振幅明显放大; active: 尾盘站在日内 VWAP 上方; active: 分时有急拉急杀波动; support: D1 跌破前低后收回; support: D1 收盘站上日 VWAP; support: D1 收盘位置较强; support: D1 分时主动修复到 VWAP 上方; theme: 所属行业/题材涨停家数较多: 专用设备 7 家; hard_filter: 今日仍涨停，等待分歧日; hard_filter: 图形趋势分不足
2026-06-05,002877,智能自控,2026-06-05,0,1,WATCH_ONLY,False,zero,68.25,40.0,92.0,89.0,60.0,A,7.71,7.86,7.71,"{""d1_low"": 7.71, ""d1_open"": 7.86, ""d1_close"": 8.64, ""d1_vwap"": 8.218166426090981, ""prev_close"": 7.85, ""ma5"": 8.156, ""ma10"": 8.258, ""d1_intraday_vwap"": 8.24088367905056, ""d1_first_5m_low"": 7.85, ""low_absorb_min"": 7.71, ""low_absorb_max"": 7.86, ""invalid_price"": 7.71}",graph: 近 10 日高点未能继续抬高; graph: 近 10 日低点下移; graph: D1 收盘位置强; active: D1 成交额温和放大; active: D1 振幅明显放大; active: 分时围绕 VWAP 反复争夺; active: 尾盘站在日内 VWAP 上方; active: 分时有急拉急杀波动; support: D1 跌破前低后收回; support: D1 收盘站上日 VWAP; support: D1 收盘位置较强; support: D1 分时主动修复到 VWAP 上方; theme: 所属行业/题材有联动: 通用设备 4 家; hard_filter: 今日仍涨停，等待分歧日; hard_filter: 图形趋势分不足
2026-06-05,002892,科力尔,2026-06-05,0,1,WATCH_ONLY,False,zero,58.5,40.0,62.0,89.0,45.0,A,9.42,9.89,9.42,"{""d1_low"": 9.42, ""d1_open"": 9.88, ""d1_close"": 10.88, ""d1_vwap"": 10.223456297040503, ""prev_close"": 9.89, ""ma5"": 10.379999999999999, ""ma10"": 11.030000000000001, ""d1_intraday_vwap"": 10.272892465175248, ""d1_first_5m_low"": 9.62, ""low_absorb_min"": 9.42, ""low_absorb_max"": 9.89, ""invalid_price"": 9.42}",graph: 近 10 日高点未能继续抬高; graph: 近 10 日低点下移; graph: D1 收盘位置强; active: D1 成交额放大不足; active: D1 振幅明显放大; active: 尾盘站在日内 VWAP 上方; active: 分时有急拉急杀波动; support: D1 跌破前低后收回; support: D1 收盘站上日 VWAP; support: D1 收盘位置较强; support: D1 分时主动修复到 VWAP 上方; theme: 涨停池中同题材联动偏弱; hard_filter: 今日仍涨停，等待分歧日; hard_filter: 图形趋势分不足
2026-06-05,002896,中大力德,2026-06-05,0,1,WATCH_ONLY,False,zero,65.75,40.0,82.0,89.0,60.0,A,74.41,78.0,74.41,"{""d1_low"": 74.41, ""d1_open"": 78.0, ""d1_close"": 86.77, ""d1_vwap"": 81.50468691005491, ""prev_close"": 78.88, ""ma5"": 80.104, ""ma10"": 81.59, ""d1_intraday_vwap"": 81.9160945361539, ""d1_first_5m_low"": 75.83, ""low_absorb_min"": 74.41, ""low_absorb_max"": 78.0, ""invalid_price"": 74.41}",graph: 近 10 日高点未能继续抬高; graph: 近 10 日低点下移; graph: D1 收盘位置强; active: D1 成交额温和放大; active: D1 振幅明显放大; active: 尾盘站在日内 VWAP 上方; active: 分时有急拉急杀波动; support: D1 跌破前低后收回; support: D1 收盘站上日 VWAP; support: D1 收盘位置较强; support: D1 分时主动修复到 VWAP 上方; theme: 所属行业/题材有联动: 通用设备 4 家; hard_filter: 今日仍涨停，等待分歧日; hard_filter: 图形趋势分不足
2026-06-05,002903,宇环数控,2026-06-05,0,1,WATCH_ONLY,False,zero,64.05,58.0,48.0,91.0,60.0,A,45.02,47.2388713003074,45.02,"{""d1_low"": 45.02, ""d1_open"": 45.02, ""d1_close"": 47.91, ""d1_vwap"": 46.97012442690958, ""prev_close"": 43.55, ""ma5"": 43.64, ""ma10"": 43.147000000000006, ""d1_intraday_vwap"": 47.2388713003074, ""d1_first_5m_low"": 45.02, ""low_absorb_min"": 45.02, ""low_absorb_max"": 47.2388713003074, ""invalid_price"": 45.02}",graph: 近 10 日高点保持抬高; graph: 近 10 日低点下移; graph: D1 收盘位置强; active: D1 成交额放大不足; active: D1 有一定振幅; active: 尾盘站在日内 VWAP 上方; support: D1 未跌破前一日低点; support: D1 收盘站上日 VWAP; support: D1 收盘位置较强; support: D1 分时主动修复到 VWAP 上方; theme: 所属行业/题材有联动: 通用设备 4 家; hard_filter: 今日仍涨停，等待分歧日; hard_filter: 图形趋势分不足; hard_filter: 活跃资金分不足
2026-06-05,002960,青鸟智控,2026-06-05,0,1,WATCH_ONLY,False,zero,69.75,40.0,92.0,89.0,70.0,A,7.97,8.288,7.97,"{""d1_low"": 7.97, ""d1_open"": 8.05, ""d1_close"": 8.84, ""d1_vwap"": 8.498969787464862, ""prev_close"": 8.04, ""ma5"": 8.288, ""ma10"": 8.523, ""d1_intraday_vwap"": 8.607321391690139, ""d1_first_5m_low"": 7.97, ""low_absorb_min"": 7.97, ""low_absorb_max"": 8.288, ""invalid_price"": 7.97}",graph: 近 10 日高点未能继续抬高; graph: 近 10 日低点下移; graph: D1 收盘位置强; active: D1 成交额温和放大; active: D1 振幅明显放大; active: 分时围绕 VWAP 反复争夺; active: 尾盘站在日内 VWAP 上方; active: 分时有急拉急杀波动; support: D1 跌破前低后收回; support: D1 收盘站上日 VWAP; support: D1 收盘位置较强; support: D1 分时主动修复到 VWAP 上方; theme: 所属行业/题材涨停家数较多: 专用设备 7 家; hard_filter: 今日仍涨停，等待分歧日; hard_filter: 图形趋势分不足
2026-06-05,002983,芯瑞达,2026-06-05,0,1,WATCH_ONLY,False,zero,57.75,30.0,64.0,89.0,60.0,A,21.62,22.58,21.62,"{""d1_low"": 21.62, ""d1_open"": 22.31, ""d1_close"": 24.84, ""d1_vwap"": 23.59421783931608, ""prev_close"": 22.58, ""ma5"": 23.362000000000002, ""ma10"": 24.955000000000002, ""d1_intraday_vwap"": 23.711893251049396, ""d1_first_5m_low"": 22.09, ""low_absorb_min"": 21.62, ""low_absorb_max"": 22.58, ""invalid_price"": 21.62}",graph: 近 10 日高点未能继续抬高; graph: 近 10 日低点下移; graph: D1 收盘位置强; graph: 近期上影线压力偏重; active: D1 成交额放大不足; active: D1 振幅明显放大; active: 分时围绕 VWAP 反复争夺; active: 尾盘站在日内 VWAP 上方; support: D1 跌破前低后收回; support: D1 收盘站上日 VWAP; support: D1 收盘位置较强; support: D1 分时主动修复到 VWAP 上方; theme: 所属行业/题材有联动: 光学光电 3 家; hard_filter: 今日仍涨停，等待分歧日; hard_filter: 图形趋势分不足
2026-06-05,003009,中天火箭,2026-06-05,0,1,WATCH_ONLY,False,zero,62.0,40.0,74.0,91.0,45.0,A,50.36,51.644000000000005,50.36,"{""d1_low"": 50.39, ""d1_open"": 50.79, ""d1_close"": 55.4, ""d1_vwap"": 53.08836507189837, ""prev_close"": 50.36, ""ma5"": 51.644000000000005, ""ma10"": 52.396, ""d1_intraday_vwap"": 53.15521304401909, ""d1_first_5m_low"": 50.7, ""low_absorb_min"": 50.36, ""low_absorb_max"": 51.644000000000005, ""invalid_price"": 50.36}",graph: 近 10 日高点未能继续抬高; graph: 近 10 日低点下移; graph: D1 收盘位置强; active: D1 成交额温和放大; active: D1 振幅明显放大; active: 尾盘站在日内 VWAP 上方; support: D1 未跌破前一日低点; support: D1 收盘站上日 VWAP; support: D1 收盘位置较强; support: D1 分时主动修复到 VWAP 上方; theme: 涨停池中同题材联动偏弱; hard_filter: 今日仍涨停，等待分歧日; hard_filter: 图形趋势分不足
2026-06-05,003036,泰坦股份,2026-06-05,0,1,WATCH_ONLY,False,zero,79.25,90.0,58.0,91.0,70.0,A,77.13,78.0,77.13,"{""d1_low"": 77.13, ""d1_open"": 78.0, ""d1_close"": 82.35, ""d1_vwap"": 81.08498526158525, ""prev_close"": 74.86, ""ma5"": 72.972, ""ma10"": 68.965, ""d1_intraday_vwap"": 81.64782422539929, ""d1_first_5m_low"": 77.13, ""low_absorb_min"": 77.13, ""low_absorb_max"": 78.0, ""invalid_price"": 77.13}",graph: 近 10 日高点保持抬高; graph: 近 10 日低点没有明显下移; graph: 均线多头排列; graph: D1 收盘位置强; active: D1 成交额放大不足; active: D1 有一定振幅; active: 分时围绕 VWAP 反复争夺; active: 尾盘站在日内 VWAP 上方; support: D1 未跌破前一日低点; support: D1 收盘站上日 VWAP; support: D1 收盘位置较强; support: D1 分时主动修复到 VWAP 上方; theme: 所属行业/题材涨停家数较多: 专用设备 7 家; hard_filter: 今日仍涨停，等待分歧日
2026-06-05,600063,皖维高新,2026-06-05,0,1,WATCH_ONLY,False,zero,86.25,90.0,92.0,91.0,60.0,A,7.37,7.47,7.37,"{""d1_low"": 7.37, ""d1_open"": 7.38, ""d1_close"": 8.22, ""d1_vwap"": 8.019191116008562, ""prev_close"": 7.47, ""ma5"": 7.468000000000001, ""ma10"": 7.083, ""d1_intraday_vwap"": 8.01919137706482, ""d1_first_5m_low"": 7.37, ""low_absorb_min"": 7.37, ""low_absorb_max"": 7.47, ""invalid_price"": 7.37}",graph: 近 10 日高点保持抬高; graph: 近 10 日低点没有明显下移; graph: 均线多头排列; graph: D1 收盘位置强; active: D1 成交额显著放大; active: D1 振幅明显放大; active: 尾盘站在日内 VWAP 上方; active: 分时有急拉急杀波动; support: D1 未跌破前一日低点; support: D1 收盘站上日 VWAP; support: D1 收盘位置较强; support: D1 分时主动修复到 VWAP 上方; theme: 所属行业/题材有联动: 化学纤维 2 家; hard_filter: 今日仍涨停，等待分歧日
2026-06-05,600207,安彩高科,2026-06-05,0,1,WATCH_ONLY,False,zero,58.5,40.0,62.0,89.0,45.0,A,6.23,6.54,6.23,"{""d1_low"": 6.23, ""d1_open"": 6.45, ""d1_close"": 7.19, ""d1_vwap"": 6.880901300787382, ""prev_close"": 6.54, ""ma5"": 6.934, ""ma10"": 7.193, ""d1_intraday_vwap"": 6.880898027655693, ""d1_first_5m_low"": 6.36, ""low_absorb_min"": 6.23, ""low_absorb_max"": 6.54, ""invalid_price"": 6.23}",graph: 近 10 日高点未能继续抬高; graph: 近 10 日低点下移; graph: D1 收盘位置强; active: D1 成交额放大不足; active: D1 振幅明显放大; active: 尾盘站在日内 VWAP 上方; active: 分时有急拉急杀波动; support: D1 跌破前低后收回; support: D1 收盘站上日 VWAP; support: D1 收盘位置较强; support: D1 分时主动修复到 VWAP 上方; theme: 涨停池中同题材联动偏弱; hard_filter: 今日仍涨停，等待分歧日; hard_filter: 图形趋势分不足
2026-06-05,600293,三峡新材,2026-06-05,0,1,WATCH_ONLY,False,zero,81.25,80.0,86.0,91.0,60.0,A,3.71,3.869524891291196,3.71,"{""d1_low"": 3.71, ""d1_open"": 3.71, ""d1_close"": 3.96, ""d1_vwap"": 3.869524891291196, ""prev_close"": 3.6, ""ma5"": 3.496, ""ma10"": 3.406, ""d1_intraday_vwap"": 3.869524836123315, ""d1_first_5m_low"": 3.71, ""low_absorb_min"": 3.71, ""low_absorb_max"": 3.869524891291196, ""invalid_price"": 3.71}",graph: 近 10 日高点保持抬高; graph: 近 10 日低点没有明显下移; graph: 均线多头排列; graph: D1 收盘位置强; graph: 近期上影线压力偏重; active: D1 成交额显著放大; active: D1 有一定振幅; active: 尾盘站在日内 VWAP 上方; active: 分时有急拉急杀波动; support: D1 未跌破前一日低点; support: D1 收盘站上日 VWAP; support: D1 收盘位置较强; support: D1 分时主动修复到 VWAP 上方; theme: 所属行业/题材有联动: 玻璃玻纤 3 家; hard_filter: 今日仍涨停，等待分歧日
2026-06-05,600303,曙光股份,2026-06-05,0,1,WATCH_ONLY,False,zero,61.0,40.0,72.0,89.0,45.0,A,3.07,3.15,3.07,"{""d1_low"": 3.07, ""d1_open"": 3.13, ""d1_close"": 3.47, ""d1_vwap"": 3.2927910594981764, ""prev_close"": 3.15, ""ma5"": 3.2960000000000003, ""ma10"": 3.3920000000000003, ""d1_intraday_vwap"": 3.292790232678113, ""d1_first_5m_low"": 3.13, ""low_absorb_min"": 3.07, ""low_absorb_max"": 3.15, ""invalid_price"": 3.07}",graph: 近 10 日高点未能继续抬高; graph: 近 10 日低点下移; graph: D1 收盘位置强; active: D1 成交额放大不足; active: D1 振幅明显放大; active: 分时围绕 VWAP 反复争夺; active: 尾盘站在日内 VWAP 上方; active: 分时有急拉急杀波动; support: D1 跌破前低后收回; support: D1 收盘站上日 VWAP; support: D1 收盘位置较强; support: D1 分时主动修复到 VWAP 上方; theme: 涨停池中同题材联动偏弱; hard_filter: 今日仍涨停，等待分歧日; hard_filter: 图形趋势分不足
2026-06-05,600382,广东明珠,2026-06-05,0,1,WATCH_ONLY,False,zero,73.05,58.0,84.0,91.0,60.0,A,8.8,8.93,8.8,"{""d1_low"": 8.88, ""d1_open"": 8.93, ""d1_close"": 9.68, ""d1_vwap"": 9.511734832671111, ""prev_close"": 8.8, ""ma5"": 8.638, ""ma10"": 8.586, ""d1_intraday_vwap"": 9.511730188522884, ""d1_first_5m_low"": 8.88, ""low_absorb_min"": 8.8, ""low_absorb_max"": 8.93, ""invalid_price"": 8.8}",graph: 近 10 日高点保持抬高; graph: 近 10 日低点下移; graph: D1 收盘位置强; active: D1 成交额显著放大; active: D1 振幅明显放大; active: 尾盘站在日内 VWAP 上方; support: D1 未跌破前一日低点; support: D1 收盘站上日 VWAP; support: D1 收盘位置较强; support: D1 分时主动修复到 VWAP 上方; theme: 所属行业/题材有联动: 冶钢原料 2 家; hard_filter: 今日仍涨停，等待分歧日; hard_filter: 图形趋势分不足
2026-06-05,600403,大有能源,2026-06-05,0,1,WATCH_ONLY,False,zero,85.5,90.0,100.0,89.0,45.0,A,7.35,7.4,7.35,"{""d1_low"": 7.35, ""d1_open"": 7.4, ""d1_close"": 8.14, ""d1_vwap"": 7.894443254315232, ""prev_close"": 7.4, ""ma5"": 6.790000000000001, ""ma10"": 5.929, ""d1_intraday_vwap"": 7.8944429579249915, ""d1_first_5m_low"": 7.35, ""low_absorb_min"": 7.35, ""low_absorb_max"": 7.4, ""invalid_price"": 7.35}",graph: 近 10 日高点保持抬高; graph: 近 10 日低点没有明显下移; graph: 均线多头排列; graph: D1 收盘位置强; active: D1 成交额显著放大; active: D1 振幅明显放大; active: 分时围绕 VWAP 反复争夺; active: 尾盘站在日内 VWAP 上方; active: 分时有急拉急杀波动; support: D1 跌破前低后收回; support: D1 收盘站上日 VWAP; support: D1 收盘位置较强; support: D1 分时主动修复到 VWAP 上方; theme: 涨停池中同题材联动偏弱; hard_filter: 今日仍涨停，等待分歧日
2026-06-05,600516,方大炭素,2026-06-05,0,1,WATCH_ONLY,False,zero,69.05,58.0,68.0,91.0,60.0,A,5.43,5.44,5.43,"{""d1_low"": 5.43, ""d1_open"": 5.44, ""d1_close"": 5.83, ""d1_vwap"": 5.787290914269815, ""prev_close"": 5.3, ""ma5"": 5.336, ""ma10"": 5.235, ""d1_intraday_vwap"": 5.787290557939455, ""d1_first_5m_low"": 5.43, ""low_absorb_min"": 5.43, ""low_absorb_max"": 5.44, ""invalid_price"": 5.43}",graph: 近 10 日高点保持抬高; graph: 近 10 日低点下移; graph: D1 收盘位置强; active: D1 成交额温和放大; active: D1 有一定振幅; active: 尾盘站在日内 VWAP 上方; support: D1 未跌破前一日低点; support: D1 收盘站上日 VWAP; support: D1 收盘位置较强; support: D1 分时主动修复到 VWAP 上方; theme: 所属行业/题材有联动: 冶钢原料 2 家; hard_filter: 今日仍涨停，等待分歧日; hard_filter: 图形趋势分不足
2026-06-05,600552,凯盛科技,2026-06-05,0,1,WATCH_ONLY,False,zero,83.75,90.0,82.0,91.0,60.0,A,19.436,19.94,19.436,"{""d1_low"": 19.7, ""d1_open"": 19.94, ""d1_close"": 21.71, ""d1_vwap"": 21.173514854330513, ""prev_close"": 19.74, ""ma5"": 19.436, ""ma10"": 19.29, ""d1_intraday_vwap"": 21.173521925631704, ""d1_first_5m_low"": 19.7, ""low_absorb_min"": 19.436, ""low_absorb_max"": 19.94, ""invalid_price"": 19.436}",graph: 近 10 日高点保持抬高; graph: 近 10 日低点没有明显下移; graph: 均线多头排列; graph: D1 收盘位置强; active: D1 成交额温和放大; active: D1 振幅明显放大; active: 尾盘站在日内 VWAP 上方; active: 分时有急拉急杀波动; support: D1 未跌破前一日低点; support: D1 收盘站上日 VWAP; support: D1 收盘位置较强; support: D1 分时主动修复到 VWAP 上方; theme: 所属行业/题材有联动: 光学光电 3 家; hard_filter: 今日仍涨停，等待分歧日
2026-06-05,600714,金瑞矿业,2026-06-05,0,1,WATCH_ONLY,False,zero,70.25,60.0,72.0,89.0,60.0,A,28.5,29.91,28.5,"{""d1_low"": 28.5, ""d1_open"": 29.5, ""d1_close"": 32.9, ""d1_vwap"": 31.391753651313778, ""prev_close"": 29.91, ""ma5"": 30.253999999999998, ""ma10"": 30.348000000000003, ""d1_intraday_vwap"": 31.391750784814448, ""d1_first_5m_low"": 28.89, ""low_absorb_min"": 28.5, ""low_absorb_max"": 29.91, ""invalid_price"": 28.5}",graph: 近 10 日高点未能继续抬高; graph: 近 10 日低点没有明显下移; graph: D1 收盘位置强; active: D1 成交额放大不足; active: D1 振幅明显放大; active: 分时围绕 VWAP 反复争夺; active: 尾盘站在日内 VWAP 上方; active: 分时有急拉急杀波动; support: D1 跌破前低后收回; support: D1 收盘站上日 VWAP; support: D1 收盘位置较强; support: D1 分时主动修复到 VWAP 上方; theme: 所属行业/题材有联动: 化学原料 2 家; hard_filter: 今日仍涨停，等待分歧日
2026-06-05,600776,东方通信,2026-06-05,0,1,WATCH_ONLY,False,zero,66.25,40.0,82.0,91.0,60.0,A,14.38,14.972,14.38,"{""d1_low"": 14.38, ""d1_open"": 14.53, ""d1_close"": 15.94, ""d1_vwap"": 15.628072019593603, ""prev_close"": 14.49, ""ma5"": 14.972, ""ma10"": 15.153, ""d1_intraday_vwap"": 15.628051384774993, ""d1_first_5m_low"": 14.38, ""low_absorb_min"": 14.38, ""low_absorb_max"": 14.972, ""invalid_price"": 14.38}",graph: 近 10 日高点未能继续抬高; graph: 近 10 日低点下移; graph: D1 收盘位置强; active: D1 成交额温和放大; active: D1 振幅明显放大; active: 尾盘站在日内 VWAP 上方; active: 分时有急拉急杀波动; support: D1 未跌破前一日低点; support: D1 收盘站上日 VWAP; support: D1 收盘位置较强; support: D1 分时主动修复到 VWAP 上方; theme: 所属行业/题材有联动: 通信设备 2 家; hard_filter: 今日仍涨停，等待分歧日; hard_filter: 图形趋势分不足
2026-06-05,600819,耀皮玻璃,2026-06-05,0,1,WATCH_ONLY,False,zero,68.75,40.0,92.0,91.0,60.0,A,6.38,6.632000000000001,6.38,"{""d1_low"": 6.38, ""d1_open"": 6.39, ""d1_close"": 7.04, ""d1_vwap"": 6.876489687403122, ""prev_close"": 6.4, ""ma5"": 6.632000000000001, ""ma10"": 6.811, ""d1_intraday_vwap"": 6.876483972216496, ""d1_first_5m_low"": 6.38, ""low_absorb_min"": 6.38, ""low_absorb_max"": 6.632000000000001, ""invalid_price"": 6.38}",graph: 近 10 日高点未能继续抬高; graph: 近 10 日低点下移; graph: D1 收盘位置强; active: D1 成交额温和放大; active: D1 振幅明显放大; active: 分时围绕 VWAP 反复争夺; active: 尾盘站在日内 VWAP 上方; active: 分时有急拉急杀波动; support: D1 未跌破前一日低点; support: D1 收盘站上日 VWAP; support: D1 收盘位置较强; support: D1 分时主动修复到 VWAP 上方; theme: 所属行业/题材有联动: 玻璃玻纤 3 家; hard_filter: 今日仍涨停，等待分歧日; hard_filter: 图形趋势分不足
2026-06-05,600881,亚泰集团,2026-06-05,0,1,WATCH_ONLY,False,zero,80.3,78.0,94.0,91.0,45.0,A,1.5,1.556,1.5,"{""d1_low"": 1.5, ""d1_open"": 1.5, ""d1_close"": 1.65, ""d1_vwap"": 1.5967777560139629, ""prev_close"": 1.5, ""ma5"": 1.556, ""ma10"": 1.5239999999999998, ""d1_intraday_vwap"": 1.5967774692625052, ""d1_first_5m_low"": 1.5, ""low_absorb_min"": 1.5, ""low_absorb_max"": 1.556, ""invalid_price"": 1.5}",graph: 近 10 日高点保持抬高; graph: 近 10 日低点没有明显下移; graph: D1 收盘位置强; active: D1 成交额显著放大; active: D1 振幅明显放大; active: 分时围绕 VWAP 反复争夺; active: 尾盘站在日内 VWAP 上方; support: D1 未跌破前一日低点; support: D1 收盘站上日 VWAP; support: D1 收盘位置较强; support: D1 分时主动修复到 VWAP 上方; theme: 涨停池中同题材联动偏弱; hard_filter: 今日仍涨停，等待分歧日
2026-06-05,600973,宝胜股份,2026-06-05,0,1,WATCH_ONLY,False,zero,75.05,58.0,92.0,91.0,60.0,A,6.88,7.061999999999999,6.88,"{""d1_low"": 6.88, ""d1_open"": 6.93, ""d1_close"": 7.62, ""d1_vwap"": 7.483739270348527, ""prev_close"": 6.93, ""ma5"": 7.061999999999999, ""ma10"": 7.101000000000001, ""d1_intraday_vwap"": 7.4837361415755534, ""d1_first_5m_low"": 6.88, ""low_absorb_min"": 6.88, ""low_absorb_max"": 7.061999999999999, ""invalid_price"": 6.88}",graph: 近 10 日高点保持抬高; graph: 近 10 日低点下移; graph: D1 收盘位置强; active: D1 成交额显著放大; active: D1 振幅明显放大; active: 尾盘站在日内 VWAP 上方; active: 分时有急拉急杀波动; support: D1 未跌破前一日低点; support: D1 收盘站上日 VWAP; support: D1 收盘位置较强; support: D1 分时主动修复到 VWAP 上方; theme: 所属行业/题材有联动: 电网设备 3 家; hard_filter: 今日仍涨停，等待分歧日; hard_filter: 图形趋势分不足
2026-06-05,600996,贵广网络,2026-06-05,0,1,WATCH_ONLY,False,zero,61.0,40.0,72.0,89.0,45.0,A,8.38,8.54,8.38,"{""d1_low"": 8.38, ""d1_open"": 8.54, ""d1_close"": 9.38, ""d1_vwap"": 8.993149240696452, ""prev_close"": 8.53, ""ma5"": 9.035999999999998, ""ma10"": 9.238999999999999, ""d1_intraday_vwap"": 8.993146861506718, ""d1_first_5m_low"": 8.54, ""low_absorb_min"": 8.38, ""low_absorb_max"": 8.54, ""invalid_price"": 8.38}",graph: 近 10 日高点未能继续抬高; graph: 近 10 日低点下移; graph: D1 收盘位置强; active: D1 成交额放大不足; active: D1 振幅明显放大; active: 分时围绕 VWAP 反复争夺; active: 尾盘站在日内 VWAP 上方; active: 分时有急拉急杀波动; support: D1 跌破前低后收回; support: D1 收盘站上日 VWAP; support: D1 收盘位置较强; support: D1 分时主动修复到 VWAP 上方; theme: 涨停池中同题材联动偏弱; hard_filter: 今日仍涨停，等待分歧日; hard_filter: 图形趋势分不足
2026-06-05,603020,爱普股份,2026-06-05,0,1,WATCH_ONLY,False,zero,68.75,40.0,92.0,91.0,60.0,A,9.7,10.053999999999998,9.7,"{""d1_low"": 9.7, ""d1_open"": 9.7, ""d1_close"": 10.67, ""d1_vwap"": 10.314153773423582, ""prev_close"": 9.7, ""ma5"": 10.053999999999998, ""ma10"": 10.103, ""d1_intraday_vwap"": 10.314153773423582, ""d1_first_5m_low"": 9.7, ""low_absorb_min"": 9.7, ""low_absorb_max"": 10.053999999999998, ""invalid_price"": 9.7}",graph: 近 10 日高点未能继续抬高; graph: 近 10 日低点下移; graph: D1 收盘位置强; active: D1 成交额温和放大; active: D1 振幅明显放大; active: 分时围绕 VWAP 反复争夺; active: 尾盘站在日内 VWAP 上方; active: 分时有急拉急杀波动; support: D1 未跌破前一日低点; support: D1 收盘站上日 VWAP; support: D1 收盘位置较强; support: D1 分时主动修复到 VWAP 上方; theme: 所属行业/题材有联动: 化学制品 3 家; hard_filter: 今日仍涨停，等待分歧日; hard_filter: 图形趋势分不足
2026-06-05,603048,浙江黎明,2026-06-05,0,1,WATCH_ONLY,False,zero,68.75,40.0,94.0,89.0,60.0,A,18.72,19.09,18.72,"{""d1_low"": 18.72, ""d1_open"": 19.09, ""d1_close"": 20.79, ""d1_vwap"": 19.860624127199337, ""prev_close"": 18.9, ""ma5"": 19.874, ""ma10"": 20.436999999999998, ""d1_intraday_vwap"": 19.860624127199337, ""d1_first_5m_low"": 18.85, ""low_absorb_min"": 18.72, ""low_absorb_max"": 19.09, ""invalid_price"": 18.72}",graph: 近 10 日高点未能继续抬高; graph: 近 10 日低点下移; graph: D1 收盘位置强; active: D1 成交额显著放大; active: D1 振幅明显放大; active: 分时围绕 VWAP 反复争夺; active: 尾盘站在日内 VWAP 上方; support: D1 跌破前低后收回; support: D1 收盘站上日 VWAP; support: D1 收盘位置较强; support: D1 分时主动修复到 VWAP 上方; theme: 所属行业/题材有联动: 汽车零部 3 家; hard_filter: 今日仍涨停，等待分歧日; hard_filter: 图形趋势分不足
2026-06-05,603070,万控智造,2026-06-05,0,1,WATCH_ONLY,False,zero,63.25,40.0,72.0,89.0,60.0,A,14.51,15.21,14.51,"{""d1_low"": 14.51, ""d1_open"": 15.25, ""d1_close"": 16.73, ""d1_vwap"": 15.58245157233042, ""prev_close"": 15.21, ""ma5"": 16.22, ""ma10"": 16.615000000000002, ""d1_intraday_vwap"": 15.582513054610313, ""d1_first_5m_low"": 14.85, ""low_absorb_min"": 14.51, ""low_absorb_max"": 15.21, ""invalid_price"": 14.51}",graph: 近 10 日高点未能继续抬高; graph: 近 10 日低点下移; graph: D1 收盘位置强; active: D1 成交额放大不足; active: D1 振幅明显放大; active: 分时围绕 VWAP 反复争夺; active: 尾盘站在日内 VWAP 上方; active: 分时有急拉急杀波动; support: D1 跌破前低后收回; support: D1 收盘站上日 VWAP; support: D1 收盘位置较强; support: D1 分时主动修复到 VWAP 上方; theme: 所属行业/题材有联动: 电网设备 3 家; hard_filter: 今日仍涨停，等待分歧日; hard_filter: 图形趋势分不足
2026-06-05,603078,江化微,2026-06-05,0,1,WATCH_ONLY,False,zero,84.0,90.0,92.0,91.0,45.0,A,36.0,37.78,36.0,"{""d1_low"": 36.0, ""d1_open"": 37.0, ""d1_close"": 41.56, ""d1_vwap"": 39.86232133721797, ""prev_close"": 37.78, ""ma5"": 37.034000000000006, ""ma10"": 35.342, ""d1_intraday_vwap"": 39.86233969358177, ""d1_first_5m_low"": 36.2, ""low_absorb_min"": 36.0, ""low_absorb_max"": 37.78, ""invalid_price"": 36.0}",graph: 近 10 日高点保持抬高; graph: 近 10 日低点没有明显下移; graph: 均线多头排列; graph: D1 收盘位置强; active: D1 成交额温和放大; active: D1 振幅明显放大; active: 分时围绕 VWAP 反复争夺; active: 尾盘站在日内 VWAP 上方; active: 分时有急拉急杀波动; support: D1 未跌破前一日低点; support: D1 收盘站上日 VWAP; support: D1 收盘位置较强; support: D1 分时主动修复到 VWAP 上方; theme: 涨停池中同题材联动偏弱; hard_filter: 今日仍涨停，等待分歧日
2026-06-05,603124,江南新材,2026-06-05,0,1,WATCH_ONLY,False,zero,76.5,90.0,62.0,91.0,45.0,A,148.844,154.0,148.844,"{""d1_low"": 150.22, ""d1_open"": 154.0, ""d1_close"": 168.0, ""d1_vwap"": 163.67528240502304, ""prev_close"": 152.73, ""ma5"": 148.844, ""ma10"": 142.85500000000002, ""d1_intraday_vwap"": 163.67463695258147, ""d1_first_5m_low"": 150.22, ""low_absorb_min"": 148.844, ""low_absorb_max"": 154.0, ""invalid_price"": 148.844}",graph: 近 10 日高点保持抬高; graph: 近 10 日低点没有明显下移; graph: 均线多头排列; graph: D1 收盘位置强; active: D1 成交额放大不足; active: D1 振幅明显放大; active: 尾盘站在日内 VWAP 上方; active: 分时有急拉急杀波动; support: D1 未跌破前一日低点; support: D1 收盘站上日 VWAP; support: D1 收盘位置较强; support: D1 分时主动修复到 VWAP 上方; theme: 涨停池中同题材联动偏弱; hard_filter: 今日仍涨停，等待分歧日
2026-06-05,603135,中重科技,2026-06-05,0,1,WATCH_ONLY,False,zero,78.55,58.0,100.0,91.0,70.0,A,12.58,13.117705477615907,12.58,"{""d1_low"": 12.58, ""d1_open"": 13.55, ""d1_close"": 14.03, ""d1_vwap"": 13.117705477615907, ""prev_close"": 12.75, ""ma5"": 11.836, ""ma10"": 11.262, ""d1_intraday_vwap"": 13.1177032528812, ""d1_first_5m_low"": 12.69, ""low_absorb_min"": 12.58, ""low_absorb_max"": 13.117705477615907, ""invalid_price"": 12.58}",graph: 近 10 日高点保持抬高; graph: 近 10 日低点下移; graph: D1 收盘位置强; active: D1 成交额显著放大; active: D1 振幅明显放大; active: 分时围绕 VWAP 反复争夺; active: 尾盘站在日内 VWAP 上方; active: 分时有急拉急杀波动; support: D1 未跌破前一日低点; support: D1 收盘站上日 VWAP; support: D1 收盘位置较强; support: D1 分时主动修复到 VWAP 上方; theme: 所属行业/题材涨停家数较多: 专用设备 7 家; hard_filter: 今日仍涨停，等待分歧日; hard_filter: 图形趋势分不足
2026-06-05,603159,上海亚虹,2026-06-05,0,1,WATCH_ONLY,False,zero,67.75,40.0,82.0,91.0,70.0,A,24.62,25.944,24.62,"{""d1_low"": 24.89, ""d1_open"": 25.63, ""d1_close"": 27.08, ""d1_vwap"": 26.4035611080979, ""prev_close"": 24.62, ""ma5"": 25.944, ""ma10"": 26.609, ""d1_intraday_vwap"": 26.403396560566833, ""d1_first_5m_low"": 25.5, ""low_absorb_min"": 24.62, ""low_absorb_max"": 25.944, ""invalid_price"": 24.62}",graph: 近 10 日高点未能继续抬高; graph: 近 10 日低点下移; graph: D1 收盘位置强; active: D1 成交额温和放大; active: D1 振幅明显放大; active: 尾盘站在日内 VWAP 上方; active: 分时有急拉急杀波动; support: D1 未跌破前一日低点; support: D1 收盘站上日 VWAP; support: D1 收盘位置较强; support: D1 分时主动修复到 VWAP 上方; theme: 所属行业/题材涨停家数较多: 专用设备 7 家; hard_filter: 今日仍涨停，等待分歧日; hard_filter: 图形趋势分不足
2026-06-05,603166,福达股份,2026-06-05,0,1,WATCH_ONLY,False,zero,65.75,40.0,82.0,89.0,60.0,A,11.75,12.23,11.75,"{""d1_low"": 11.75, ""d1_open"": 12.23, ""d1_close"": 13.45, ""d1_vwap"": 12.786205938070298, ""prev_close"": 12.23, ""ma5"": 12.558000000000002, ""ma10"": 12.981, ""d1_intraday_vwap"": 12.786238966139411, ""d1_first_5m_low"": 11.98, ""low_absorb_min"": 11.75, ""low_absorb_max"": 12.23, ""invalid_price"": 11.75}",graph: 近 10 日高点未能继续抬高; graph: 近 10 日低点下移; graph: D1 收盘位置强; active: D1 成交额温和放大; active: D1 振幅明显放大; active: 尾盘站在日内 VWAP 上方; active: 分时有急拉急杀波动; support: D1 跌破前低后收回; support: D1 收盘站上日 VWAP; support: D1 收盘位置较强; support: D1 分时主动修复到 VWAP 上方; theme: 所属行业/题材有联动: 汽车零部 3 家; hard_filter: 今日仍涨停，等待分歧日; hard_filter: 图形趋势分不足
2026-06-05,603270,金帝股份,2026-06-05,0,1,WATCH_ONLY,False,zero,65.75,40.0,82.0,89.0,60.0,A,25.95,27.06,25.95,"{""d1_low"": 25.95, ""d1_open"": 26.79, ""d1_close"": 29.77, ""d1_vwap"": 28.029006384616395, ""prev_close"": 27.06, ""ma5"": 28.076, ""ma10"": 28.790999999999997, ""d1_intraday_vwap"": 28.029139239880003, ""d1_first_5m_low"": 26.78, ""low_absorb_min"": 25.95, ""low_absorb_max"": 27.06, ""invalid_price"": 25.95}",graph: 近 10 日高点未能继续抬高; graph: 近 10 日低点下移; graph: D1 收盘位置强; active: D1 成交额温和放大; active: D1 振幅明显放大; active: 尾盘站在日内 VWAP 上方; active: 分时有急拉急杀波动; support: D1 跌破前低后收回; support: D1 收盘站上日 VWAP; support: D1 收盘位置较强; support: D1 分时主动修复到 VWAP 上方; theme: 所属行业/题材有联动: 通用设备 4 家; hard_filter: 今日仍涨停，等待分歧日; hard_filter: 图形趋势分不足
2026-06-05,603360,百傲化学,2026-06-05,0,1,WATCH_ONLY,False,zero,61.0,40.0,72.0,89.0,45.0,A,17.61,18.38,17.61,"{""d1_low"": 17.61, ""d1_open"": 18.2, ""d1_close"": 20.22, ""d1_vwap"": 19.07256009341605, ""prev_close"": 18.38, ""ma5"": 19.384, ""ma10"": 21.776999999999997, ""d1_intraday_vwap"": 19.072568083356142, ""d1_first_5m_low"": 17.84, ""low_absorb_min"": 17.61, ""low_absorb_max"": 18.38, ""invalid_price"": 17.61}",graph: 近 10 日高点未能继续抬高; graph: 近 10 日低点下移; graph: D1 收盘位置强; active: D1 成交额放大不足; active: D1 振幅明显放大; active: 分时围绕 VWAP 反复争夺; active: 尾盘站在日内 VWAP 上方; active: 分时有急拉急杀波动; support: D1 跌破前低后收回; support: D1 收盘站上日 VWAP; support: D1 收盘位置较强; support: D1 分时主动修复到 VWAP 上方; theme: 涨停池中同题材联动偏弱; hard_filter: 今日仍涨停，等待分歧日; hard_filter: 图形趋势分不足
2026-06-05,603500,祥和实业,2026-06-05,0,1,WATCH_ONLY,False,zero,51.0,70.0,40.0,39.0,45.0,C,12.229999671414207,12.23009739868431,12.229999671414207,"{""d1_low"": 12.23, ""d1_open"": 12.23, ""d1_close"": 12.23, ""d1_vwap"": 12.23009739868431, ""prev_close"": 11.12, ""ma5"": 10.908, ""ma10"": 10.594000000000001, ""d1_intraday_vwap"": 12.229999671414207, ""d1_first_5m_low"": 12.23, ""low_absorb_min"": 12.229999671414207, ""low_absorb_max"": 12.23009739868431, ""invalid_price"": 12.229999671414207}",graph: 近 10 日高点保持抬高; graph: 近 10 日低点没有明显下移; graph: 均线多头排列; graph: D1 收盘接近低位; active: D1 成交额放大不足; active: 尾盘站在日内 VWAP 上方; support: D1 未跌破前一日低点; support: D1 收盘低于日 VWAP; support: D1 收盘接近全天低位; support: D1 分时主动修复到 VWAP 上方; theme: 涨停池中同题材联动偏弱; hard_filter: 今日仍涨停，等待分歧日; hard_filter: 活跃资金分不足; hard_filter: 承接分过低; hard_filter: 无效承接
2026-06-05,603578,三星新材,2026-06-05,0,1,WATCH_ONLY,False,zero,61.0,40.0,72.0,89.0,45.0,A,13.4,13.83,13.4,"{""d1_low"": 13.4, ""d1_open"": 14.09, ""d1_close"": 15.51, ""d1_vwap"": 14.828604791263151, ""prev_close"": 14.1, ""ma5"": 14.663999999999998, ""ma10"": 15.259, ""d1_intraday_vwap"": 14.828683211005798, ""d1_first_5m_low"": 13.83, ""low_absorb_min"": 13.4, ""low_absorb_max"": 13.83, ""invalid_price"": 13.4}",graph: 近 10 日高点未能继续抬高; graph: 近 10 日低点下移; graph: D1 收盘位置强; active: D1 成交额放大不足; active: D1 振幅明显放大; active: 分时围绕 VWAP 反复争夺; active: 尾盘站在日内 VWAP 上方; active: 分时有急拉急杀波动; support: D1 跌破前低后收回; support: D1 收盘站上日 VWAP; support: D1 收盘位置较强; support: D1 分时主动修复到 VWAP 上方; theme: 涨停池中同题材联动偏弱; hard_filter: 今日仍涨停，等待分歧日; hard_filter: 图形趋势分不足
2026-06-05,603725,天安新材,2026-06-05,0,1,WATCH_ONLY,False,zero,67.75,60.0,62.0,89.0,60.0,A,11.12,11.67,11.12,"{""d1_low"": 11.12, ""d1_open"": 11.56, ""d1_close"": 12.84, ""d1_vwap"": 12.238428707087971, ""prev_close"": 11.67, ""ma5"": 12.080000000000002, ""ma10"": 12.129999999999999, ""d1_intraday_vwap"": 12.23843785839707, ""d1_first_5m_low"": 11.35, ""low_absorb_min"": 11.12, ""low_absorb_max"": 11.67, ""invalid_price"": 11.12}",graph: 近 10 日高点未能继续抬高; graph: 近 10 日低点没有明显下移; graph: D1 收盘位置强; active: D1 成交额放大不足; active: D1 振幅明显放大; active: 尾盘站在日内 VWAP 上方; active: 分时有急拉急杀波动; support: D1 跌破前低后收回; support: D1 收盘站上日 VWAP; support: D1 收盘位置较强; support: D1 分时主动修复到 VWAP 上方; theme: 所属行业/题材有联动: 家居用品 3 家; hard_filter: 今日仍涨停，等待分歧日
2026-06-05,603790,XD雅运股,2026-06-05,0,1,WATCH_ONLY,False,zero,59.75,30.0,72.0,89.0,60.0,A,24.0,24.87,24.0,"{""d1_low"": 24.0, ""d1_open"": 24.69, ""d1_close"": 27.21, ""d1_vwap"": 26.078764256546414, ""prev_close"": 24.87, ""ma5"": 25.48, ""ma10"": 26.880000000000003, ""d1_intraday_vwap"": 26.078764256546414, ""d1_first_5m_low"": 24.0, ""low_absorb_min"": 24.0, ""low_absorb_max"": 24.87, ""invalid_price"": 24.0}",graph: 近 10 日高点未能继续抬高; graph: 近 10 日低点下移; graph: D1 收盘位置强; graph: 近期上影线压力偏重; active: D1 成交额放大不足; active: D1 振幅明显放大; active: 分时围绕 VWAP 反复争夺; active: 尾盘站在日内 VWAP 上方; active: 分时有急拉急杀波动; support: D1 跌破前低后收回; support: D1 收盘站上日 VWAP; support: D1 收盘位置较强; support: D1 分时主动修复到 VWAP 上方; theme: 所属行业/题材有联动: 化学制品 3 家; hard_filter: 今日仍涨停，等待分歧日; hard_filter: 图形趋势分不足
2026-06-05,603823,XD百合花,2026-06-05,0,1,WATCH_ONLY,False,zero,78.75,90.0,62.0,91.0,60.0,A,26.51,27.06,26.51,"{""d1_low"": 26.51, ""d1_open"": 26.67, ""d1_close"": 29.62, ""d1_vwap"": 29.08940871625669, ""prev_close"": 27.06, ""ma5"": 28.356, ""ma10"": 27.486, ""d1_intraday_vwap"": 29.08939300538503, ""d1_first_5m_low"": 26.51, ""low_absorb_min"": 26.51, ""low_absorb_max"": 27.06, ""invalid_price"": 26.51}",graph: 近 10 日高点保持抬高; graph: 近 10 日低点没有明显下移; graph: 均线多头排列; graph: D1 收盘位置强; active: D1 成交额放大不足; active: D1 振幅明显放大; active: 尾盘站在日内 VWAP 上方; active: 分时有急拉急杀波动; support: D1 未跌破前一日低点; support: D1 收盘站上日 VWAP; support: D1 收盘位置较强; support: D1 分时主动修复到 VWAP 上方; theme: 所属行业/题材有联动: 化学制品 3 家; hard_filter: 今日仍涨停，等待分歧日
2026-06-05,603859,能科科技,2026-06-05,0,1,WATCH_ONLY,False,zero,63.25,40.0,70.0,91.0,60.0,A,44.0,45.06756338994671,44.0,"{""d1_low"": 44.0, ""d1_open"": 44.2, ""d1_close"": 45.34, ""d1_vwap"": 45.0675224826549, ""prev_close"": 41.22, ""ma5"": 43.27, ""ma10"": 44.133, ""d1_intraday_vwap"": 45.06756338994671, ""d1_first_5m_low"": 44.0, ""low_absorb_min"": 44.0, ""low_absorb_max"": 45.06756338994671, ""invalid_price"": 44.0}",graph: 近 10 日高点未能继续抬高; graph: 近 10 日低点下移; graph: D1 收盘位置强; active: D1 成交额温和放大; active: 分时围绕 VWAP 反复争夺; active: 尾盘站在日内 VWAP 上方; support: D1 未跌破前一日低点; support: D1 收盘站上日 VWAP; support: D1 收盘位置较强; support: D1 分时主动修复到 VWAP 上方; theme: 所属行业/题材有联动: IT服务Ⅱ 2 家; hard_filter: 今日仍涨停，等待分歧日; hard_filter: 图形趋势分不足
2026-06-05,603888,新华网,2026-06-05,0,1,WATCH_ONLY,False,zero,33.5,20.0,40.0,39.0,45.0,C,19.24999997506793,19.250088284865168,19.24999997506793,"{""d1_low"": 19.25, ""d1_open"": 19.25, ""d1_close"": 19.25, ""d1_vwap"": 19.250088284865168, ""prev_close"": 17.5, ""ma5"": 18.354000000000003, ""ma10"": 18.498, ""d1_intraday_vwap"": 19.24999997506793, ""d1_first_5m_low"": 19.25, ""low_absorb_min"": 19.24999997506793, ""low_absorb_max"": 19.250088284865168, ""invalid_price"": 19.24999997506793}",graph: 近 10 日高点未能继续抬高; graph: 近 10 日低点下移; graph: D1 收盘接近低位; active: D1 成交额放大不足; active: 尾盘站在日内 VWAP 上方; support: D1 未跌破前一日低点; support: D1 收盘低于日 VWAP; support: D1 收盘接近全天低位; support: D1 分时主动修复到 VWAP 上方; theme: 涨停池中同题材联动偏弱; hard_filter: 今日仍涨停，等待分歧日; hard_filter: 图形趋势分不足; hard_filter: 活跃资金分不足; hard_filter: 承接分过低; hard_filter: 无效承接
2026-06-05,603938,三孚股份,2026-06-05,0,1,WATCH_ONLY,False,zero,78.75,70.0,92.0,89.0,60.0,A,46.62,48.02,46.62,"{""d1_low"": 46.8, ""d1_open"": 46.8, ""d1_close"": 52.82, ""d1_vwap"": 51.67203073757387, ""prev_close"": 48.02, ""ma5"": 46.62, ""ma10"": 45.556, ""d1_intraday_vwap"": 51.67197948434418, ""d1_first_5m_low"": 46.8, ""low_absorb_min"": 46.62, ""low_absorb_max"": 48.02, ""invalid_price"": 46.62}",graph: 近 10 日高点保持抬高; graph: 近 10 日低点下移; graph: 均线多头排列; graph: D1 收盘位置强; active: D1 成交额温和放大; active: D1 振幅明显放大; active: 分时围绕 VWAP 反复争夺; active: 尾盘站在日内 VWAP 上方; active: 分时有急拉急杀波动; support: D1 跌破前低后收回; support: D1 收盘站上日 VWAP; support: D1 收盘位置较强; support: D1 分时主动修复到 VWAP 上方; theme: 所属行业/题材有联动: 化学原料 2 家; hard_filter: 今日仍涨停，等待分歧日
2026-06-05,603992,松霖科技,2026-06-05,0,1,WATCH_ONLY,False,zero,82.05,78.0,92.0,91.0,60.0,A,29.7,30.27,29.7,"{""d1_low"": 29.7, ""d1_open"": 30.27, ""d1_close"": 32.78, ""d1_vwap"": 31.74334570549985, ""prev_close"": 29.8, ""ma5"": 30.089999999999996, ""ma10"": 29.829999999999995, ""d1_intraday_vwap"": 31.743204139513413, ""d1_first_5m_low"": 29.7, ""low_absorb_min"": 29.7, ""low_absorb_max"": 30.27, ""invalid_price"": 29.7}",graph: 近 10 日高点保持抬高; graph: 近 10 日低点没有明显下移; graph: D1 收盘位置强; active: D1 成交额温和放大; active: D1 振幅明显放大; active: 分时围绕 VWAP 反复争夺; active: 尾盘站在日内 VWAP 上方; active: 分时有急拉急杀波动; support: D1 未跌破前一日低点; support: D1 收盘站上日 VWAP; support: D1 收盘位置较强; support: D1 分时主动修复到 VWAP 上方; theme: 所属行业/题材有联动: 家居用品 3 家; hard_filter: 今日仍涨停，等待分歧日
