code,status,daily_cache_exists,minute_cache_exists,validation_end_date,daily_rows,daily_required_days,minute_rows,minute_required_days,daily_start,daily_end,minute_start,minute_end,daily_future_rows_ignored,minute_future_rows_ignored,daily_missing_required_columns,daily_trade_days,daily_duplicate_date_count,daily_missing_ohlc_count,daily_invalid_high_low_count,daily_non_positive_price_count,daily_sorted,minute_missing_required_columns,minute_trade_days,minute_duplicate_datetime_count,minute_missing_ohlc_count,minute_missing_volume_count,minute_missing_amount_count,minute_zero_volume_count,minute_invalid_high_low_count,minute_non_positive_price_count,minute_sorted,minute_min_bars_per_day,minute_max_bars_per_day,ma_recalc_max_abs_diff,ma_recalc_check_ok,missing_latest_ma,daily_minute_close_matched_days,daily_minute_close_max_abs_diff,daily_minute_close_check_ok,reference_daily_compared,reference_5m_compared,warnings,failures,reference_daily_matched_dates,reference_daily_max_close_diff,reference_daily_max_open_diff,reference_daily_max_high_diff,reference_daily_max_low_diff,reference_daily_volume_ratio_median,reference_5m_matched_bars,reference_5m_max_close_diff,reference_5m_max_open_diff,reference_5m_max_high_diff,reference_5m_max_low_diff
000012,accepted,True,True,2026-06-25,286,180,1970,40,2025-04-21 00:00:00,2026-06-25 00:00:00,2026-04-23 14:55:00,2026-06-25 15:00:00,0,0,,286,0,0,0,0,True,,42,0,0,0,0,0,0,0,True,2,48,0.0,True,,40,0.0,True,False,False,dataaccept daily reference missing for 000012; dataaccept 5m reference missing for 000012,,,,,,,,,,,,
000048,accepted,True,True,2026-06-25,286,180,1970,40,2025-04-21 00:00:00,2026-06-25 00:00:00,2026-04-23 14:55:00,2026-06-25 15:00:00,0,0,,286,0,0,0,0,True,,42,0,0,0,0,0,0,0,True,2,48,0.0,True,,40,0.0,True,False,False,dataaccept daily reference missing for 000048; dataaccept 5m reference missing for 000048,,,,,,,,,,,,
000060,accepted,True,True,2026-06-25,286,180,1970,40,2025-04-21 00:00:00,2026-06-25 00:00:00,2026-04-23 14:55:00,2026-06-25 15:00:00,0,0,,286,0,0,0,0,True,,42,0,0,0,0,0,0,0,True,2,48,0.0,True,,40,0.0,True,False,False,dataaccept daily reference missing for 000060; dataaccept 5m reference missing for 000060,,,,,,,,,,,,
000070,accepted,True,True,2026-06-25,285,180,1970,40,2025-04-21 00:00:00,2026-06-25 00:00:00,2026-04-23 14:55:00,2026-06-25 15:00:00,0,0,,285,0,0,0,0,True,,42,0,0,0,0,0,0,0,True,2,48,0.0,True,,40,0.0,True,False,False,dataaccept daily reference missing for 000070; dataaccept 5m reference missing for 000070,,,,,,,,,,,,
000510,accepted,True,True,2026-06-25,286,180,1970,40,2025-04-21 00:00:00,2026-06-25 00:00:00,2026-04-23 14:55:00,2026-06-25 15:00:00,0,0,,286,0,0,0,0,True,,42,0,0,0,0,0,0,0,True,2,48,0.0,True,,40,0.0,True,False,False,dataaccept daily reference missing for 000510; dataaccept 5m reference missing for 000510,,,,,,,,,,,,
000519,accepted,True,True,2026-06-25,286,180,1970,40,2025-04-21 00:00:00,2026-06-25 00:00:00,2026-04-23 14:55:00,2026-06-25 15:00:00,0,0,,286,0,0,0,0,True,,42,0,0,0,0,0,0,0,True,2,48,0.0,True,,40,0.0,True,False,False,dataaccept daily reference missing for 000519; dataaccept 5m reference missing for 000519,,,,,,,,,,,,
000545,accepted,True,True,2026-06-25,276,180,1970,40,2025-04-21 00:00:00,2026-06-25 00:00:00,2026-04-23 14:55:00,2026-06-25 15:00:00,0,0,,276,0,0,0,0,True,,42,0,0,0,0,0,0,0,True,2,48,0.0,True,,40,0.0,True,False,False,dataaccept daily reference missing for 000545; dataaccept 5m reference missing for 000545,,,,,,,,,,,,
000571,accepted,True,True,2026-06-25,286,180,1970,40,2025-04-21 00:00:00,2026-06-25 00:00:00,2026-04-23 14:55:00,2026-06-25 15:00:00,0,0,,286,0,0,0,0,True,,42,0,0,0,0,0,0,0,True,2,48,0.0,True,,40,0.0,True,False,False,dataaccept daily reference missing for 000571; dataaccept 5m reference missing for 000571,,,,,,,,,,,,
000612,accepted,True,True,2026-06-25,286,180,1970,40,2025-04-21 00:00:00,2026-06-25 00:00:00,2026-04-23 14:55:00,2026-06-25 15:00:00,0,0,,286,0,0,0,0,True,,42,0,0,0,0,0,0,0,True,2,48,0.0,True,,40,0.0,True,False,False,dataaccept daily reference missing for 000612; dataaccept 5m reference missing for 000612,,,,,,,,,,,,
000657,accepted,True,True,2026-06-25,286,180,1970,40,2025-04-21 00:00:00,2026-06-25 00:00:00,2026-04-23 14:55:00,2026-06-25 15:00:00,0,0,,286,0,0,0,0,True,,42,0,0,0,0,0,0,0,True,2,48,0.0,True,,40,0.0,True,False,False,dataaccept daily reference missing for 000657; dataaccept 5m reference missing for 000657,,,,,,,,,,,,
000682,accepted,True,True,2026-06-25,286,180,1970,40,2025-04-21 00:00:00,2026-06-25 00:00:00,2026-04-23 14:55:00,2026-06-25 15:00:00,0,0,,286,0,0,0,0,True,,42,0,0,0,0,0,0,0,True,2,48,0.0,True,,40,0.0,True,False,False,dataaccept daily reference missing for 000682; dataaccept 5m reference missing for 000682,,,,,,,,,,,,
000751,accepted,True,True,2026-06-25,286,180,1970,40,2025-04-21 00:00:00,2026-06-25 00:00:00,2026-04-23 14:55:00,2026-06-25 15:00:00,0,0,,286,0,0,0,0,True,,42,0,0,0,0,0,0,0,True,2,48,0.0,True,,40,0.0,True,False,False,dataaccept daily reference missing for 000751; dataaccept 5m reference missing for 000751,,,,,,,,,,,,
000776,accepted,True,True,2026-06-25,286,180,1970,40,2025-04-21 00:00:00,2026-06-25 00:00:00,2026-04-23 14:55:00,2026-06-25 15:00:00,0,0,,286,0,0,0,0,True,,42,0,0,0,0,0,0,0,True,2,48,0.0,True,,40,0.0,True,False,False,dataaccept daily reference missing for 000776; dataaccept 5m reference missing for 000776,,,,,,,,,,,,
000783,accepted,True,True,2026-06-25,286,180,1970,40,2025-04-21 00:00:00,2026-06-25 00:00:00,2026-04-23 14:55:00,2026-06-25 15:00:00,0,0,,286,0,0,0,0,True,,42,0,0,0,0,0,0,0,True,2,48,0.0,True,,40,0.0,True,False,False,dataaccept daily reference missing for 000783; dataaccept 5m reference missing for 000783,,,,,,,,,,,,
000811,accepted,True,True,2026-06-25,286,180,1970,40,2025-04-21 00:00:00,2026-06-25 00:00:00,2026-04-23 14:55:00,2026-06-25 15:00:00,0,0,,286,0,0,0,0,True,,42,0,0,0,0,0,0,0,True,2,48,0.0,True,,40,0.0,True,False,False,dataaccept daily reference missing for 000811; dataaccept 5m reference missing for 000811,,,,,,,,,,,,
000823,accepted,True,True,2026-06-25,286,180,1970,40,2025-04-21 00:00:00,2026-06-25 00:00:00,2026-04-23 14:55:00,2026-06-25 15:00:00,0,0,,286,0,0,0,0,True,,42,0,0,0,0,0,0,0,True,2,48,0.0,True,,40,0.0,True,False,False,dataaccept daily reference missing for 000823; dataaccept 5m reference missing for 000823,,,,,,,,,,,,
000833,accepted,True,True,2026-06-25,286,180,1970,40,2025-04-21 00:00:00,2026-06-25 00:00:00,2026-04-23 14:55:00,2026-06-25 15:00:00,0,0,,286,0,0,0,0,True,,42,0,0,0,0,0,0,0,True,2,48,0.0,True,,40,0.0,True,False,False,dataaccept daily reference missing for 000833; dataaccept 5m reference missing for 000833,,,,,,,,,,,,
000960,accepted,True,True,2026-06-25,286,180,1970,40,2025-04-21 00:00:00,2026-06-25 00:00:00,2026-04-23 14:55:00,2026-06-25 15:00:00,0,0,,286,0,0,0,0,True,,42,0,0,0,0,0,0,0,True,2,48,0.0,True,,40,0.0,True,False,False,dataaccept daily reference missing for 000960; dataaccept 5m reference missing for 000960,,,,,,,,,,,,
000962,accepted,True,True,2026-06-25,286,180,1970,40,2025-04-21 00:00:00,2026-06-25 00:00:00,2026-04-23 14:55:00,2026-06-25 15:00:00,0,0,,286,0,0,0,0,True,,42,0,0,0,0,0,0,0,True,2,48,0.0,True,,40,0.0,True,False,False,dataaccept daily reference missing for 000962; dataaccept 5m reference missing for 000962,,,,,,,,,,,,
000987,accepted,True,True,2026-06-25,286,180,1970,40,2025-04-21 00:00:00,2026-06-25 00:00:00,2026-04-23 14:55:00,2026-06-25 15:00:00,0,0,,286,0,0,0,0,True,,42,0,0,0,0,0,0,0,True,2,48,0.0,True,,40,0.0,True,False,False,dataaccept daily reference missing for 000987; dataaccept 5m reference missing for 000987,,,,,,,,,,,,
001296,failed,True,True,2026-06-25,286,180,1922,40,2025-04-21 00:00:00,2026-06-25 00:00:00,2026-04-24 14:55:00,2026-06-25 15:00:00,0,0,,286,0,0,0,0,True,,41,0,0,0,0,0,0,0,True,2,48,0.0,True,,40,0.05000000000000071,False,False,False,dataaccept daily reference missing for 001296; dataaccept 5m reference missing for 001296,daily/5m close mismatch max_diff=0.05000000000000071,,,,,,,,,,,
001359,accepted,True,True,2026-06-25,286,180,1970,40,2025-04-21 00:00:00,2026-06-25 00:00:00,2026-04-23 14:55:00,2026-06-25 15:00:00,0,0,,286,0,0,0,0,True,,42,0,0,0,0,0,0,0,True,2,48,0.0,True,,40,0.0,True,False,False,dataaccept daily reference missing for 001359; dataaccept 5m reference missing for 001359,,,,,,,,,,,,
002057,accepted,True,True,2026-06-25,286,180,1970,40,2025-04-21 00:00:00,2026-06-25 00:00:00,2026-04-23 14:55:00,2026-06-25 15:00:00,0,0,,286,0,0,0,0,True,,42,0,0,0,0,0,0,0,True,2,48,0.0,True,,40,0.0,True,False,False,dataaccept daily reference missing for 002057; dataaccept 5m reference missing for 002057,,,,,,,,,,,,
002068,accepted,True,True,2026-06-25,286,180,1970,40,2025-04-21 00:00:00,2026-06-25 00:00:00,2026-04-23 14:55:00,2026-06-25 15:00:00,0,0,,286,0,0,0,0,True,,42,0,0,0,0,0,0,0,True,2,48,0.0,True,,40,0.0,True,False,False,dataaccept daily reference missing for 002068; dataaccept 5m reference missing for 002068,,,,,,,,,,,,
002114,accepted,True,True,2026-06-25,282,180,1970,40,2025-04-21 00:00:00,2026-06-25 00:00:00,2026-04-23 14:55:00,2026-06-25 15:00:00,0,0,,282,0,0,0,0,True,,42,0,0,0,0,0,0,0,True,2,48,0.0,True,,40,0.0,True,False,False,dataaccept daily reference missing for 002114; dataaccept 5m reference missing for 002114,,,,,,,,,,,,
002167,accepted,True,True,2026-06-25,286,180,1970,40,2025-04-21 00:00:00,2026-06-25 00:00:00,2026-04-23 14:55:00,2026-06-25 15:00:00,0,0,,286,0,0,0,0,True,,42,0,0,0,0,0,0,0,True,2,48,0.0,True,,40,0.0,True,False,False,dataaccept daily reference missing for 002167; dataaccept 5m reference missing for 002167,,,,,,,,,,,,
002258,failed,True,True,2026-06-25,286,180,1922,40,2025-04-21 00:00:00,2026-06-25 00:00:00,2026-04-24 14:55:00,2026-06-25 15:00:00,0,0,,286,0,0,0,0,True,,41,0,0,0,0,0,0,0,True,2,48,0.0,True,,40,0.02999999999999936,False,False,False,dataaccept daily reference missing for 002258; dataaccept 5m reference missing for 002258,daily/5m close mismatch max_diff=0.02999999999999936,,,,,,,,,,,
002297,accepted,True,True,2026-06-25,286,180,1970,40,2025-04-21 00:00:00,2026-06-25 00:00:00,2026-04-23 14:55:00,2026-06-25 15:00:00,0,0,,286,0,0,0,0,True,,42,0,0,0,0,0,0,0,True,2,48,0.0,True,,40,0.0,True,False,False,dataaccept daily reference missing for 002297; dataaccept 5m reference missing for 002297,,,,,,,,,,,,
002312,accepted,True,True,2026-06-25,286,180,1970,40,2025-04-21 00:00:00,2026-06-25 00:00:00,2026-04-23 14:55:00,2026-06-25 15:00:00,0,0,,286,0,0,0,0,True,,42,0,0,0,0,0,0,0,True,2,48,0.0,True,,40,0.0,True,False,False,dataaccept daily reference missing for 002312; dataaccept 5m reference missing for 002312,,,,,,,,,,,,
002346,accepted,True,True,2026-06-25,286,180,1970,40,2025-04-21 00:00:00,2026-06-25 00:00:00,2026-04-23 14:55:00,2026-06-25 15:00:00,0,0,,286,0,0,0,0,True,,42,0,0,0,0,0,0,0,True,2,48,0.0,True,,40,0.0,True,False,False,dataaccept daily reference missing for 002346; dataaccept 5m reference missing for 002346,,,,,,,,,,,,
002354,accepted,True,True,2026-06-25,286,180,1970,40,2025-04-21 00:00:00,2026-06-25 00:00:00,2026-04-23 14:55:00,2026-06-25 15:00:00,0,0,,286,0,0,0,0,True,,42,0,0,0,0,0,0,0,True,2,48,0.0,True,,40,0.0,True,False,False,dataaccept daily reference missing for 002354; dataaccept 5m reference missing for 002354,,,,,,,,,,,,
002367,accepted,True,True,2026-06-25,286,180,1970,40,2025-04-21 00:00:00,2026-06-25 00:00:00,2026-04-23 14:55:00,2026-06-25 15:00:00,0,0,,286,0,0,0,0,True,,42,0,0,0,0,0,0,0,True,2,48,0.0,True,,40,0.0,True,False,False,dataaccept daily reference missing for 002367; dataaccept 5m reference missing for 002367,,,,,,,,,,,,
002386,accepted,True,True,2026-06-25,286,180,1970,40,2025-04-21 00:00:00,2026-06-25 00:00:00,2026-04-23 14:55:00,2026-06-25 15:00:00,0,0,,286,0,0,0,0,True,,42,0,0,0,0,0,0,0,True,2,48,0.0,True,,40,0.0,True,False,False,dataaccept daily reference missing for 002386; dataaccept 5m reference missing for 002386,,,,,,,,,,,,
002407,accepted,True,True,2026-06-25,286,180,1970,40,2025-04-21 00:00:00,2026-06-25 00:00:00,2026-04-23 14:55:00,2026-06-25 15:00:00,0,0,,286,0,0,0,0,True,,42,0,0,0,0,0,0,0,True,2,48,0.0,True,,40,0.0,True,False,False,dataaccept daily reference missing for 002407; dataaccept 5m reference missing for 002407,,,,,,,,,,,,
002409,accepted,True,True,2026-06-25,286,180,1970,40,2025-04-21 00:00:00,2026-06-25 00:00:00,2026-04-23 14:55:00,2026-06-25 15:00:00,0,0,,286,0,0,0,0,True,,42,0,0,0,0,0,0,0,True,2,48,0.0,True,,40,0.0,True,False,False,dataaccept daily reference missing for 002409; dataaccept 5m reference missing for 002409,,,,,,,,,,,,
002418,accepted,True,True,2026-06-25,286,180,1970,40,2025-04-21 00:00:00,2026-06-25 00:00:00,2026-04-23 14:55:00,2026-06-25 15:00:00,0,0,,286,0,0,0,0,True,,42,0,0,0,0,0,0,0,True,2,48,0.0,True,,40,0.0,True,False,False,dataaccept daily reference missing for 002418; dataaccept 5m reference missing for 002418,,,,,,,,,,,,
002421,accepted,True,True,2026-06-25,286,180,1970,40,2025-04-21 00:00:00,2026-06-25 00:00:00,2026-04-23 14:55:00,2026-06-25 15:00:00,0,0,,286,0,0,0,0,True,,42,0,0,0,0,0,0,0,True,2,48,0.0,True,,40,0.0,True,False,False,dataaccept daily reference missing for 002421; dataaccept 5m reference missing for 002421,,,,,,,,,,,,
002428,accepted,True,True,2026-06-25,286,180,1970,40,2025-04-21 00:00:00,2026-06-25 00:00:00,2026-04-23 14:55:00,2026-06-25 15:00:00,0,0,,286,0,0,0,0,True,,42,0,0,0,0,0,0,0,True,2,48,0.0,True,,40,0.0,True,False,False,dataaccept daily reference missing for 002428; dataaccept 5m reference missing for 002428,,,,,,,,,,,,
002440,accepted,True,True,2026-06-25,286,180,1970,40,2025-04-21 00:00:00,2026-06-25 00:00:00,2026-04-23 14:55:00,2026-06-25 15:00:00,0,0,,286,0,0,0,0,True,,42,0,0,0,0,0,0,0,True,2,48,0.0,True,,40,0.0,True,False,False,dataaccept daily reference missing for 002440; dataaccept 5m reference missing for 002440,,,,,,,,,,,,
002539,accepted,True,True,2026-06-25,286,180,1970,40,2025-04-21 00:00:00,2026-06-25 00:00:00,2026-04-23 14:55:00,2026-06-25 15:00:00,0,0,,286,0,0,0,0,True,,42,0,0,0,0,0,0,0,True,2,48,0.0,True,,40,0.0,True,False,False,dataaccept daily reference missing for 002539; dataaccept 5m reference missing for 002539,,,,,,,,,,,,
002546,accepted,True,True,2026-06-25,286,180,1970,40,2025-04-21 00:00:00,2026-06-25 00:00:00,2026-04-23 14:55:00,2026-06-25 15:00:00,0,0,,286,0,0,0,0,True,,42,0,0,0,0,0,0,0,True,2,48,0.0,True,,40,0.0,True,False,False,dataaccept daily reference missing for 002546; dataaccept 5m reference missing for 002546,,,,,,,,,,,,
002601,accepted,True,True,2026-06-25,286,180,1970,40,2025-04-21 00:00:00,2026-06-25 00:00:00,2026-04-23 14:55:00,2026-06-25 15:00:00,0,0,,286,0,0,0,0,True,,42,0,0,0,0,0,0,0,True,2,48,0.0,True,,40,0.0,True,False,False,dataaccept daily reference missing for 002601; dataaccept 5m reference missing for 002601,,,,,,,,,,,,
002655,accepted,True,True,2026-06-25,286,180,1970,40,2025-04-21 00:00:00,2026-06-25 00:00:00,2026-04-23 14:55:00,2026-06-25 15:00:00,0,0,,286,0,0,0,0,True,,42,0,0,0,0,0,0,0,True,2,48,0.0,True,,40,0.0,True,False,False,dataaccept daily reference missing for 002655; dataaccept 5m reference missing for 002655,,,,,,,,,,,,
002657,accepted,True,True,2026-06-25,286,180,1970,40,2025-04-21 00:00:00,2026-06-25 00:00:00,2026-04-23 14:55:00,2026-06-25 15:00:00,0,0,,286,0,0,0,0,True,,42,0,0,0,0,0,0,0,True,2,48,0.0,True,,40,0.0,True,False,False,dataaccept daily reference missing for 002657; dataaccept 5m reference missing for 002657,,,,,,,,,,,,
002672,accepted,True,True,2026-06-25,286,180,1970,40,2025-04-21 00:00:00,2026-06-25 00:00:00,2026-04-23 14:55:00,2026-06-25 15:00:00,0,0,,286,0,0,0,0,True,,42,0,0,0,0,0,0,0,True,2,48,0.0,True,,40,0.0,True,False,False,dataaccept daily reference missing for 002672; dataaccept 5m reference missing for 002672,,,,,,,,,,,,
002674,accepted,True,True,2026-06-25,286,180,1970,40,2025-04-21 00:00:00,2026-06-25 00:00:00,2026-04-23 14:45:00,2026-06-25 15:00:00,0,0,,286,0,0,0,0,True,,42,0,0,0,0,0,0,0,True,4,48,0.0,True,,40,0.0,True,False,False,dataaccept daily reference missing for 002674; dataaccept 5m reference missing for 002674,,,,,,,,,,,,
002805,accepted,True,True,2026-06-25,286,180,1970,40,2025-04-21 00:00:00,2026-06-25 00:00:00,2026-04-23 14:55:00,2026-06-25 15:00:00,0,0,,286,0,0,0,0,True,,42,0,0,0,0,0,0,0,True,2,48,0.0,True,,40,0.0,True,False,False,dataaccept daily reference missing for 002805; dataaccept 5m reference missing for 002805,,,,,,,,,,,,
002830,accepted,True,True,2026-06-25,286,180,1970,40,2025-04-21 00:00:00,2026-06-25 00:00:00,2026-04-23 14:45:00,2026-06-25 15:00:00,0,0,,286,0,0,0,0,True,,42,0,0,0,0,0,0,0,True,4,48,0.0,True,,40,0.0,True,False,False,dataaccept daily reference missing for 002830; dataaccept 5m reference missing for 002830,,,,,,,,,,,,
002842,accepted,True,True,2026-06-25,286,180,1970,40,2025-04-21 00:00:00,2026-06-25 00:00:00,2026-04-23 14:55:00,2026-06-25 15:00:00,0,0,,286,0,0,0,0,True,,42,0,0,0,0,0,0,0,True,2,48,0.0,True,,40,0.0,True,False,False,dataaccept daily reference missing for 002842; dataaccept 5m reference missing for 002842,,,,,,,,,,,,
002885,accepted,True,True,2026-06-25,286,180,1970,40,2025-04-21 00:00:00,2026-06-25 00:00:00,2026-04-23 14:55:00,2026-06-25 15:00:00,0,0,,286,0,0,0,0,True,,42,0,0,0,0,0,0,0,True,2,48,0.0,True,,40,0.0,True,False,False,dataaccept daily reference missing for 002885; dataaccept 5m reference missing for 002885,,,,,,,,,,,,
002910,accepted,True,True,2026-06-25,286,180,1970,40,2025-04-21 00:00:00,2026-06-25 00:00:00,2026-04-23 14:55:00,2026-06-25 15:00:00,0,0,,286,0,0,0,0,True,,42,0,0,0,0,0,0,0,True,2,48,0.0,True,,40,0.0,True,False,False,dataaccept daily reference missing for 002910; dataaccept 5m reference missing for 002910,,,,,,,,,,,,
002963,accepted,True,True,2026-06-25,286,180,1970,40,2025-04-21 00:00:00,2026-06-25 00:00:00,2026-04-23 14:55:00,2026-06-25 15:00:00,0,0,,286,0,0,0,0,True,,42,0,0,0,0,0,0,0,True,2,48,0.0,True,,40,0.0,True,False,False,dataaccept daily reference missing for 002963; dataaccept 5m reference missing for 002963,,,,,,,,,,,,
002975,accepted,True,True,2026-06-25,286,180,1970,40,2025-04-21 00:00:00,2026-06-25 00:00:00,2026-04-23 14:55:00,2026-06-25 15:00:00,0,0,,286,0,0,0,0,True,,42,0,0,0,0,0,0,0,True,2,48,0.0,True,,40,0.0,True,False,False,dataaccept daily reference missing for 002975; dataaccept 5m reference missing for 002975,,,,,,,,,,,,
003031,accepted,True,True,2026-06-25,286,180,1970,40,2025-04-21 00:00:00,2026-06-25 00:00:00,2026-04-23 14:55:00,2026-06-25 15:00:00,0,0,,286,0,0,0,0,True,,42,0,0,0,0,0,0,0,True,2,48,0.0,True,,40,0.0,True,False,False,dataaccept daily reference missing for 003031; dataaccept 5m reference missing for 003031,,,,,,,,,,,,
600058,accepted,True,True,2026-06-25,276,180,1970,40,2025-04-21 00:00:00,2026-06-25 00:00:00,2026-04-23 14:55:00,2026-06-25 15:00:00,0,0,,276,0,0,0,0,True,,42,0,0,0,0,0,0,0,True,2,48,0.0,True,,40,0.0,True,False,False,dataaccept daily reference missing for 600058; dataaccept 5m reference missing for 600058,,,,,,,,,,,,
600078,accepted,True,True,2026-06-25,286,180,1970,40,2025-04-21 00:00:00,2026-06-25 00:00:00,2026-04-23 14:55:00,2026-06-25 15:00:00,0,0,,286,0,0,0,0,True,,42,0,0,0,0,0,0,0,True,2,48,0.0,True,,40,0.0,True,False,False,dataaccept daily reference missing for 600078; dataaccept 5m reference missing for 600078,,,,,,,,,,,,
600096,accepted,True,True,2026-06-25,286,180,1970,40,2025-04-21 00:00:00,2026-06-25 00:00:00,2026-04-23 14:55:00,2026-06-25 15:00:00,0,0,,286,0,0,0,0,True,,42,0,0,0,0,0,0,0,True,2,48,0.0,True,,40,0.0,True,False,False,dataaccept daily reference missing for 600096; dataaccept 5m reference missing for 600096,,,,,,,,,,,,
600141,accepted,True,True,2026-06-25,286,180,1970,40,2025-04-21 00:00:00,2026-06-25 00:00:00,2026-04-23 14:55:00,2026-06-25 15:00:00,0,0,,286,0,0,0,0,True,,42,0,0,0,0,0,0,0,True,2,48,0.0,True,,40,0.0,True,False,False,dataaccept daily reference missing for 600141; dataaccept 5m reference missing for 600141,,,,,,,,,,,,
600160,accepted,True,True,2026-06-25,286,180,1970,40,2025-04-21 00:00:00,2026-06-25 00:00:00,2026-04-23 14:55:00,2026-06-25 15:00:00,0,0,,286,0,0,0,0,True,,42,0,0,0,0,0,0,0,True,2,48,0.0,True,,40,0.0,True,False,False,dataaccept daily reference missing for 600160; dataaccept 5m reference missing for 600160,,,,,,,,,,,,
600162,accepted,True,True,2026-06-25,286,180,1970,40,2025-04-21 00:00:00,2026-06-25 00:00:00,2026-04-23 14:55:00,2026-06-25 15:00:00,0,0,,286,0,0,0,0,True,,42,0,0,0,0,0,0,0,True,2,48,0.0,True,,40,0.0,True,False,False,dataaccept daily reference missing for 600162; dataaccept 5m reference missing for 600162,,,,,,,,,,,,
600172,accepted,True,True,2026-06-25,286,180,1970,40,2025-04-21 00:00:00,2026-06-25 00:00:00,2026-04-23 14:55:00,2026-06-25 15:00:00,0,0,,286,0,0,0,0,True,,42,0,0,0,0,0,0,0,True,2,48,0.0,True,,40,0.0,True,False,False,dataaccept daily reference missing for 600172; dataaccept 5m reference missing for 600172,,,,,,,,,,,,
600178,accepted,True,True,2026-06-25,286,180,1970,40,2025-04-21 00:00:00,2026-06-25 00:00:00,2026-04-23 14:55:00,2026-06-25 15:00:00,0,0,,286,0,0,0,0,True,,42,0,0,0,0,0,0,0,True,2,48,0.0,True,,40,0.0,True,False,False,dataaccept daily reference missing for 600178; dataaccept 5m reference missing for 600178,,,,,,,,,,,,
600206,accepted,True,True,2026-06-25,286,180,1970,40,2025-04-21 00:00:00,2026-06-25 00:00:00,2026-04-23 14:55:00,2026-06-25 15:00:00,0,0,,286,0,0,0,0,True,,42,0,0,0,0,0,0,0,True,2,48,0.0,True,,40,0.0,True,False,False,dataaccept daily reference missing for 600206; dataaccept 5m reference missing for 600206,,,,,,,,,,,,
600234,accepted,True,True,2026-06-25,285,180,1970,40,2025-04-21 00:00:00,2026-06-25 00:00:00,2026-04-23 14:50:00,2026-06-25 15:00:00,0,0,,285,0,0,0,0,True,,42,0,0,0,0,0,0,0,True,3,48,0.0,True,,40,0.0,True,False,False,dataaccept daily reference missing for 600234; dataaccept 5m reference missing for 600234,,,,,,,,,,,,
600345,accepted,True,True,2026-06-25,286,180,1970,40,2025-04-21 00:00:00,2026-06-25 00:00:00,2026-04-23 14:55:00,2026-06-25 15:00:00,0,0,,286,0,0,0,0,True,,42,0,0,0,0,0,0,0,True,2,48,0.0,True,,40,0.0,True,False,False,dataaccept daily reference missing for 600345; dataaccept 5m reference missing for 600345,,,,,,,,,,,,
600352,accepted,True,True,2026-06-25,286,180,1970,40,2025-04-21 00:00:00,2026-06-25 00:00:00,2026-04-23 14:55:00,2026-06-25 15:00:00,0,0,,286,0,0,0,0,True,,42,0,0,0,0,0,0,0,True,2,48,0.0,True,,40,0.0,True,False,False,dataaccept daily reference missing for 600352; dataaccept 5m reference missing for 600352,,,,,,,,,,,,
600353,accepted,True,True,2026-06-25,286,180,1970,40,2025-04-21 00:00:00,2026-06-25 00:00:00,2026-04-23 14:55:00,2026-06-25 15:00:00,0,0,,286,0,0,0,0,True,,42,0,0,0,0,0,0,0,True,2,48,0.0,True,,40,0.0,True,False,False,dataaccept daily reference missing for 600353; dataaccept 5m reference missing for 600353,,,,,,,,,,,,
600367,accepted,True,True,2026-06-25,286,180,1970,40,2025-04-21 00:00:00,2026-06-25 00:00:00,2026-04-23 14:55:00,2026-06-25 15:00:00,0,0,,286,0,0,0,0,True,,42,0,0,0,0,0,0,0,True,2,48,0.0,True,,40,0.0,True,False,False,dataaccept daily reference missing for 600367; dataaccept 5m reference missing for 600367,,,,,,,,,,,,
600397,accepted,True,True,2026-06-25,286,180,1970,40,2025-04-21 00:00:00,2026-06-25 00:00:00,2026-04-23 14:55:00,2026-06-25 15:00:00,0,0,,286,0,0,0,0,True,,42,0,0,0,0,0,0,0,True,2,48,0.0,True,,40,0.0,True,False,False,dataaccept daily reference missing for 600397; dataaccept 5m reference missing for 600397,,,,,,,,,,,,
600400,accepted,True,True,2026-06-25,286,180,1970,40,2025-04-21 00:00:00,2026-06-25 00:00:00,2026-04-23 14:55:00,2026-06-25 15:00:00,0,0,,286,0,0,0,0,True,,42,0,0,0,0,0,0,0,True,2,48,0.0,True,,40,0.0,True,False,False,dataaccept daily reference missing for 600400; dataaccept 5m reference missing for 600400,,,,,,,,,,,,
600470,accepted,True,True,2026-06-25,286,180,1970,40,2025-04-21 00:00:00,2026-06-25 00:00:00,2026-04-23 14:55:00,2026-06-25 15:00:00,0,0,,286,0,0,0,0,True,,42,0,0,0,0,0,0,0,True,2,48,0.0,True,,40,0.0,True,False,False,dataaccept daily reference missing for 600470; dataaccept 5m reference missing for 600470,,,,,,,,,,,,
600497,accepted,True,True,2026-06-25,286,180,1970,40,2025-04-21 00:00:00,2026-06-25 00:00:00,2026-04-23 14:55:00,2026-06-25 15:00:00,0,0,,286,0,0,0,0,True,,42,0,0,0,0,0,0,0,True,2,48,0.0,True,,40,0.0,True,False,False,dataaccept daily reference missing for 600497; dataaccept 5m reference missing for 600497,,,,,,,,,,,,
600531,accepted,True,True,2026-06-25,286,180,1970,40,2025-04-21 00:00:00,2026-06-25 00:00:00,2026-04-23 14:55:00,2026-06-25 15:00:00,0,0,,286,0,0,0,0,True,,42,0,0,0,0,0,0,0,True,2,48,0.0,True,,40,0.0,True,False,False,dataaccept daily reference missing for 600531; dataaccept 5m reference missing for 600531,,,,,,,,,,,,
600549,accepted,True,True,2026-06-25,286,180,1970,40,2025-04-21 00:00:00,2026-06-25 00:00:00,2026-04-23 14:55:00,2026-06-25 15:00:00,0,0,,286,0,0,0,0,True,,42,0,0,0,0,0,0,0,True,2,48,0.0,True,,40,0.0,True,False,False,dataaccept daily reference missing for 600549; dataaccept 5m reference missing for 600549,,,,,,,,,,,,
600552,accepted,True,True,2026-06-25,286,180,1970,40,2025-04-21 00:00:00,2026-06-25 00:00:00,2026-04-23 14:55:00,2026-06-25 15:00:00,0,0,,286,0,0,0,0,True,,42,0,0,0,0,0,0,0,True,2,48,0.0,True,,40,0.0,True,False,False,dataaccept daily reference missing for 600552; dataaccept 5m reference missing for 600552,,,,,,,,,,,,
600584,accepted,True,True,2026-06-25,286,180,1970,40,2025-04-21 00:00:00,2026-06-25 00:00:00,2026-04-23 14:55:00,2026-06-25 15:00:00,0,0,,286,0,0,0,0,True,,42,0,0,0,0,0,0,0,True,2,48,0.0,True,,40,0.0,True,False,False,dataaccept daily reference missing for 600584; dataaccept 5m reference missing for 600584,,,,,,,,,,,,
600703,accepted,True,True,2026-06-25,286,180,1970,40,2025-04-21 00:00:00,2026-06-25 00:00:00,2026-04-23 14:55:00,2026-06-25 15:00:00,0,0,,286,0,0,0,0,True,,42,0,0,0,0,0,0,0,True,2,48,0.0,True,,40,0.0,True,False,False,dataaccept daily reference missing for 600703; dataaccept 5m reference missing for 600703,,,,,,,,,,,,
600769,accepted,True,True,2026-06-25,286,180,1970,40,2025-04-21 00:00:00,2026-06-25 00:00:00,2026-04-23 14:55:00,2026-06-25 15:00:00,0,0,,286,0,0,0,0,True,,42,0,0,0,0,0,0,0,True,2,48,0.0,True,,40,0.0,True,False,False,dataaccept daily reference missing for 600769; dataaccept 5m reference missing for 600769,,,,,,,,,,,,
600791,accepted,True,True,2026-06-25,286,180,1970,40,2025-04-21 00:00:00,2026-06-25 00:00:00,2026-04-23 14:55:00,2026-06-25 15:00:00,0,0,,286,0,0,0,0,True,,42,0,0,0,0,0,0,0,True,2,48,0.0,True,,40,0.0,True,False,False,dataaccept daily reference missing for 600791; dataaccept 5m reference missing for 600791,,,,,,,,,,,,
600851,accepted,True,True,2026-06-25,286,180,1970,40,2025-04-21 00:00:00,2026-06-25 00:00:00,2026-04-23 14:55:00,2026-06-25 15:00:00,0,0,,286,0,0,0,0,True,,42,0,0,0,0,0,0,0,True,2,48,0.0,True,,40,0.0,True,False,False,dataaccept daily reference missing for 600851; dataaccept 5m reference missing for 600851,,,,,,,,,,,,
600869,accepted,True,True,2026-06-25,286,180,1970,40,2025-04-21 00:00:00,2026-06-25 00:00:00,2026-04-23 14:55:00,2026-06-25 15:00:00,0,0,,286,0,0,0,0,True,,42,0,0,0,0,0,0,0,True,2,48,0.0,True,,40,0.0,True,False,False,dataaccept daily reference missing for 600869; dataaccept 5m reference missing for 600869,,,,,,,,,,,,
600961,accepted,True,True,2026-06-25,286,180,1970,40,2025-04-21 00:00:00,2026-06-25 00:00:00,2026-04-23 14:55:00,2026-06-25 15:00:00,0,0,,286,0,0,0,0,True,,42,0,0,0,0,0,0,0,True,2,48,0.0,True,,40,0.0,True,False,False,dataaccept daily reference missing for 600961; dataaccept 5m reference missing for 600961,,,,,,,,,,,,
601020,accepted,True,True,2026-06-25,281,180,1970,40,2025-04-21 00:00:00,2026-06-25 00:00:00,2026-04-23 14:55:00,2026-06-25 15:00:00,0,0,,281,0,0,0,0,True,,42,0,0,0,0,0,0,0,True,2,48,0.0,True,,40,0.0,True,False,False,dataaccept daily reference missing for 601020; dataaccept 5m reference missing for 601020,,,,,,,,,,,,
601066,accepted,True,True,2026-06-25,286,180,1970,40,2025-04-21 00:00:00,2026-06-25 00:00:00,2026-04-23 14:55:00,2026-06-25 15:00:00,0,0,,286,0,0,0,0,True,,42,0,0,0,0,0,0,0,True,2,48,0.0,True,,40,0.0,True,False,False,dataaccept daily reference missing for 601066; dataaccept 5m reference missing for 601066,,,,,,,,,,,,
601108,accepted,True,True,2026-06-25,286,180,1970,40,2025-04-21 00:00:00,2026-06-25 00:00:00,2026-04-23 14:55:00,2026-06-25 15:00:00,0,0,,286,0,0,0,0,True,,42,0,0,0,0,0,0,0,True,2,48,0.0,True,,40,0.0,True,False,False,dataaccept daily reference missing for 601108; dataaccept 5m reference missing for 601108,,,,,,,,,,,,
601179,accepted,True,True,2026-06-25,286,180,1970,40,2025-04-21 00:00:00,2026-06-25 00:00:00,2026-04-23 14:55:00,2026-06-25 15:00:00,0,0,,286,0,0,0,0,True,,42,0,0,0,0,0,0,0,True,2,48,0.0,True,,40,0.0,True,False,False,dataaccept daily reference missing for 601179; dataaccept 5m reference missing for 601179,,,,,,,,,,,,
601233,accepted,True,True,2026-06-25,286,180,1970,40,2025-04-21 00:00:00,2026-06-25 00:00:00,2026-04-23 14:55:00,2026-06-25 15:00:00,0,0,,286,0,0,0,0,True,,42,0,0,0,0,0,0,0,True,2,48,0.0,True,,40,0.0,True,False,False,dataaccept daily reference missing for 601233; dataaccept 5m reference missing for 601233,,,,,,,,,,,,
601336,accepted,True,True,2026-06-25,286,180,1970,40,2025-04-21 00:00:00,2026-06-25 00:00:00,2026-04-23 14:55:00,2026-06-25 15:00:00,0,0,,286,0,0,0,0,True,,42,0,0,0,0,0,0,0,True,2,48,0.0,True,,40,0.0,True,False,False,dataaccept daily reference missing for 601336; dataaccept 5m reference missing for 601336,,,,,,,,,,,,
601519,accepted,True,True,2026-06-25,286,180,1970,40,2025-04-21 00:00:00,2026-06-25 00:00:00,2026-04-23 14:55:00,2026-06-25 15:00:00,0,0,,286,0,0,0,0,True,,42,0,0,0,0,0,0,0,True,2,48,0.0,True,,40,0.0,True,False,False,dataaccept daily reference missing for 601519; dataaccept 5m reference missing for 601519,,,,,,,,,,,,
601869,accepted,True,True,2026-06-25,286,180,1970,40,2025-04-21 00:00:00,2026-06-25 00:00:00,2026-04-23 14:55:00,2026-06-25 15:00:00,0,0,,286,0,0,0,0,True,,42,0,0,0,0,0,0,0,True,2,48,0.0,True,,40,0.0,True,False,False,dataaccept daily reference missing for 601869; dataaccept 5m reference missing for 601869,,,,,,,,,,,,
601958,accepted,True,True,2026-06-25,286,180,1970,40,2025-04-21 00:00:00,2026-06-25 00:00:00,2026-04-23 14:55:00,2026-06-25 15:00:00,0,0,,286,0,0,0,0,True,,42,0,0,0,0,0,0,0,True,2,48,0.0,True,,40,0.0,True,False,False,dataaccept daily reference missing for 601958; dataaccept 5m reference missing for 601958,,,,,,,,,,,,
603002,accepted,True,True,2026-06-25,286,180,1970,40,2025-04-21 00:00:00,2026-06-25 00:00:00,2026-04-23 14:55:00,2026-06-25 15:00:00,0,0,,286,0,0,0,0,True,,42,0,0,0,0,0,0,0,True,2,48,0.0,True,,40,0.0,True,False,False,dataaccept daily reference missing for 603002; dataaccept 5m reference missing for 603002,,,,,,,,,,,,
603012,accepted,True,True,2026-06-25,286,180,1970,40,2025-04-21 00:00:00,2026-06-25 00:00:00,2026-04-23 14:55:00,2026-06-25 15:00:00,0,0,,286,0,0,0,0,True,,42,0,0,0,0,0,0,0,True,2,48,0.0,True,,40,0.0,True,False,False,dataaccept daily reference missing for 603012; dataaccept 5m reference missing for 603012,,,,,,,,,,,,
603065,accepted,True,True,2026-06-25,286,180,1970,40,2025-04-21 00:00:00,2026-06-25 00:00:00,2026-04-23 14:55:00,2026-06-25 15:00:00,0,0,,286,0,0,0,0,True,,42,0,0,0,0,0,0,0,True,2,48,0.0,True,,40,0.0,True,False,False,dataaccept daily reference missing for 603065; dataaccept 5m reference missing for 603065,,,,,,,,,,,,
603067,accepted,True,True,2026-06-25,286,180,1970,40,2025-04-21 00:00:00,2026-06-25 00:00:00,2026-04-23 14:55:00,2026-06-25 15:00:00,0,0,,286,0,0,0,0,True,,42,0,0,0,0,0,0,0,True,2,48,0.0,True,,40,0.0,True,False,False,dataaccept daily reference missing for 603067; dataaccept 5m reference missing for 603067,,,,,,,,,,,,
603082,accepted,True,True,2026-06-25,286,180,1970,40,2025-04-21 00:00:00,2026-06-25 00:00:00,2026-04-23 14:55:00,2026-06-25 15:00:00,0,0,,286,0,0,0,0,True,,42,0,0,0,0,0,0,0,True,2,48,0.0,True,,40,0.0,True,False,False,dataaccept daily reference missing for 603082; dataaccept 5m reference missing for 603082,,,,,,,,,,,,
603083,accepted,True,True,2026-06-25,286,180,1970,40,2025-04-21 00:00:00,2026-06-25 00:00:00,2026-04-23 14:55:00,2026-06-25 15:00:00,0,0,,286,0,0,0,0,True,,42,0,0,0,0,0,0,0,True,2,48,0.0,True,,40,0.0,True,False,False,dataaccept daily reference missing for 603083; dataaccept 5m reference missing for 603083,,,,,,,,,,,,
603399,accepted,True,True,2026-06-25,286,180,1970,40,2025-04-21 00:00:00,2026-06-25 00:00:00,2026-04-23 14:55:00,2026-06-25 15:00:00,0,0,,286,0,0,0,0,True,,42,0,0,0,0,0,0,0,True,2,48,0.0,True,,40,0.0,True,False,False,dataaccept daily reference missing for 603399; dataaccept 5m reference missing for 603399,,,,,,,,,,,,
603407,failed,True,True,2026-06-25,33,180,1582,40,2026-05-11 00:00:00,2026-06-25 00:00:00,2026-05-11 09:35:00,2026-06-25 15:00:00,0,0,,33,0,0,0,0,True,,33,0,0,0,0,0,0,0,True,46,48,0.0,True,,33,0.0,True,False,False,dataaccept daily reference missing for 603407; dataaccept 5m reference missing for 603407,daily trade days 33 < required 180; 5m trade days 33 < required 40,,,,,,,,,,,
603533,accepted,True,True,2026-06-25,286,180,1970,40,2025-04-21 00:00:00,2026-06-25 00:00:00,2026-04-23 14:55:00,2026-06-25 15:00:00,0,0,,286,0,0,0,0,True,,42,0,0,0,0,0,0,0,True,2,48,0.0,True,,40,0.0,True,False,False,dataaccept daily reference missing for 603533; dataaccept 5m reference missing for 603533,,,,,,,,,,,,
603588,accepted,True,True,2026-06-25,286,180,1970,40,2025-04-21 00:00:00,2026-06-25 00:00:00,2026-04-23 14:55:00,2026-06-25 15:00:00,0,0,,286,0,0,0,0,True,,42,0,0,0,0,0,0,0,True,2,48,0.0,True,,40,0.0,True,False,False,dataaccept daily reference missing for 603588; dataaccept 5m reference missing for 603588,,,,,,,,,,,,
603607,accepted,True,True,2026-06-25,286,180,1970,40,2025-04-21 00:00:00,2026-06-25 00:00:00,2026-04-23 14:55:00,2026-06-25 15:00:00,0,0,,286,0,0,0,0,True,,42,0,0,0,0,0,0,0,True,2,48,0.0,True,,40,0.0,True,False,False,dataaccept daily reference missing for 603607; dataaccept 5m reference missing for 603607,,,,,,,,,,,,
603629,accepted,True,True,2026-06-25,286,180,1970,40,2025-04-21 00:00:00,2026-06-25 00:00:00,2026-04-23 14:55:00,2026-06-25 15:00:00,0,0,,286,0,0,0,0,True,,42,0,0,0,0,0,0,0,True,2,48,0.0,True,,40,0.0,True,False,False,dataaccept daily reference missing for 603629; dataaccept 5m reference missing for 603629,,,,,,,,,,,,
603661,accepted,True,True,2026-06-25,286,180,1970,40,2025-04-21 00:00:00,2026-06-25 00:00:00,2026-04-23 14:55:00,2026-06-25 15:00:00,0,0,,286,0,0,0,0,True,,42,0,0,0,0,0,0,0,True,2,48,0.0,True,,40,0.0,True,False,False,dataaccept daily reference missing for 603661; dataaccept 5m reference missing for 603661,,,,,,,,,,,,
603663,accepted,True,True,2026-06-25,286,180,1970,40,2025-04-21 00:00:00,2026-06-25 00:00:00,2026-04-23 14:55:00,2026-06-25 15:00:00,0,0,,286,0,0,0,0,True,,42,0,0,0,0,0,0,0,True,2,48,0.0,True,,40,0.0,True,False,False,dataaccept daily reference missing for 603663; dataaccept 5m reference missing for 603663,,,,,,,,,,,,
603668,accepted,True,True,2026-06-25,286,180,1970,40,2025-04-21 00:00:00,2026-06-25 00:00:00,2026-04-23 14:55:00,2026-06-25 15:00:00,0,0,,286,0,0,0,0,True,,42,0,0,0,0,0,0,0,True,2,48,0.0,True,,40,0.0,True,False,False,dataaccept daily reference missing for 603668; dataaccept 5m reference missing for 603668,,,,,,,,,,,,
603727,accepted,True,True,2026-06-25,286,180,1970,40,2025-04-21 00:00:00,2026-06-25 00:00:00,2026-04-23 14:55:00,2026-06-25 15:00:00,0,0,,286,0,0,0,0,True,,42,0,0,0,0,0,0,0,True,2,48,0.0,True,,40,0.0,True,False,False,dataaccept daily reference missing for 603727; dataaccept 5m reference missing for 603727,,,,,,,,,,,,
603823,accepted,True,True,2026-06-25,286,180,1970,40,2025-04-21 00:00:00,2026-06-25 00:00:00,2026-04-23 14:55:00,2026-06-25 15:00:00,0,0,,286,0,0,0,0,True,,42,0,0,0,0,0,0,0,True,2,48,0.0,True,,40,0.0,True,False,False,dataaccept daily reference missing for 603823; dataaccept 5m reference missing for 603823,,,,,,,,,,,,
603906,accepted,True,True,2026-06-25,286,180,1970,40,2025-04-21 00:00:00,2026-06-25 00:00:00,2026-04-23 14:55:00,2026-06-25 15:00:00,0,0,,286,0,0,0,0,True,,42,0,0,0,0,0,0,0,True,2,48,0.0,True,,40,0.0,True,False,False,dataaccept daily reference missing for 603906; dataaccept 5m reference missing for 603906,,,,,,,,,,,,
603938,accepted,True,True,2026-06-25,286,180,1970,40,2025-04-21 00:00:00,2026-06-25 00:00:00,2026-04-23 14:55:00,2026-06-25 15:00:00,0,0,,286,0,0,0,0,True,,42,0,0,0,0,0,0,0,True,2,48,0.0,True,,40,0.0,True,False,False,dataaccept daily reference missing for 603938; dataaccept 5m reference missing for 603938,,,,,,,,,,,,
603950,accepted,True,True,2026-06-25,276,180,1970,40,2025-04-21 00:00:00,2026-06-25 00:00:00,2026-04-23 14:55:00,2026-06-25 15:00:00,0,0,,276,0,0,0,0,True,,42,0,0,0,0,0,0,0,True,2,48,0.0,True,,40,0.0,True,False,False,dataaccept daily reference missing for 603950; dataaccept 5m reference missing for 603950,,,,,,,,,,,,
603976,accepted,True,True,2026-06-25,286,180,1970,40,2025-04-21 00:00:00,2026-06-25 00:00:00,2026-04-23 14:55:00,2026-06-25 15:00:00,0,0,,286,0,0,0,0,True,,42,0,0,0,0,0,0,0,True,2,48,0.0,True,,40,0.0,True,False,False,dataaccept daily reference missing for 603976; dataaccept 5m reference missing for 603976,,,,,,,,,,,,
603989,accepted,True,True,2026-06-25,286,180,1970,40,2025-04-21 00:00:00,2026-06-25 00:00:00,2026-04-23 14:55:00,2026-06-25 15:00:00,0,0,,286,0,0,0,0,True,,42,0,0,0,0,0,0,0,True,2,48,0.0,True,,40,0.0,True,False,False,dataaccept daily reference missing for 603989; dataaccept 5m reference missing for 603989,,,,,,,,,,,,
605020,accepted,True,True,2026-06-25,286,180,1970,40,2025-04-21 00:00:00,2026-06-25 00:00:00,2026-04-23 14:55:00,2026-06-25 15:00:00,0,0,,286,0,0,0,0,True,,42,0,0,0,0,0,0,0,True,2,48,0.0,True,,40,0.0,True,False,False,dataaccept daily reference missing for 605020; dataaccept 5m reference missing for 605020,,,,,,,,,,,,
605069,accepted,True,True,2026-06-25,286,180,1970,40,2025-04-21 00:00:00,2026-06-25 00:00:00,2026-04-23 14:45:00,2026-06-25 15:00:00,0,0,,286,0,0,0,0,True,,42,0,0,0,0,0,0,0,True,4,48,0.0,True,,40,0.0,True,False,False,dataaccept daily reference missing for 605069; dataaccept 5m reference missing for 605069,,,,,,,,,,,,
605168,accepted,True,True,2026-06-25,286,180,1970,40,2025-04-21 00:00:00,2026-06-25 00:00:00,2026-04-23 14:55:00,2026-06-25 15:00:00,0,0,,286,0,0,0,0,True,,42,0,0,0,0,0,0,0,True,2,48,0.0,True,,40,0.0,True,False,False,dataaccept daily reference missing for 605168; dataaccept 5m reference missing for 605168,,,,,,,,,,,,
605305,accepted,True,True,2026-06-25,286,180,1970,40,2025-04-21 00:00:00,2026-06-25 00:00:00,2026-04-23 14:55:00,2026-06-25 15:00:00,0,0,,286,0,0,0,0,True,,42,0,0,0,0,0,0,0,True,2,48,0.0,True,,40,0.0,True,False,False,dataaccept daily reference missing for 605305; dataaccept 5m reference missing for 605305,,,,,,,,,,,,
605377,accepted,True,True,2026-06-25,286,180,1970,40,2025-04-21 00:00:00,2026-06-25 00:00:00,2026-04-23 14:55:00,2026-06-25 15:00:00,0,0,,286,0,0,0,0,True,,42,0,0,0,0,0,0,0,True,2,48,0.0,True,,40,0.0,True,False,False,dataaccept daily reference missing for 605377; dataaccept 5m reference missing for 605377,,,,,,,,,,,,
605580,accepted,True,True,2026-06-25,286,180,1970,40,2025-04-21 00:00:00,2026-06-25 00:00:00,2026-04-23 14:55:00,2026-06-25 15:00:00,0,0,,286,0,0,0,0,True,,42,0,0,0,0,0,0,0,True,2,48,0.0,True,,40,0.0,True,False,False,dataaccept daily reference missing for 605580; dataaccept 5m reference missing for 605580,,,,,,,,,,,,
000042,accepted,True,True,2026-06-25,286,180,1970,40,2025-04-21 00:00:00,2026-06-25 00:00:00,2026-04-23 14:55:00,2026-06-25 15:00:00,0,0,,286,0,0,0,0,True,,42,0,0,0,0,0,0,0,True,2,48,0.0,True,,40,0.0,True,False,False,dataaccept daily reference missing for 000042; dataaccept 5m reference missing for 000042,,,,,,,,,,,,
000551,accepted,True,True,2026-06-25,286,180,1970,40,2025-04-21 00:00:00,2026-06-25 00:00:00,2026-04-23 14:55:00,2026-06-25 15:00:00,0,0,,286,0,0,0,0,True,,42,0,0,0,0,0,0,0,True,2,48,0.0,True,,40,0.0,True,False,False,dataaccept daily reference missing for 000551; dataaccept 5m reference missing for 000551,,,,,,,,,,,,
000566,accepted,True,True,2026-06-25,286,180,1970,40,2025-04-21 00:00:00,2026-06-25 00:00:00,2026-04-23 14:55:00,2026-06-25 15:00:00,0,0,,286,0,0,0,0,True,,42,0,0,0,0,0,0,0,True,2,48,0.0,True,,40,0.0,True,False,False,dataaccept daily reference missing for 000566; dataaccept 5m reference missing for 000566,,,,,,,,,,,,
000691,accepted,True,True,2026-06-25,283,180,1970,40,2025-04-21 00:00:00,2026-06-25 00:00:00,2026-04-22 14:40:00,2026-06-25 15:00:00,0,0,,283,0,0,0,0,True,,42,0,0,0,0,0,0,0,True,5,48,0.0,True,,40,0.0,True,False,False,dataaccept daily reference missing for 000691; dataaccept 5m reference missing for 000691,,,,,,,,,,,,
000756,accepted,True,True,2026-06-25,286,180,1970,40,2025-04-21 00:00:00,2026-06-25 00:00:00,2026-04-23 14:55:00,2026-06-25 15:00:00,0,0,,286,0,0,0,0,True,,42,0,0,0,0,0,0,0,True,2,48,0.0,True,,40,0.0,True,False,False,dataaccept daily reference missing for 000756; dataaccept 5m reference missing for 000756,,,,,,,,,,,,
000813,accepted,True,True,2026-06-25,286,180,1970,40,2025-04-21 00:00:00,2026-06-25 00:00:00,2026-04-23 14:55:00,2026-06-25 15:00:00,0,0,,286,0,0,0,0,True,,42,0,0,0,0,0,0,0,True,2,48,0.0,True,,40,0.0,True,False,False,dataaccept daily reference missing for 000813; dataaccept 5m reference missing for 000813,,,,,,,,,,,,
000882,accepted,True,True,2026-06-25,286,180,1970,40,2025-04-21 00:00:00,2026-06-25 00:00:00,2026-04-23 14:55:00,2026-06-25 15:00:00,0,0,,286,0,0,0,0,True,,42,0,0,0,0,0,0,0,True,2,48,0.0,True,,40,0.0,True,False,False,dataaccept daily reference missing for 000882; dataaccept 5m reference missing for 000882,,,,,,,,,,,,
001206,failed,True,True,2026-06-25,277,180,1922,40,2025-04-21 00:00:00,2026-06-25 00:00:00,2026-04-24 14:55:00,2026-06-25 15:00:00,0,0,,277,0,0,0,0,True,,41,0,0,0,0,0,0,0,True,2,48,0.0,True,,40,0.03999999999999915,False,False,False,dataaccept daily reference missing for 001206; dataaccept 5m reference missing for 001206,daily/5m close mismatch max_diff=0.03999999999999915,,,,,,,,,,,
001225,accepted,True,True,2026-06-25,286,180,1970,40,2025-04-21 00:00:00,2026-06-25 00:00:00,2026-04-23 14:30:00,2026-06-25 15:00:00,0,0,,286,0,0,0,0,True,,42,0,0,0,0,0,0,0,True,7,48,0.0,True,,40,0.0,True,False,False,dataaccept daily reference missing for 001225; dataaccept 5m reference missing for 001225,,,,,,,,,,,,
001279,accepted,True,True,2026-06-25,286,180,1970,40,2025-04-21 00:00:00,2026-06-25 00:00:00,2026-04-23 14:50:00,2026-06-25 15:00:00,0,0,,286,0,0,0,0,True,,42,0,0,0,0,0,0,0,True,3,48,0.0,True,,40,0.0,True,False,False,dataaccept daily reference missing for 001279; dataaccept 5m reference missing for 001279,,,,,,,,,,,,
002014,accepted,True,True,2026-06-25,286,180,1970,40,2025-04-21 00:00:00,2026-06-25 00:00:00,2026-04-23 14:55:00,2026-06-25 15:00:00,0,0,,286,0,0,0,0,True,,42,0,0,0,0,0,0,0,True,2,48,0.0,True,,40,0.0,True,False,False,dataaccept daily reference missing for 002014; dataaccept 5m reference missing for 002014,,,,,,,,,,,,
002021,accepted,True,True,2026-06-25,286,180,1970,40,2025-04-21 00:00:00,2026-06-25 00:00:00,2026-04-23 14:55:00,2026-06-25 15:00:00,0,0,,286,0,0,0,0,True,,42,0,0,0,0,0,0,0,True,2,48,0.0,True,,40,0.0,True,False,False,dataaccept daily reference missing for 002021; dataaccept 5m reference missing for 002021,,,,,,,,,,,,
002031,accepted,True,True,2026-06-25,286,180,1970,40,2025-04-21 00:00:00,2026-06-25 00:00:00,2026-04-23 14:55:00,2026-06-25 15:00:00,0,0,,286,0,0,0,0,True,,42,0,0,0,0,0,0,0,True,2,48,0.0,True,,40,0.0,True,False,False,dataaccept daily reference missing for 002031; dataaccept 5m reference missing for 002031,,,,,,,,,,,,
002038,accepted,True,True,2026-06-25,286,180,1970,40,2025-04-21 00:00:00,2026-06-25 00:00:00,2026-04-23 14:55:00,2026-06-25 15:00:00,0,0,,286,0,0,0,0,True,,42,0,0,0,0,0,0,0,True,2,48,0.0,True,,40,0.0,True,False,False,dataaccept daily reference missing for 002038; dataaccept 5m reference missing for 002038,,,,,,,,,,,,
002047,accepted,True,True,2026-06-25,279,180,1970,40,2025-04-21 00:00:00,2026-06-25 00:00:00,2026-04-22 14:55:00,2026-06-25 15:00:00,0,0,,279,0,0,0,0,True,,42,0,0,0,0,0,0,0,True,2,48,0.0,True,,40,0.0,True,False,False,dataaccept daily reference missing for 002047; dataaccept 5m reference missing for 002047,,,,,,,,,,,,
002141,accepted,True,True,2026-06-25,285,180,1970,40,2025-04-21 00:00:00,2026-06-25 00:00:00,2026-04-23 14:55:00,2026-06-25 15:00:00,0,0,,285,0,0,0,0,True,,42,0,0,0,0,0,0,0,True,2,48,0.0,True,,40,0.0,True,False,False,dataaccept daily reference missing for 002141; dataaccept 5m reference missing for 002141,,,,,,,,,,,,
002196,accepted,True,True,2026-06-25,286,180,1970,40,2025-04-21 00:00:00,2026-06-25 00:00:00,2026-04-23 14:55:00,2026-06-25 15:00:00,0,0,,286,0,0,0,0,True,,42,0,0,0,0,0,0,0,True,2,48,0.0,True,,40,0.0,True,False,False,dataaccept daily reference missing for 002196; dataaccept 5m reference missing for 002196,,,,,,,,,,,,
002370,accepted,True,True,2026-06-25,281,180,1970,40,2025-04-21 00:00:00,2026-06-25 00:00:00,2026-04-23 14:55:00,2026-06-25 15:00:00,0,0,,281,0,0,0,0,True,,42,0,0,0,0,0,0,0,True,2,48,0.0,True,,40,0.0,True,False,False,dataaccept daily reference missing for 002370; dataaccept 5m reference missing for 002370,,,,,,,,,,,,
002374,accepted,True,True,2026-06-25,286,180,1970,40,2025-04-21 00:00:00,2026-06-25 00:00:00,2026-04-23 14:55:00,2026-06-25 15:00:00,0,0,,286,0,0,0,0,True,,42,0,0,0,0,0,0,0,True,2,48,0.0,True,,40,0.0,True,False,False,dataaccept daily reference missing for 002374; dataaccept 5m reference missing for 002374,,,,,,,,,,,,
002420,accepted,True,True,2026-06-25,283,180,1970,40,2025-04-21 00:00:00,2026-06-25 00:00:00,2026-04-23 14:55:00,2026-06-25 15:00:00,0,0,,283,0,0,0,0,True,,42,0,0,0,0,0,0,0,True,2,48,0.0,True,,40,0.0,True,False,False,dataaccept daily reference missing for 002420; dataaccept 5m reference missing for 002420,,,,,,,,,,,,
002453,accepted,True,True,2026-06-25,286,180,1970,40,2025-04-21 00:00:00,2026-06-25 00:00:00,2026-04-23 14:55:00,2026-06-25 15:00:00,0,0,,286,0,0,0,0,True,,42,0,0,0,0,0,0,0,True,2,48,0.0,True,,40,0.0,True,False,False,dataaccept daily reference missing for 002453; dataaccept 5m reference missing for 002453,,,,,,,,,,,,
002522,accepted,True,True,2026-06-25,286,180,1970,40,2025-04-21 00:00:00,2026-06-25 00:00:00,2026-04-23 14:55:00,2026-06-25 15:00:00,0,0,,286,0,0,0,0,True,,42,0,0,0,0,0,0,0,True,2,48,0.0,True,,40,0.0,True,False,False,dataaccept daily reference missing for 002522; dataaccept 5m reference missing for 002522,,,,,,,,,,,,
002549,accepted,True,True,2026-06-25,286,180,1970,40,2025-04-21 00:00:00,2026-06-25 00:00:00,2026-04-23 14:55:00,2026-06-25 15:00:00,0,0,,286,0,0,0,0,True,,42,0,0,0,0,0,0,0,True,2,48,0.0,True,,40,0.0,True,False,False,dataaccept daily reference missing for 002549; dataaccept 5m reference missing for 002549,,,,,,,,,,,,
002580,accepted,True,True,2026-06-25,286,180,1970,40,2025-04-21 00:00:00,2026-06-25 00:00:00,2026-04-23 14:55:00,2026-06-25 15:00:00,0,0,,286,0,0,0,0,True,,42,0,0,0,0,0,0,0,True,2,48,0.0,True,,40,0.0,True,False,False,dataaccept daily reference missing for 002580; dataaccept 5m reference missing for 002580,,,,,,,,,,,,
002584,accepted,True,True,2026-06-25,286,180,1970,40,2025-04-21 00:00:00,2026-06-25 00:00:00,2026-04-23 14:55:00,2026-06-25 15:00:00,0,0,,286,0,0,0,0,True,,42,0,0,0,0,0,0,0,True,2,48,0.0,True,,40,0.0,True,False,False,dataaccept daily reference missing for 002584; dataaccept 5m reference missing for 002584,,,,,,,,,,,,
002631,accepted,True,True,2026-06-25,286,180,1970,40,2025-04-21 00:00:00,2026-06-25 00:00:00,2026-04-23 14:55:00,2026-06-25 15:00:00,0,0,,286,0,0,0,0,True,,42,0,0,0,0,0,0,0,True,2,48,0.0,True,,40,0.0,True,False,False,dataaccept daily reference missing for 002631; dataaccept 5m reference missing for 002631,,,,,,,,,,,,
002648,accepted,True,True,2026-06-25,286,180,1970,40,2025-04-21 00:00:00,2026-06-25 00:00:00,2026-04-23 14:55:00,2026-06-25 15:00:00,0,0,,286,0,0,0,0,True,,42,0,0,0,0,0,0,0,True,2,48,0.0,True,,40,0.0,True,False,False,dataaccept daily reference missing for 002648; dataaccept 5m reference missing for 002648,,,,,,,,,,,,
002687,accepted,True,True,2026-06-25,286,180,1970,40,2025-04-21 00:00:00,2026-06-25 00:00:00,2026-04-23 14:55:00,2026-06-25 15:00:00,0,0,,286,0,0,0,0,True,,42,0,0,0,0,0,0,0,True,2,48,0.0,True,,40,0.0,True,False,False,dataaccept daily reference missing for 002687; dataaccept 5m reference missing for 002687,,,,,,,,,,,,
002728,accepted,True,True,2026-06-25,286,180,1970,40,2025-04-21 00:00:00,2026-06-25 00:00:00,2026-04-23 14:55:00,2026-06-25 15:00:00,0,0,,286,0,0,0,0,True,,42,0,0,0,0,0,0,0,True,2,48,0.0,True,,40,0.0,True,False,False,dataaccept daily reference missing for 002728; dataaccept 5m reference missing for 002728,,,,,,,,,,,,
002871,accepted,True,True,2026-06-25,286,180,1970,40,2025-04-21 00:00:00,2026-06-25 00:00:00,2026-04-23 14:55:00,2026-06-25 15:00:00,0,0,,286,0,0,0,0,True,,42,0,0,0,0,0,0,0,True,2,48,0.0,True,,40,0.0,True,False,False,dataaccept daily reference missing for 002871; dataaccept 5m reference missing for 002871,,,,,,,,,,,,
002921,accepted,True,True,2026-06-25,286,180,1970,40,2025-04-21 00:00:00,2026-06-25 00:00:00,2026-04-23 14:50:00,2026-06-25 15:00:00,0,0,,286,0,0,0,0,True,,42,0,0,0,0,0,0,0,True,3,48,0.0,True,,40,0.0,True,False,False,dataaccept daily reference missing for 002921; dataaccept 5m reference missing for 002921,,,,,,,,,,,,
002962,accepted,True,True,2026-06-25,286,180,1970,40,2025-04-21 00:00:00,2026-06-25 00:00:00,2026-04-23 14:55:00,2026-06-25 15:00:00,0,0,,286,0,0,0,0,True,,42,0,0,0,0,0,0,0,True,2,48,0.0,True,,40,0.0,True,False,False,dataaccept daily reference missing for 002962; dataaccept 5m reference missing for 002962,,,,,,,,,,,,
002976,failed,True,True,2026-06-25,286,180,1922,40,2025-04-21 00:00:00,2026-06-25 00:00:00,2026-04-24 14:45:00,2026-06-25 15:00:00,0,0,,286,0,0,0,0,True,,41,0,0,0,0,0,0,0,True,4,48,0.0,True,,40,0.21000000000000085,False,False,False,dataaccept daily reference missing for 002976; dataaccept 5m reference missing for 002976,daily/5m close mismatch max_diff=0.21000000000000085,,,,,,,,,,,
600171,accepted,True,True,2026-06-25,286,180,1970,40,2025-04-21 00:00:00,2026-06-25 00:00:00,2026-04-23 14:55:00,2026-06-25 15:00:00,0,0,,286,0,0,0,0,True,,42,0,0,0,0,0,0,0,True,2,48,0.0,True,,40,0.0,True,False,False,dataaccept daily reference missing for 600171; dataaccept 5m reference missing for 600171,,,,,,,,,,,,
600360,accepted,True,True,2026-06-25,275,180,1970,40,2025-04-21 00:00:00,2026-06-25 00:00:00,2026-04-22 14:55:00,2026-06-25 15:00:00,0,0,,275,0,0,0,0,True,,42,0,0,0,0,0,0,0,True,2,48,0.0,True,,40,0.0,True,False,False,dataaccept daily reference missing for 600360; dataaccept 5m reference missing for 600360,,,,,,,,,,,,
600379,accepted,True,True,2026-06-25,286,180,1970,40,2025-04-21 00:00:00,2026-06-25 00:00:00,2026-04-23 14:55:00,2026-06-25 15:00:00,0,0,,286,0,0,0,0,True,,42,0,0,0,0,0,0,0,True,2,48,0.0,True,,40,0.0,True,False,False,dataaccept daily reference missing for 600379; dataaccept 5m reference missing for 600379,,,,,,,,,,,,
600405,accepted,True,True,2026-06-25,286,180,1970,40,2025-04-21 00:00:00,2026-06-25 00:00:00,2026-04-23 14:55:00,2026-06-25 15:00:00,0,0,,286,0,0,0,0,True,,42,0,0,0,0,0,0,0,True,2,48,0.0,True,,40,0.0,True,False,False,dataaccept daily reference missing for 600405; dataaccept 5m reference missing for 600405,,,,,,,,,,,,
600488,accepted,True,True,2026-06-25,286,180,1970,40,2025-04-21 00:00:00,2026-06-25 00:00:00,2026-04-23 14:55:00,2026-06-25 15:00:00,0,0,,286,0,0,0,0,True,,42,0,0,0,0,0,0,0,True,2,48,0.0,True,,40,0.0,True,False,False,dataaccept daily reference missing for 600488; dataaccept 5m reference missing for 600488,,,,,,,,,,,,
600506,accepted,True,True,2026-06-25,286,180,1970,40,2025-04-21 00:00:00,2026-06-25 00:00:00,2026-04-23 14:55:00,2026-06-25 15:00:00,0,0,,286,0,0,0,0,True,,42,0,0,0,0,0,0,0,True,2,48,0.0,True,,40,0.0,True,False,False,dataaccept daily reference missing for 600506; dataaccept 5m reference missing for 600506,,,,,,,,,,,,
600707,accepted,True,True,2026-06-25,286,180,1970,40,2025-04-21 00:00:00,2026-06-25 00:00:00,2026-04-23 14:55:00,2026-06-25 15:00:00,0,0,,286,0,0,0,0,True,,42,0,0,0,0,0,0,0,True,2,48,0.0,True,,40,0.0,True,False,False,dataaccept daily reference missing for 600707; dataaccept 5m reference missing for 600707,,,,,,,,,,,,
600708,accepted,True,True,2026-06-25,286,180,1970,40,2025-04-21 00:00:00,2026-06-25 00:00:00,2026-04-23 14:55:00,2026-06-25 15:00:00,0,0,,286,0,0,0,0,True,,42,0,0,0,0,0,0,0,True,2,48,0.0,True,,40,0.0,True,False,False,dataaccept daily reference missing for 600708; dataaccept 5m reference missing for 600708,,,,,,,,,,,,
600719,accepted,True,True,2026-06-25,286,180,1970,40,2025-04-21 00:00:00,2026-06-25 00:00:00,2026-04-23 14:55:00,2026-06-25 15:00:00,0,0,,286,0,0,0,0,True,,42,0,0,0,0,0,0,0,True,2,48,0.0,True,,40,0.0,True,False,False,dataaccept daily reference missing for 600719; dataaccept 5m reference missing for 600719,,,,,,,,,,,,
600743,accepted,True,True,2026-06-25,286,180,1970,40,2025-04-21 00:00:00,2026-06-25 00:00:00,2026-04-23 14:55:00,2026-06-25 15:00:00,0,0,,286,0,0,0,0,True,,42,0,0,0,0,0,0,0,True,2,48,0.0,True,,40,0.0,True,False,False,dataaccept daily reference missing for 600743; dataaccept 5m reference missing for 600743,,,,,,,,,,,,
600777,accepted,True,True,2026-06-25,241,180,1970,40,2025-04-21 00:00:00,2026-06-25 00:00:00,2026-04-22 14:55:00,2026-06-25 15:00:00,0,0,,241,0,0,0,0,True,,42,0,0,0,0,0,0,0,True,2,48,0.0,True,,40,0.0,True,False,False,dataaccept daily reference missing for 600777; dataaccept 5m reference missing for 600777,,,,,,,,,,,,
600793,accepted,True,True,2026-06-25,286,180,1970,40,2025-04-21 00:00:00,2026-06-25 00:00:00,2026-04-23 14:55:00,2026-06-25 15:00:00,0,0,,286,0,0,0,0,True,,42,0,0,0,0,0,0,0,True,2,48,0.0,True,,40,0.0,True,False,False,dataaccept daily reference missing for 600793; dataaccept 5m reference missing for 600793,,,,,,,,,,,,
600843,accepted,True,True,2026-06-25,286,180,1970,40,2025-04-21 00:00:00,2026-06-25 00:00:00,2026-04-23 14:55:00,2026-06-25 15:00:00,0,0,,286,0,0,0,0,True,,42,0,0,0,0,0,0,0,True,2,48,0.0,True,,40,0.0,True,False,False,dataaccept daily reference missing for 600843; dataaccept 5m reference missing for 600843,,,,,,,,,,,,
600881,accepted,True,True,2026-06-25,286,180,1970,40,2025-04-21 00:00:00,2026-06-25 00:00:00,2026-04-23 14:55:00,2026-06-25 15:00:00,0,0,,286,0,0,0,0,True,,42,0,0,0,0,0,0,0,True,2,48,0.0,True,,40,0.0,True,False,False,dataaccept daily reference missing for 600881; dataaccept 5m reference missing for 600881,,,,,,,,,,,,
601011,accepted,True,True,2026-06-25,286,180,1970,40,2025-04-21 00:00:00,2026-06-25 00:00:00,2026-04-23 14:55:00,2026-06-25 15:00:00,0,0,,286,0,0,0,0,True,,42,0,0,0,0,0,0,0,True,2,48,0.0,True,,40,0.0,True,False,False,dataaccept daily reference missing for 601011; dataaccept 5m reference missing for 601011,,,,,,,,,,,,
603007,accepted,True,True,2026-06-25,284,180,1970,40,2025-04-21 00:00:00,2026-06-25 00:00:00,2026-04-23 14:55:00,2026-06-25 15:00:00,0,0,,284,0,0,0,0,True,,42,0,0,0,0,0,0,0,True,2,48,0.0,True,,40,0.0,True,False,False,dataaccept daily reference missing for 603007; dataaccept 5m reference missing for 603007,,,,,,,,,,,,
603015,accepted,True,True,2026-06-25,286,180,1970,40,2025-04-21 00:00:00,2026-06-25 00:00:00,2026-04-23 14:55:00,2026-06-25 15:00:00,0,0,,286,0,0,0,0,True,,42,0,0,0,0,0,0,0,True,2,48,0.0,True,,40,0.0,True,False,False,dataaccept daily reference missing for 603015; dataaccept 5m reference missing for 603015,,,,,,,,,,,,
603106,accepted,True,True,2026-06-25,286,180,1970,40,2025-04-21 00:00:00,2026-06-25 00:00:00,2026-04-23 14:55:00,2026-06-25 15:00:00,0,0,,286,0,0,0,0,True,,42,0,0,0,0,0,0,0,True,2,48,0.0,True,,40,0.0,True,False,False,dataaccept daily reference missing for 603106; dataaccept 5m reference missing for 603106,,,,,,,,,,,,
603116,accepted,True,True,2026-06-25,286,180,1970,40,2025-04-21 00:00:00,2026-06-25 00:00:00,2026-04-23 14:55:00,2026-06-25 15:00:00,0,0,,286,0,0,0,0,True,,42,0,0,0,0,0,0,0,True,2,48,0.0,True,,40,0.0,True,False,False,dataaccept daily reference missing for 603116; dataaccept 5m reference missing for 603116,,,,,,,,,,,,
603122,accepted,True,True,2026-06-25,283,180,1970,40,2025-04-21 00:00:00,2026-06-25 00:00:00,2026-04-23 14:55:00,2026-06-25 15:00:00,0,0,,283,0,0,0,0,True,,42,0,0,0,0,0,0,0,True,2,48,0.0,True,,40,0.0,True,False,False,dataaccept daily reference missing for 603122; dataaccept 5m reference missing for 603122,,,,,,,,,,,,
603210,accepted,True,True,2026-06-25,286,180,1970,40,2025-04-21 00:00:00,2026-06-25 00:00:00,2026-04-23 14:55:00,2026-06-25 15:00:00,0,0,,286,0,0,0,0,True,,42,0,0,0,0,0,0,0,True,2,48,0.0,True,,40,0.0,True,False,False,dataaccept daily reference missing for 603210; dataaccept 5m reference missing for 603210,,,,,,,,,,,,
603318,accepted,True,True,2026-06-25,286,180,1970,40,2025-04-21 00:00:00,2026-06-25 00:00:00,2026-04-23 14:55:00,2026-06-25 15:00:00,0,0,,286,0,0,0,0,True,,42,0,0,0,0,0,0,0,True,2,48,0.0,True,,40,0.0,True,False,False,dataaccept daily reference missing for 603318; dataaccept 5m reference missing for 603318,,,,,,,,,,,,
603335,accepted,True,True,2026-06-25,286,180,1970,40,2025-04-21 00:00:00,2026-06-25 00:00:00,2026-04-23 14:55:00,2026-06-25 15:00:00,0,0,,286,0,0,0,0,True,,42,0,0,0,0,0,0,0,True,2,48,0.0,True,,40,0.0,True,False,False,dataaccept daily reference missing for 603335; dataaccept 5m reference missing for 603335,,,,,,,,,,,,
603466,accepted,True,True,2026-06-25,286,180,1970,40,2025-04-21 00:00:00,2026-06-25 00:00:00,2026-04-23 14:55:00,2026-06-25 15:00:00,0,0,,286,0,0,0,0,True,,42,0,0,0,0,0,0,0,True,2,48,0.0,True,,40,0.0,True,False,False,dataaccept daily reference missing for 603466; dataaccept 5m reference missing for 603466,,,,,,,,,,,,
603630,accepted,True,True,2026-06-25,286,180,1970,40,2025-04-21 00:00:00,2026-06-25 00:00:00,2026-04-23 14:55:00,2026-06-25 15:00:00,0,0,,286,0,0,0,0,True,,42,0,0,0,0,0,0,0,True,2,48,0.0,True,,40,0.0,True,False,False,dataaccept daily reference missing for 603630; dataaccept 5m reference missing for 603630,,,,,,,,,,,,
603669,accepted,True,True,2026-06-25,286,180,1970,40,2025-04-21 00:00:00,2026-06-25 00:00:00,2026-04-23 14:55:00,2026-06-25 15:00:00,0,0,,286,0,0,0,0,True,,42,0,0,0,0,0,0,0,True,2,48,0.0,True,,40,0.0,True,False,False,dataaccept daily reference missing for 603669; dataaccept 5m reference missing for 603669,,,,,,,,,,,,
603717,accepted,True,True,2026-06-25,286,180,1970,40,2025-04-21 00:00:00,2026-06-25 00:00:00,2026-04-23 14:55:00,2026-06-25 15:00:00,0,0,,286,0,0,0,0,True,,42,0,0,0,0,0,0,0,True,2,48,0.0,True,,40,0.0,True,False,False,dataaccept daily reference missing for 603717; dataaccept 5m reference missing for 603717,,,,,,,,,,,,
603725,accepted,True,True,2026-06-25,286,180,1970,40,2025-04-21 00:00:00,2026-06-25 00:00:00,2026-04-23 14:55:00,2026-06-25 15:00:00,0,0,,286,0,0,0,0,True,,42,0,0,0,0,0,0,0,True,2,48,0.0,True,,40,0.0,True,False,False,dataaccept daily reference missing for 603725; dataaccept 5m reference missing for 603725,,,,,,,,,,,,
603757,accepted,True,True,2026-06-25,286,180,1970,40,2025-04-21 00:00:00,2026-06-25 00:00:00,2026-04-23 14:55:00,2026-06-25 15:00:00,0,0,,286,0,0,0,0,True,,42,0,0,0,0,0,0,0,True,2,48,0.0,True,,40,0.0,True,False,False,dataaccept daily reference missing for 603757; dataaccept 5m reference missing for 603757,,,,,,,,,,,,
603863,accepted,True,True,2026-06-25,281,180,1970,40,2025-04-21 00:00:00,2026-06-25 00:00:00,2026-04-23 14:55:00,2026-06-25 15:00:00,0,0,,281,0,0,0,0,True,,42,0,0,0,0,0,0,0,True,2,48,0.0,True,,40,0.0,True,False,False,dataaccept daily reference missing for 603863; dataaccept 5m reference missing for 603863,,,,,,,,,,,,
605118,accepted,True,True,2026-06-25,286,180,1970,40,2025-04-21 00:00:00,2026-06-25 00:00:00,2026-04-23 14:55:00,2026-06-25 15:00:00,0,0,,286,0,0,0,0,True,,42,0,0,0,0,0,0,0,True,2,48,0.0,True,,40,0.0,True,False,False,dataaccept daily reference missing for 605118; dataaccept 5m reference missing for 605118,,,,,,,,,,,,
605167,accepted,True,True,2026-06-25,286,180,1970,40,2025-04-21 00:00:00,2026-06-25 00:00:00,2026-04-23 14:55:00,2026-06-25 15:00:00,0,0,,286,0,0,0,0,True,,42,0,0,0,0,0,0,0,True,2,48,0.0,True,,40,0.0,True,False,False,dataaccept daily reference missing for 605167; dataaccept 5m reference missing for 605167,,,,,,,,,,,,
605366,accepted,True,True,2026-06-25,286,180,1970,40,2025-04-21 00:00:00,2026-06-25 00:00:00,2026-04-23 14:55:00,2026-06-25 15:00:00,0,0,,286,0,0,0,0,True,,42,0,0,0,0,0,0,0,True,2,48,0.0,True,,40,0.0,True,False,False,dataaccept daily reference missing for 605366; dataaccept 5m reference missing for 605366,,,,,,,,,,,,
605369,accepted,True,True,2026-06-25,286,180,1970,40,2025-04-21 00:00:00,2026-06-25 00:00:00,2026-04-23 14:55:00,2026-06-25 15:00:00,0,0,,286,0,0,0,0,True,,42,0,0,0,0,0,0,0,True,2,48,0.0,True,,40,0.0,True,False,False,dataaccept daily reference missing for 605369; dataaccept 5m reference missing for 605369,,,,,,,,,,,,
000021,accepted,True,True,2026-06-25,286,180,1970,40,2025-04-21 00:00:00,2026-06-25 00:00:00,2026-04-23 14:55:00,2026-06-25 15:00:00,0,0,,286,0,0,0,0,True,,42,0,0,0,0,0,0,0,True,2,48,0.0,True,,40,0.0,True,False,False,dataaccept daily reference missing for 000021; dataaccept 5m reference missing for 000021,,,,,,,,,,,,
000032,accepted,True,True,2026-06-25,286,180,1970,40,2025-04-21 00:00:00,2026-06-25 00:00:00,2026-04-23 14:55:00,2026-06-25 15:00:00,0,0,,286,0,0,0,0,True,,42,0,0,0,0,0,0,0,True,2,48,0.0,True,,40,0.0,True,False,False,dataaccept daily reference missing for 000032; dataaccept 5m reference missing for 000032,,,,,,,,,,,,
000818,accepted,True,True,2026-06-25,286,180,1970,40,2025-04-21 00:00:00,2026-06-25 00:00:00,2026-04-23 14:55:00,2026-06-25 15:00:00,0,0,,286,0,0,0,0,True,,42,0,0,0,0,0,0,0,True,2,48,0.0,True,,40,0.0,True,False,False,dataaccept daily reference missing for 000818; dataaccept 5m reference missing for 000818,,,,,,,,,,,,
000908,accepted,True,True,2026-06-25,281,180,1970,40,2025-04-21 00:00:00,2026-06-25 00:00:00,2026-04-22 14:50:00,2026-06-25 15:00:00,0,0,,281,0,0,0,0,True,,42,0,0,0,0,0,0,0,True,3,48,0.0,True,,40,0.0,True,False,False,dataaccept daily reference missing for 000908; dataaccept 5m reference missing for 000908,,,,,,,,,,,,
000925,accepted,True,True,2026-06-25,286,180,1970,40,2025-04-21 00:00:00,2026-06-25 00:00:00,2026-04-23 14:55:00,2026-06-25 15:00:00,0,0,,286,0,0,0,0,True,,42,0,0,0,0,0,0,0,True,2,48,0.0,True,,40,0.0,True,False,False,dataaccept daily reference missing for 000925; dataaccept 5m reference missing for 000925,,,,,,,,,,,,
000967,accepted,True,True,2026-06-25,286,180,1970,40,2025-04-21 00:00:00,2026-06-25 00:00:00,2026-04-23 14:55:00,2026-06-25 15:00:00,0,0,,286,0,0,0,0,True,,42,0,0,0,0,0,0,0,True,2,48,0.0,True,,40,0.0,True,False,False,dataaccept daily reference missing for 000967; dataaccept 5m reference missing for 000967,,,,,,,,,,,,
001339,accepted,True,True,2026-06-25,286,180,1970,40,2025-04-21 00:00:00,2026-06-25 00:00:00,2026-04-23 14:55:00,2026-06-25 15:00:00,0,0,,286,0,0,0,0,True,,42,0,0,0,0,0,0,0,True,2,48,0.0,True,,40,0.0,True,False,False,dataaccept daily reference missing for 001339; dataaccept 5m reference missing for 001339,,,,,,,,,,,,
002025,accepted,True,True,2026-06-25,286,180,1970,40,2025-04-21 00:00:00,2026-06-25 00:00:00,2026-04-23 14:55:00,2026-06-25 15:00:00,0,0,,286,0,0,0,0,True,,42,0,0,0,0,0,0,0,True,2,48,0.0,True,,40,0.0,True,False,False,dataaccept daily reference missing for 002025; dataaccept 5m reference missing for 002025,,,,,,,,,,,,
002046,accepted,True,True,2026-06-25,286,180,1970,40,2025-04-21 00:00:00,2026-06-25 00:00:00,2026-04-23 14:55:00,2026-06-25 15:00:00,0,0,,286,0,0,0,0,True,,42,0,0,0,0,0,0,0,True,2,48,0.0,True,,40,0.0,True,False,False,dataaccept daily reference missing for 002046; dataaccept 5m reference missing for 002046,,,,,,,,,,,,
002051,accepted,True,True,2026-06-25,286,180,1970,40,2025-04-21 00:00:00,2026-06-25 00:00:00,2026-04-23 14:55:00,2026-06-25 15:00:00,0,0,,286,0,0,0,0,True,,42,0,0,0,0,0,0,0,True,2,48,0.0,True,,40,0.009999999999999787,True,False,False,dataaccept daily reference missing for 002051; dataaccept 5m reference missing for 002051,,,,,,,,,,,,
002080,accepted,True,True,2026-06-25,286,180,1970,40,2025-04-21 00:00:00,2026-06-25 00:00:00,2026-04-23 14:55:00,2026-06-25 15:00:00,0,0,,286,0,0,0,0,True,,42,0,0,0,0,0,0,0,True,2,48,0.0,True,,40,0.0,True,False,False,dataaccept daily reference missing for 002080; dataaccept 5m reference missing for 002080,,,,,,,,,,,,
002192,accepted,True,True,2026-06-25,286,180,1970,40,2025-04-21 00:00:00,2026-06-25 00:00:00,2026-04-23 14:55:00,2026-06-25 15:00:00,0,0,,286,0,0,0,0,True,,42,0,0,0,0,0,0,0,True,2,48,0.0,True,,40,0.0,True,False,False,dataaccept daily reference missing for 002192; dataaccept 5m reference missing for 002192,,,,,,,,,,,,
002240,accepted,True,True,2026-06-25,286,180,1970,40,2025-04-21 00:00:00,2026-06-25 00:00:00,2026-04-23 14:55:00,2026-06-25 15:00:00,0,0,,286,0,0,0,0,True,,42,0,0,0,0,0,0,0,True,2,48,0.0,True,,40,0.0,True,False,False,dataaccept daily reference missing for 002240; dataaccept 5m reference missing for 002240,,,,,,,,,,,,
002254,accepted,True,True,2026-06-25,286,180,1970,40,2025-04-21 00:00:00,2026-06-25 00:00:00,2026-04-23 14:55:00,2026-06-25 15:00:00,0,0,,286,0,0,0,0,True,,42,0,0,0,0,0,0,0,True,2,48,0.0,True,,40,0.0,True,False,False,dataaccept daily reference missing for 002254; dataaccept 5m reference missing for 002254,,,,,,,,,,,,
002303,accepted,True,True,2026-06-25,286,180,1970,40,2025-04-21 00:00:00,2026-06-25 00:00:00,2026-04-23 14:55:00,2026-06-25 15:00:00,0,0,,286,0,0,0,0,True,,42,0,0,0,0,0,0,0,True,2,48,0.0,True,,40,0.0,True,False,False,dataaccept daily reference missing for 002303; dataaccept 5m reference missing for 002303,,,,,,,,,,,,
002364,accepted,True,True,2026-06-25,286,180,1970,40,2025-04-21 00:00:00,2026-06-25 00:00:00,2026-04-23 14:55:00,2026-06-25 15:00:00,0,0,,286,0,0,0,0,True,,42,0,0,0,0,0,0,0,True,2,48,0.0,True,,40,0.0,True,False,False,dataaccept daily reference missing for 002364; dataaccept 5m reference missing for 002364,,,,,,,,,,,,
002427,accepted,True,True,2026-06-25,286,180,1970,40,2025-04-21 00:00:00,2026-06-25 00:00:00,2026-04-23 14:55:00,2026-06-25 15:00:00,0,0,,286,0,0,0,0,True,,42,0,0,0,0,0,0,0,True,2,48,0.0,True,,40,0.0,True,False,False,dataaccept daily reference missing for 002427; dataaccept 5m reference missing for 002427,,,,,,,,,,,,
002452,accepted,True,True,2026-06-25,286,180,1970,40,2025-04-21 00:00:00,2026-06-25 00:00:00,2026-04-23 14:55:00,2026-06-25 15:00:00,0,0,,286,0,0,0,0,True,,42,0,0,0,0,0,0,0,True,2,48,0.0,True,,40,0.0,True,False,False,dataaccept daily reference missing for 002452; dataaccept 5m reference missing for 002452,,,,,,,,,,,,
002491,accepted,True,True,2026-06-25,286,180,1970,40,2025-04-21 00:00:00,2026-06-25 00:00:00,2026-04-23 14:55:00,2026-06-25 15:00:00,0,0,,286,0,0,0,0,True,,42,0,0,0,0,0,0,0,True,2,48,0.0,True,,40,0.0,True,False,False,dataaccept daily reference missing for 002491; dataaccept 5m reference missing for 002491,,,,,,,,,,,,
002497,accepted,True,True,2026-06-25,286,180,1970,40,2025-04-21 00:00:00,2026-06-25 00:00:00,2026-04-23 14:55:00,2026-06-25 15:00:00,0,0,,286,0,0,0,0,True,,42,0,0,0,0,0,0,0,True,2,48,0.0,True,,40,0.0,True,False,False,dataaccept daily reference missing for 002497; dataaccept 5m reference missing for 002497,,,,,,,,,,,,
002520,accepted,True,True,2026-06-25,286,180,1970,40,2025-04-21 00:00:00,2026-06-25 00:00:00,2026-04-23 14:55:00,2026-06-25 15:00:00,0,0,,286,0,0,0,0,True,,42,0,0,0,0,0,0,0,True,2,48,0.0,True,,40,0.0,True,False,False,dataaccept daily reference missing for 002520; dataaccept 5m reference missing for 002520,,,,,,,,,,,,
002536,accepted,True,True,2026-06-25,286,180,1970,40,2025-04-21 00:00:00,2026-06-25 00:00:00,2026-04-23 14:55:00,2026-06-25 15:00:00,0,0,,286,0,0,0,0,True,,42,0,0,0,0,0,0,0,True,2,48,0.0,True,,40,0.0,True,False,False,dataaccept daily reference missing for 002536; dataaccept 5m reference missing for 002536,,,,,,,,,,,,
002550,accepted,True,True,2026-06-25,286,180,1970,40,2025-04-21 00:00:00,2026-06-25 00:00:00,2026-04-23 14:55:00,2026-06-25 15:00:00,0,0,,286,0,0,0,0,True,,42,0,0,0,0,0,0,0,True,2,48,0.0,True,,40,0.0,True,False,False,dataaccept daily reference missing for 002550; dataaccept 5m reference missing for 002550,,,,,,,,,,,,
002552,accepted,True,True,2026-06-25,286,180,1970,40,2025-04-21 00:00:00,2026-06-25 00:00:00,2026-04-23 14:55:00,2026-06-25 15:00:00,0,0,,286,0,0,0,0,True,,42,0,0,0,0,0,0,0,True,2,48,0.0,True,,40,0.0,True,False,False,dataaccept daily reference missing for 002552; dataaccept 5m reference missing for 002552,,,,,,,,,,,,
002600,accepted,True,True,2026-06-25,286,180,1970,40,2025-04-21 00:00:00,2026-06-25 00:00:00,2026-04-23 14:55:00,2026-06-25 15:00:00,0,0,,286,0,0,0,0,True,,42,0,0,0,0,0,0,0,True,2,48,0.0,True,,40,0.0,True,False,False,dataaccept daily reference missing for 002600; dataaccept 5m reference missing for 002600,,,,,,,,,,,,
002643,accepted,True,True,2026-06-25,286,180,1970,40,2025-04-21 00:00:00,2026-06-25 00:00:00,2026-04-23 14:55:00,2026-06-25 15:00:00,0,0,,286,0,0,0,0,True,,42,0,0,0,0,0,0,0,True,2,48,0.0,True,,40,0.0,True,False,False,dataaccept daily reference missing for 002643; dataaccept 5m reference missing for 002643,,,,,,,,,,,,
002803,accepted,True,True,2026-06-25,286,180,1970,40,2025-04-21 00:00:00,2026-06-25 00:00:00,2026-04-23 14:55:00,2026-06-25 15:00:00,0,0,,286,0,0,0,0,True,,42,0,0,0,0,0,0,0,True,2,48,0.0,True,,40,0.0,True,False,False,dataaccept daily reference missing for 002803; dataaccept 5m reference missing for 002803,,,,,,,,,,,,
002821,accepted,True,True,2026-06-25,286,180,1970,40,2025-04-21 00:00:00,2026-06-25 00:00:00,2026-04-23 14:55:00,2026-06-25 15:00:00,0,0,,286,0,0,0,0,True,,42,0,0,0,0,0,0,0,True,2,48,0.0,True,,40,0.0,True,False,False,dataaccept daily reference missing for 002821; dataaccept 5m reference missing for 002821,,,,,,,,,,,,
002876,accepted,True,True,2026-06-25,286,180,1970,40,2025-04-21 00:00:00,2026-06-25 00:00:00,2026-04-23 14:55:00,2026-06-25 15:00:00,0,0,,286,0,0,0,0,True,,42,0,0,0,0,0,0,0,True,2,48,0.0,True,,40,0.0,True,False,False,dataaccept daily reference missing for 002876; dataaccept 5m reference missing for 002876,,,,,,,,,,,,
002897,accepted,True,True,2026-06-25,286,180,1970,40,2025-04-21 00:00:00,2026-06-25 00:00:00,2026-04-23 14:55:00,2026-06-25 15:00:00,0,0,,286,0,0,0,0,True,,42,0,0,0,0,0,0,0,True,2,48,0.0,True,,40,0.0,True,False,False,dataaccept daily reference missing for 002897; dataaccept 5m reference missing for 002897,,,,,,,,,,,,
002943,accepted,True,True,2026-06-25,286,180,1970,40,2025-04-21 00:00:00,2026-06-25 00:00:00,2026-04-23 14:55:00,2026-06-25 15:00:00,0,0,,286,0,0,0,0,True,,42,0,0,0,0,0,0,0,True,2,48,0.0,True,,40,0.0,True,False,False,dataaccept daily reference missing for 002943; dataaccept 5m reference missing for 002943,,,,,,,,,,,,
002990,accepted,True,True,2026-06-25,286,180,1970,40,2025-04-21 00:00:00,2026-06-25 00:00:00,2026-04-23 14:55:00,2026-06-25 15:00:00,0,0,,286,0,0,0,0,True,,42,0,0,0,0,0,0,0,True,2,48,0.0,True,,40,0.0,True,False,False,dataaccept daily reference missing for 002990; dataaccept 5m reference missing for 002990,,,,,,,,,,,,
003018,accepted,True,True,2026-06-25,286,180,1970,40,2025-04-21 00:00:00,2026-06-25 00:00:00,2026-04-23 14:55:00,2026-06-25 15:00:00,0,0,,286,0,0,0,0,True,,42,0,0,0,0,0,0,0,True,2,48,0.0,True,,40,0.0,True,False,False,dataaccept daily reference missing for 003018; dataaccept 5m reference missing for 003018,,,,,,,,,,,,
003043,failed,True,True,2026-06-25,286,180,1922,40,2025-04-21 00:00:00,2026-06-25 00:00:00,2026-04-24 14:55:00,2026-06-25 15:00:00,0,0,,286,0,0,0,0,True,,41,0,0,0,0,0,0,0,True,2,48,0.0,True,,40,0.030000000000001137,False,False,False,dataaccept daily reference missing for 003043; dataaccept 5m reference missing for 003043,daily/5m close mismatch max_diff=0.030000000000001137,,,,,,,,,,,
600026,accepted,True,True,2026-06-25,286,180,1970,40,2025-04-21 00:00:00,2026-06-25 00:00:00,2026-04-23 14:55:00,2026-06-25 15:00:00,0,0,,286,0,0,0,0,True,,42,0,0,0,0,0,0,0,True,2,48,0.0,True,,40,0.0,True,False,False,dataaccept daily reference missing for 600026; dataaccept 5m reference missing for 600026,,,,,,,,,,,,
600105,accepted,True,True,2026-06-25,286,180,1970,40,2025-04-21 00:00:00,2026-06-25 00:00:00,2026-04-23 14:55:00,2026-06-25 15:00:00,0,0,,286,0,0,0,0,True,,42,0,0,0,0,0,0,0,True,2,48,0.0,True,,40,0.0,True,False,False,dataaccept daily reference missing for 600105; dataaccept 5m reference missing for 600105,,,,,,,,,,,,
600176,accepted,True,True,2026-06-25,286,180,1970,40,2025-04-21 00:00:00,2026-06-25 00:00:00,2026-04-23 14:55:00,2026-06-25 15:00:00,0,0,,286,0,0,0,0,True,,42,0,0,0,0,0,0,0,True,2,48,0.0,True,,40,0.0,True,False,False,dataaccept daily reference missing for 600176; dataaccept 5m reference missing for 600176,,,,,,,,,,,,
600226,accepted,True,True,2026-06-25,286,180,1970,40,2025-04-21 00:00:00,2026-06-25 00:00:00,2026-04-23 14:55:00,2026-06-25 15:00:00,0,0,,286,0,0,0,0,True,,42,0,0,0,0,0,0,0,True,2,48,0.0,True,,40,0.0,True,False,False,dataaccept daily reference missing for 600226; dataaccept 5m reference missing for 600226,,,,,,,,,,,,
600246,accepted,True,True,2026-06-25,286,180,1970,40,2025-04-21 00:00:00,2026-06-25 00:00:00,2026-04-23 14:55:00,2026-06-25 15:00:00,0,0,,286,0,0,0,0,True,,42,0,0,0,0,0,0,0,True,2,48,0.0,True,,40,0.0,True,False,False,dataaccept daily reference missing for 600246; dataaccept 5m reference missing for 600246,,,,,,,,,,,,
600563,accepted,True,True,2026-06-25,286,180,1970,40,2025-04-21 00:00:00,2026-06-25 00:00:00,2026-04-23 14:55:00,2026-06-25 15:00:00,0,0,,286,0,0,0,0,True,,42,0,0,0,0,0,0,0,True,2,48,0.0,True,,40,0.0,True,False,False,dataaccept daily reference missing for 600563; dataaccept 5m reference missing for 600563,,,,,,,,,,,,
600596,accepted,True,True,2026-06-25,286,180,1970,40,2025-04-21 00:00:00,2026-06-25 00:00:00,2026-04-23 14:55:00,2026-06-25 15:00:00,0,0,,286,0,0,0,0,True,,42,0,0,0,0,0,0,0,True,2,48,0.0,True,,40,0.0,True,False,False,dataaccept daily reference missing for 600596; dataaccept 5m reference missing for 600596,,,,,,,,,,,,
600667,accepted,True,True,2026-06-25,286,180,1970,40,2025-04-21 00:00:00,2026-06-25 00:00:00,2026-04-23 14:55:00,2026-06-25 15:00:00,0,0,,286,0,0,0,0,True,,42,0,0,0,0,0,0,0,True,2,48,0.0,True,,40,0.0,True,False,False,dataaccept daily reference missing for 600667; dataaccept 5m reference missing for 600667,,,,,,,,,,,,
600877,accepted,True,True,2026-06-25,286,180,1970,40,2025-04-21 00:00:00,2026-06-25 00:00:00,2026-04-23 14:55:00,2026-06-25 15:00:00,0,0,,286,0,0,0,0,True,,42,0,0,0,0,0,0,0,True,2,48,0.0,True,,40,0.0,True,False,False,dataaccept daily reference missing for 600877; dataaccept 5m reference missing for 600877,,,,,,,,,,,,
600909,accepted,True,True,2026-06-25,286,180,1970,40,2025-04-21 00:00:00,2026-06-25 00:00:00,2026-04-23 14:55:00,2026-06-25 15:00:00,0,0,,286,0,0,0,0,True,,42,0,0,0,0,0,0,0,True,2,48,0.0,True,,40,0.0,True,False,False,dataaccept daily reference missing for 600909; dataaccept 5m reference missing for 600909,,,,,,,,,,,,
601133,accepted,True,True,2026-06-25,283,180,1970,40,2025-04-21 00:00:00,2026-06-25 00:00:00,2026-04-23 14:55:00,2026-06-25 15:00:00,0,0,,283,0,0,0,0,True,,42,0,0,0,0,0,0,0,True,2,48,0.0,True,,40,0.0,True,False,False,dataaccept daily reference missing for 601133; dataaccept 5m reference missing for 601133,,,,,,,,,,,,
601872,accepted,True,True,2026-06-25,286,180,1970,40,2025-04-21 00:00:00,2026-06-25 00:00:00,2026-04-23 14:55:00,2026-06-25 15:00:00,0,0,,286,0,0,0,0,True,,42,0,0,0,0,0,0,0,True,2,48,0.0,True,,40,0.0,True,False,False,dataaccept daily reference missing for 601872; dataaccept 5m reference missing for 601872,,,,,,,,,,,,
603001,accepted,True,True,2026-06-25,285,180,1970,40,2025-04-21 00:00:00,2026-06-24 00:00:00,2026-04-22 14:55:00,2026-06-24 15:00:00,0,0,,285,0,0,0,0,True,,42,0,0,0,0,0,0,0,True,2,48,0.0,True,,40,0.0,True,False,False,dataaccept daily reference missing for 603001; dataaccept 5m reference missing for 603001,,,,,,,,,,,,
603045,accepted,True,True,2026-06-25,286,180,1970,40,2025-04-21 00:00:00,2026-06-25 00:00:00,2026-04-23 14:25:00,2026-06-25 15:00:00,0,0,,286,0,0,0,0,True,,42,0,0,0,0,0,0,0,True,8,48,0.0,True,,40,0.0,True,False,False,dataaccept daily reference missing for 603045; dataaccept 5m reference missing for 603045,,,,,,,,,,,,
603061,accepted,True,True,2026-06-25,286,180,1970,40,2025-04-21 00:00:00,2026-06-25 00:00:00,2026-04-23 14:55:00,2026-06-25 15:00:00,0,0,,286,0,0,0,0,True,,42,0,0,0,0,0,0,0,True,2,48,0.0,True,,40,0.0,True,False,False,dataaccept daily reference missing for 603061; dataaccept 5m reference missing for 603061,,,,,,,,,,,,
603203,accepted,True,True,2026-06-25,286,180,1970,40,2025-04-21 00:00:00,2026-06-25 00:00:00,2026-04-23 14:55:00,2026-06-25 15:00:00,0,0,,286,0,0,0,0,True,,42,0,0,0,0,0,0,0,True,2,48,0.0,True,,40,0.0,True,False,False,dataaccept daily reference missing for 603203; dataaccept 5m reference missing for 603203,,,,,,,,,,,,
603297,accepted,True,True,2026-06-25,286,180,1970,40,2025-04-21 00:00:00,2026-06-25 00:00:00,2026-04-23 14:55:00,2026-06-25 15:00:00,0,0,,286,0,0,0,0,True,,42,0,0,0,0,0,0,0,True,2,48,0.0,True,,40,0.0,True,False,False,dataaccept daily reference missing for 603297; dataaccept 5m reference missing for 603297,,,,,,,,,,,,
603317,accepted,True,True,2026-06-25,286,180,1970,40,2025-04-21 00:00:00,2026-06-25 00:00:00,2026-04-23 14:55:00,2026-06-25 15:00:00,0,0,,286,0,0,0,0,True,,42,0,0,0,0,0,0,0,True,2,48,0.0,True,,40,0.0,True,False,False,dataaccept daily reference missing for 603317; dataaccept 5m reference missing for 603317,,,,,,,,,,,,
603324,accepted,True,True,2026-06-25,286,180,1970,40,2025-04-21 00:00:00,2026-06-25 00:00:00,2026-04-23 14:55:00,2026-06-25 15:00:00,0,0,,286,0,0,0,0,True,,42,0,0,0,0,0,0,0,True,2,48,0.0,True,,40,0.0,True,False,False,dataaccept daily reference missing for 603324; dataaccept 5m reference missing for 603324,,,,,,,,,,,,
603386,accepted,True,True,2026-06-25,286,180,1970,40,2025-04-21 00:00:00,2026-06-25 00:00:00,2026-04-23 14:55:00,2026-06-25 15:00:00,0,0,,286,0,0,0,0,True,,42,0,0,0,0,0,0,0,True,2,48,0.0,True,,40,0.0,True,False,False,dataaccept daily reference missing for 603386; dataaccept 5m reference missing for 603386,,,,,,,,,,,,
603650,accepted,True,True,2026-06-25,286,180,1970,40,2025-04-21 00:00:00,2026-06-25 00:00:00,2026-04-23 14:55:00,2026-06-25 15:00:00,0,0,,286,0,0,0,0,True,,42,0,0,0,0,0,0,0,True,2,48,0.0,True,,40,0.0,True,False,False,dataaccept daily reference missing for 603650; dataaccept 5m reference missing for 603650,,,,,,,,,,,,
603678,accepted,True,True,2026-06-25,286,180,1970,40,2025-04-21 00:00:00,2026-06-25 00:00:00,2026-04-23 14:55:00,2026-06-25 15:00:00,0,0,,286,0,0,0,0,True,,42,0,0,0,0,0,0,0,True,2,48,0.0,True,,40,0.0,True,False,False,dataaccept daily reference missing for 603678; dataaccept 5m reference missing for 603678,,,,,,,,,,,,
603698,accepted,True,True,2026-06-25,286,180,1970,40,2025-04-21 00:00:00,2026-06-25 00:00:00,2026-04-23 14:55:00,2026-06-25 15:00:00,0,0,,286,0,0,0,0,True,,42,0,0,0,0,0,0,0,True,2,48,0.0,True,,40,0.0,True,False,False,dataaccept daily reference missing for 603698; dataaccept 5m reference missing for 603698,,,,,,,,,,,,
603713,accepted,True,True,2026-06-25,286,180,1970,40,2025-04-21 00:00:00,2026-06-25 00:00:00,2026-04-23 14:55:00,2026-06-25 15:00:00,0,0,,286,0,0,0,0,True,,42,0,0,0,0,0,0,0,True,2,48,0.0,True,,40,0.0,True,False,False,dataaccept daily reference missing for 603713; dataaccept 5m reference missing for 603713,,,,,,,,,,,,
603929,accepted,True,True,2026-06-25,286,180,1970,40,2025-04-21 00:00:00,2026-06-25 00:00:00,2026-04-23 14:55:00,2026-06-25 15:00:00,0,0,,286,0,0,0,0,True,,42,0,0,0,0,0,0,0,True,2,48,0.0,True,,40,0.0,True,False,False,dataaccept daily reference missing for 603929; dataaccept 5m reference missing for 603929,,,,,,,,,,,,
603948,accepted,True,True,2026-06-25,286,180,1970,40,2025-04-21 00:00:00,2026-06-25 00:00:00,2026-04-23 14:55:00,2026-06-25 15:00:00,0,0,,286,0,0,0,0,True,,42,0,0,0,0,0,0,0,True,2,48,0.0,True,,40,0.0,True,False,False,dataaccept daily reference missing for 603948; dataaccept 5m reference missing for 603948,,,,,,,,,,,,
603986,accepted,True,True,2026-06-25,286,180,1970,40,2025-04-21 00:00:00,2026-06-25 00:00:00,2026-04-23 14:55:00,2026-06-25 15:00:00,0,0,,286,0,0,0,0,True,,42,0,0,0,0,0,0,0,True,2,48,0.0,True,,40,0.0,True,False,False,dataaccept daily reference missing for 603986; dataaccept 5m reference missing for 603986,,,,,,,,,,,,
605151,accepted,True,True,2026-06-25,286,180,1970,40,2025-04-21 00:00:00,2026-06-25 00:00:00,2026-04-23 14:55:00,2026-06-25 15:00:00,0,0,,286,0,0,0,0,True,,42,0,0,0,0,0,0,0,True,2,48,0.0,True,,40,0.0,True,False,False,dataaccept daily reference missing for 605151; dataaccept 5m reference missing for 605151,,,,,,,,,,,,
605277,accepted,True,True,2026-06-25,286,180,1970,40,2025-04-21 00:00:00,2026-06-25 00:00:00,2026-04-23 14:55:00,2026-06-25 15:00:00,0,0,,286,0,0,0,0,True,,42,0,0,0,0,0,0,0,True,2,48,0.0,True,,40,0.0,True,False,False,dataaccept daily reference missing for 605277; dataaccept 5m reference missing for 605277,,,,,,,,,,,,
605598,accepted,True,True,2026-06-25,286,180,1970,40,2025-04-21 00:00:00,2026-06-25 00:00:00,2026-04-23 14:55:00,2026-06-25 15:00:00,0,0,,286,0,0,0,0,True,,42,0,0,0,0,0,0,0,True,2,48,0.0,True,,40,0.0,True,False,False,dataaccept daily reference missing for 605598; dataaccept 5m reference missing for 605598,,,,,,,,,,,,
000034,accepted,True,True,2026-06-25,286,180,1970,40,2025-04-21 00:00:00,2026-06-25 00:00:00,2026-04-23 14:55:00,2026-06-25 15:00:00,0,0,,286,0,0,0,0,True,,42,0,0,0,0,0,0,0,True,2,48,0.0,True,,40,0.0,True,False,False,dataaccept daily reference missing for 000034; dataaccept 5m reference missing for 000034,,,,,,,,,,,,
000100,accepted,True,True,2026-06-25,286,180,1970,40,2025-04-21 00:00:00,2026-06-25 00:00:00,2026-04-23 14:55:00,2026-06-25 15:00:00,0,0,,286,0,0,0,0,True,,42,0,0,0,0,0,0,0,True,2,48,0.0,True,,40,0.0,True,False,False,dataaccept daily reference missing for 000100; dataaccept 5m reference missing for 000100,,,,,,,,,,,,
000636,accepted,True,True,2026-06-25,286,180,1970,40,2025-04-21 00:00:00,2026-06-25 00:00:00,2026-04-23 14:55:00,2026-06-25 15:00:00,0,0,,286,0,0,0,0,True,,42,0,0,0,0,0,0,0,True,2,48,0.0,True,,40,0.0,True,True,True,dataaccept daily volume unit ratio median=100.0,,264.0,0.0,0.0,0.0,0.0,100.0,1778.0,0.0,0.0,0.0,0.0
000766,accepted,True,True,2026-06-25,286,180,1970,40,2025-04-21 00:00:00,2026-06-25 00:00:00,2026-04-23 14:55:00,2026-06-25 15:00:00,0,0,,286,0,0,0,0,True,,42,0,0,0,0,0,0,0,True,2,48,0.0,True,,40,0.0,True,False,False,dataaccept daily reference missing for 000766; dataaccept 5m reference missing for 000766,,,,,,,,,,,,
001309,accepted,True,True,2026-06-25,286,180,1970,40,2025-04-21 00:00:00,2026-06-25 00:00:00,2026-04-23 14:55:00,2026-06-25 15:00:00,0,0,,286,0,0,0,0,True,,42,0,0,0,0,0,0,0,True,2,48,0.0,True,,40,0.0,True,False,False,dataaccept daily reference missing for 001309; dataaccept 5m reference missing for 001309,,,,,,,,,,,,
001330,accepted,True,True,2026-06-25,286,180,1970,40,2025-04-21 00:00:00,2026-06-25 00:00:00,2026-04-23 14:55:00,2026-06-25 15:00:00,0,0,,286,0,0,0,0,True,,42,0,0,0,0,0,0,0,True,2,48,0.0,True,,40,0.0,True,False,False,dataaccept daily reference missing for 001330; dataaccept 5m reference missing for 001330,,,,,,,,,,,,
002056,accepted,True,True,2026-06-25,286,180,1970,40,2025-04-21 00:00:00,2026-06-25 00:00:00,2026-04-23 14:55:00,2026-06-25 15:00:00,0,0,,286,0,0,0,0,True,,42,0,0,0,0,0,0,0,True,2,48,0.0,True,,40,0.0,True,False,False,dataaccept daily reference missing for 002056; dataaccept 5m reference missing for 002056,,,,,,,,,,,,
002387,accepted,True,True,2026-06-25,281,180,1970,40,2025-04-21 00:00:00,2026-06-25 00:00:00,2026-04-23 14:55:00,2026-06-25 15:00:00,0,0,,281,0,0,0,0,True,,42,0,0,0,0,0,0,0,True,2,48,0.0,True,,40,0.0,True,False,False,dataaccept daily reference missing for 002387; dataaccept 5m reference missing for 002387,,,,,,,,,,,,
002484,accepted,True,True,2026-06-25,286,180,1970,40,2025-04-21 00:00:00,2026-06-25 00:00:00,2026-04-23 14:55:00,2026-06-25 15:00:00,0,0,,286,0,0,0,0,True,,42,0,0,0,0,0,0,0,True,2,48,0.0,True,,40,0.0,True,False,False,dataaccept daily reference missing for 002484; dataaccept 5m reference missing for 002484,,,,,,,,,,,,
002518,accepted,True,True,2026-06-25,286,180,1970,40,2025-04-21 00:00:00,2026-06-25 00:00:00,2026-04-23 14:55:00,2026-06-25 15:00:00,0,0,,286,0,0,0,0,True,,42,0,0,0,0,0,0,0,True,2,48,0.0,True,,40,0.0,True,False,False,dataaccept daily reference missing for 002518; dataaccept 5m reference missing for 002518,,,,,,,,,,,,
002558,accepted,True,True,2026-06-25,286,180,1970,40,2025-04-21 00:00:00,2026-06-25 00:00:00,2026-04-23 14:55:00,2026-06-25 15:00:00,0,0,,286,0,0,0,0,True,,42,0,0,0,0,0,0,0,True,2,48,0.0,True,,40,0.0,True,False,False,dataaccept daily reference missing for 002558; dataaccept 5m reference missing for 002558,,,,,,,,,,,,
002579,accepted,True,True,2026-06-25,286,180,1970,40,2025-04-21 00:00:00,2026-06-25 00:00:00,2026-04-23 14:55:00,2026-06-25 15:00:00,0,0,,286,0,0,0,0,True,,42,0,0,0,0,0,0,0,True,2,48,0.0,True,,40,0.0,True,False,False,dataaccept daily reference missing for 002579; dataaccept 5m reference missing for 002579,,,,,,,,,,,,
002654,accepted,True,True,2026-06-25,286,180,1970,40,2025-04-21 00:00:00,2026-06-25 00:00:00,2026-04-23 14:55:00,2026-06-25 15:00:00,0,0,,286,0,0,0,0,True,,42,0,0,0,0,0,0,0,True,2,48,0.0,True,,40,0.0,True,False,False,dataaccept daily reference missing for 002654; dataaccept 5m reference missing for 002654,,,,,,,,,,,,
002787,accepted,True,True,2026-06-25,286,180,1970,40,2025-04-21 00:00:00,2026-06-25 00:00:00,2026-04-23 14:55:00,2026-06-25 15:00:00,0,0,,286,0,0,0,0,True,,42,0,0,0,0,0,0,0,True,2,48,0.0,True,,40,0.0,True,False,False,dataaccept daily reference missing for 002787; dataaccept 5m reference missing for 002787,,,,,,,,,,,,
002928,accepted,True,True,2026-06-25,286,180,1970,40,2025-04-21 00:00:00,2026-06-25 00:00:00,2026-04-23 14:55:00,2026-06-25 15:00:00,0,0,,286,0,0,0,0,True,,42,0,0,0,0,0,0,0,True,2,48,0.0,True,,40,0.0,True,False,False,dataaccept daily reference missing for 002928; dataaccept 5m reference missing for 002928,,,,,,,,,,,,
002965,accepted,True,True,2026-06-25,286,180,1970,40,2025-04-21 00:00:00,2026-06-25 00:00:00,2026-04-23 14:55:00,2026-06-25 15:00:00,0,0,,286,0,0,0,0,True,,42,0,0,0,0,0,0,0,True,2,48,0.0,True,,40,0.0,True,False,False,dataaccept daily reference missing for 002965; dataaccept 5m reference missing for 002965,,,,,,,,,,,,
002980,accepted,True,True,2026-06-25,286,180,1970,40,2025-04-21 00:00:00,2026-06-25 00:00:00,2026-04-23 14:55:00,2026-06-25 15:00:00,0,0,,286,0,0,0,0,True,,42,0,0,0,0,0,0,0,True,2,48,0.0,True,,40,0.0,True,False,False,dataaccept daily reference missing for 002980; dataaccept 5m reference missing for 002980,,,,,,,,,,,,
600152,accepted,True,True,2026-06-25,286,180,1970,40,2025-04-21 00:00:00,2026-06-25 00:00:00,2026-04-23 14:55:00,2026-06-25 15:00:00,0,0,,286,0,0,0,0,True,,42,0,0,0,0,0,0,0,True,2,48,0.0,True,,40,0.0,True,False,False,dataaccept daily reference missing for 600152; dataaccept 5m reference missing for 600152,,,,,,,,,,,,
600184,accepted,True,True,2026-06-25,286,180,1970,40,2025-04-21 00:00:00,2026-06-25 00:00:00,2026-04-23 14:55:00,2026-06-25 15:00:00,0,0,,286,0,0,0,0,True,,42,0,0,0,0,0,0,0,True,2,48,0.0,True,,40,0.0,True,False,False,dataaccept daily reference missing for 600184; dataaccept 5m reference missing for 600184,,,,,,,,,,,,
600186,accepted,True,True,2026-06-25,286,180,1970,40,2025-04-21 00:00:00,2026-06-25 00:00:00,2026-04-23 14:55:00,2026-06-25 15:00:00,0,0,,286,0,0,0,0,True,,42,0,0,0,0,0,0,0,True,2,48,0.0,True,,40,0.0,True,False,False,dataaccept daily reference missing for 600186; dataaccept 5m reference missing for 600186,,,,,,,,,,,,
600228,accepted,True,True,2026-06-25,279,180,1970,40,2025-04-21 00:00:00,2026-06-25 00:00:00,2026-04-15 14:20:00,2026-06-25 15:00:00,0,0,,279,0,0,0,0,True,,42,0,0,0,0,0,0,0,True,9,48,0.0,True,,40,0.0,True,False,False,dataaccept daily reference missing for 600228; dataaccept 5m reference missing for 600228,,,,,,,,,,,,
600237,accepted,True,True,2026-06-25,286,180,1970,40,2025-04-21 00:00:00,2026-06-25 00:00:00,2026-04-23 14:55:00,2026-06-25 15:00:00,0,0,,286,0,0,0,0,True,,42,0,0,0,0,0,0,0,True,2,48,0.0,True,,40,0.0,True,False,False,dataaccept daily reference missing for 600237; dataaccept 5m reference missing for 600237,,,,,,,,,,,,
600330,accepted,True,True,2026-06-25,286,180,1970,40,2025-04-21 00:00:00,2026-06-25 00:00:00,2026-04-23 14:55:00,2026-06-25 15:00:00,0,0,,286,0,0,0,0,True,,42,0,0,0,0,0,0,0,True,2,48,0.0,True,,40,0.0,True,False,False,dataaccept daily reference missing for 600330; dataaccept 5m reference missing for 600330,,,,,,,,,,,,
600458,accepted,True,True,2026-06-25,286,180,1970,40,2025-04-21 00:00:00,2026-06-25 00:00:00,2026-04-23 14:55:00,2026-06-25 15:00:00,0,0,,286,0,0,0,0,True,,42,0,0,0,0,0,0,0,True,2,48,0.0,True,,40,0.0,True,False,False,dataaccept daily reference missing for 600458; dataaccept 5m reference missing for 600458,,,,,,,,,,,,
600500,accepted,True,True,2026-06-25,277,180,1970,40,2025-04-21 00:00:00,2026-06-25 00:00:00,2026-04-23 14:55:00,2026-06-25 15:00:00,0,0,,277,0,0,0,0,True,,42,0,0,0,0,0,0,0,True,2,48,0.0,True,,40,0.0,True,False,False,dataaccept daily reference missing for 600500; dataaccept 5m reference missing for 600500,,,,,,,,,,,,
600516,accepted,True,True,2026-06-25,286,180,1970,40,2025-04-21 00:00:00,2026-06-25 00:00:00,2026-04-23 14:55:00,2026-06-25 15:00:00,0,0,,286,0,0,0,0,True,,42,0,0,0,0,0,0,0,True,2,48,0.0,True,,40,0.0,True,False,False,dataaccept daily reference missing for 600516; dataaccept 5m reference missing for 600516,,,,,,,,,,,,
600579,accepted,True,True,2026-06-25,276,180,1970,40,2025-04-21 00:00:00,2026-06-25 00:00:00,2026-04-23 14:55:00,2026-06-25 15:00:00,0,0,,276,0,0,0,0,True,,42,0,0,0,0,0,0,0,True,2,48,0.0,True,,40,0.0,True,False,False,dataaccept daily reference missing for 600579; dataaccept 5m reference missing for 600579,,,,,,,,,,,,
600668,accepted,True,True,2026-06-25,286,180,1970,40,2025-04-21 00:00:00,2026-06-25 00:00:00,2026-04-23 14:55:00,2026-06-25 15:00:00,0,0,,286,0,0,0,0,True,,42,0,0,0,0,0,0,0,True,2,48,0.0,True,,40,0.0,True,False,False,dataaccept daily reference missing for 600668; dataaccept 5m reference missing for 600668,,,,,,,,,,,,
600857,accepted,True,True,2026-06-25,286,180,1970,40,2025-04-21 00:00:00,2026-06-25 00:00:00,2026-04-23 14:55:00,2026-06-25 15:00:00,0,0,,286,0,0,0,0,True,,42,0,0,0,0,0,0,0,True,2,48,0.0,True,,40,0.0,True,False,False,dataaccept daily reference missing for 600857; dataaccept 5m reference missing for 600857,,,,,,,,,,,,
600888,accepted,True,True,2026-06-25,286,180,1970,40,2025-04-21 00:00:00,2026-06-25 00:00:00,2026-04-23 14:55:00,2026-06-25 15:00:00,0,0,,286,0,0,0,0,True,,42,0,0,0,0,0,0,0,True,2,48,0.0,True,,40,0.0,True,False,False,dataaccept daily reference missing for 600888; dataaccept 5m reference missing for 600888,,,,,,,,,,,,
600903,accepted,True,True,2026-06-25,286,180,1970,40,2025-04-21 00:00:00,2026-06-25 00:00:00,2026-04-23 14:55:00,2026-06-25 15:00:00,0,0,,286,0,0,0,0,True,,42,0,0,0,0,0,0,0,True,2,48,0.0,True,,40,0.0,True,False,False,dataaccept daily reference missing for 600903; dataaccept 5m reference missing for 600903,,,,,,,,,,,,
600962,accepted,True,True,2026-06-25,276,180,1970,40,2025-04-21 00:00:00,2026-06-25 00:00:00,2026-04-23 14:55:00,2026-06-25 15:00:00,0,0,,276,0,0,0,0,True,,42,0,0,0,0,0,0,0,True,2,48,0.0,True,,40,0.0,True,False,False,dataaccept daily reference missing for 600962; dataaccept 5m reference missing for 600962,,,,,,,,,,,,
601798,accepted,True,True,2026-06-25,286,180,1970,40,2025-04-21 00:00:00,2026-06-25 00:00:00,2026-04-23 14:55:00,2026-06-25 15:00:00,0,0,,286,0,0,0,0,True,,42,0,0,0,0,0,0,0,True,2,48,0.0,True,,40,0.0,True,False,False,dataaccept daily reference missing for 601798; dataaccept 5m reference missing for 601798,,,,,,,,,,,,
603010,accepted,True,True,2026-06-25,286,180,1970,40,2025-04-21 00:00:00,2026-06-25 00:00:00,2026-04-23 14:55:00,2026-06-25 15:00:00,0,0,,286,0,0,0,0,True,,42,0,0,0,0,0,0,0,True,2,48,0.0,True,,40,0.0,True,False,False,dataaccept daily reference missing for 603010; dataaccept 5m reference missing for 603010,,,,,,,,,,,,
603019,accepted,True,True,2026-06-25,276,180,1970,40,2025-04-21 00:00:00,2026-06-25 00:00:00,2026-04-23 14:55:00,2026-06-25 15:00:00,0,0,,276,0,0,0,0,True,,42,0,0,0,0,0,0,0,True,2,48,0.0,True,,40,0.0,True,False,False,dataaccept daily reference missing for 603019; dataaccept 5m reference missing for 603019,,,,,,,,,,,,
603063,accepted,True,True,2026-06-25,286,180,1970,40,2025-04-21 00:00:00,2026-06-25 00:00:00,2026-04-23 14:55:00,2026-06-25 15:00:00,0,0,,286,0,0,0,0,True,,42,0,0,0,0,0,0,0,True,2,48,0.0,True,,40,0.0,True,False,False,dataaccept daily reference missing for 603063; dataaccept 5m reference missing for 603063,,,,,,,,,,,,
603115,accepted,True,True,2026-06-25,286,180,1970,40,2025-04-21 00:00:00,2026-06-25 00:00:00,2026-04-23 14:55:00,2026-06-25 15:00:00,0,0,,286,0,0,0,0,True,,42,0,0,0,0,0,0,0,True,2,48,0.0,True,,40,0.0,True,False,False,dataaccept daily reference missing for 603115; dataaccept 5m reference missing for 603115,,,,,,,,,,,,
603267,accepted,True,True,2026-06-25,286,180,1970,40,2025-04-21 00:00:00,2026-06-25 00:00:00,2026-04-23 14:55:00,2026-06-25 15:00:00,0,0,,286,0,0,0,0,True,,42,0,0,0,0,0,0,0,True,2,48,0.0,True,,40,0.0,True,False,False,dataaccept daily reference missing for 603267; dataaccept 5m reference missing for 603267,,,,,,,,,,,,
603313,accepted,True,True,2026-06-25,286,180,1970,40,2025-04-21 00:00:00,2026-06-25 00:00:00,2026-04-23 14:55:00,2026-06-25 15:00:00,0,0,,286,0,0,0,0,True,,42,0,0,0,0,0,0,0,True,2,48,0.0,True,,40,0.0,True,False,False,dataaccept daily reference missing for 603313; dataaccept 5m reference missing for 603313,,,,,,,,,,,,
603459,failed,True,True,2026-06-25,53,180,1922,40,2026-04-08 00:00:00,2026-06-25 00:00:00,2026-04-24 14:55:00,2026-06-25 15:00:00,0,0,,53,0,0,0,0,True,,41,0,0,0,0,0,0,0,True,2,48,0.0,True,,40,0.0,True,False,False,dataaccept daily reference missing for 603459; dataaccept 5m reference missing for 603459,daily trade days 53 < required 180,,,,,,,,,,,
603500,accepted,True,True,2026-06-25,286,180,1970,40,2025-04-21 00:00:00,2026-06-25 00:00:00,2026-04-23 14:55:00,2026-06-25 15:00:00,0,0,,286,0,0,0,0,True,,42,0,0,0,0,0,0,0,True,2,48,0.0,True,,40,0.0,True,False,False,dataaccept daily reference missing for 603500; dataaccept 5m reference missing for 603500,,,,,,,,,,,,
603527,accepted,True,True,2026-06-25,286,180,1970,40,2025-04-21 00:00:00,2026-06-25 00:00:00,2026-04-23 14:55:00,2026-06-25 15:00:00,0,0,,286,0,0,0,0,True,,42,0,0,0,0,0,0,0,True,2,48,0.0,True,,40,0.0,True,False,False,dataaccept daily reference missing for 603527; dataaccept 5m reference missing for 603527,,,,,,,,,,,,
603690,accepted,True,True,2026-06-25,286,180,1970,40,2025-04-21 00:00:00,2026-06-25 00:00:00,2026-04-23 14:55:00,2026-06-25 15:00:00,0,0,,286,0,0,0,0,True,,42,0,0,0,0,0,0,0,True,2,48,0.0,True,,40,0.0,True,False,False,dataaccept daily reference missing for 603690; dataaccept 5m reference missing for 603690,,,,,,,,,,,,
603733,accepted,True,True,2026-06-25,286,180,1970,40,2025-04-21 00:00:00,2026-06-25 00:00:00,2026-04-23 14:55:00,2026-06-25 15:00:00,0,0,,286,0,0,0,0,True,,42,0,0,0,0,0,0,0,True,2,48,0.0,True,,40,0.0,True,False,False,dataaccept daily reference missing for 603733; dataaccept 5m reference missing for 603733,,,,,,,,,,,,
603800,accepted,True,True,2026-06-25,286,180,1970,40,2025-04-21 00:00:00,2026-06-25 00:00:00,2026-04-23 14:55:00,2026-06-25 15:00:00,0,0,,286,0,0,0,0,True,,42,0,0,0,0,0,0,0,True,2,48,0.0,True,,40,0.0,True,False,False,dataaccept daily reference missing for 603800; dataaccept 5m reference missing for 603800,,,,,,,,,,,,
603956,accepted,True,True,2026-06-25,286,180,1970,40,2025-04-21 00:00:00,2026-06-25 00:00:00,2026-04-23 14:55:00,2026-06-25 15:00:00,0,0,,286,0,0,0,0,True,,42,0,0,0,0,0,0,0,True,2,48,0.0,True,,40,0.0,True,False,False,dataaccept daily reference missing for 603956; dataaccept 5m reference missing for 603956,,,,,,,,,,,,
605300,accepted,True,True,2026-06-25,286,180,1970,40,2025-04-21 00:00:00,2026-06-25 00:00:00,2026-04-23 14:55:00,2026-06-25 15:00:00,0,0,,286,0,0,0,0,True,,42,0,0,0,0,0,0,0,True,2,48,0.0,True,,40,0.0,True,False,False,dataaccept daily reference missing for 605300; dataaccept 5m reference missing for 605300,,,,,,,,,,,,
605318,accepted,True,True,2026-06-25,285,180,1970,40,2025-04-21 00:00:00,2026-06-25 00:00:00,2026-04-23 14:40:00,2026-06-25 15:00:00,0,0,,285,0,0,0,0,True,,42,0,0,0,0,0,0,0,True,5,48,0.0,True,,40,0.0,True,False,False,dataaccept daily reference missing for 605318; dataaccept 5m reference missing for 605318,,,,,,,,,,,,
605376,accepted,True,True,2026-06-25,286,180,1970,40,2025-04-21 00:00:00,2026-06-25 00:00:00,2026-04-23 14:55:00,2026-06-25 15:00:00,0,0,,286,0,0,0,0,True,,42,0,0,0,0,0,0,0,True,2,48,0.0,True,,40,0.0,True,False,False,dataaccept daily reference missing for 605376; dataaccept 5m reference missing for 605376,,,,,,,,,,,,
605589,accepted,True,True,2026-06-25,286,180,1970,40,2025-04-21 00:00:00,2026-06-25 00:00:00,2026-04-23 14:55:00,2026-06-25 15:00:00,0,0,,286,0,0,0,0,True,,42,0,0,0,0,0,0,0,True,2,48,0.0,True,,40,0.0,True,False,True,"dataaccept daily reference missing for 605589; dataaccept 5m parquet reference unreadable for 605589: Unable to find a usable engine; tried using: 'pyarrow', 'fastparquet'.
A suitable version of pyarrow or fastparquet is required for parquet support.
Trying to import the above resulted in these errors:
 - `Import pyarrow` failed. pyarrow is required for parquet support. Use pip or conda to install the pyarrow package.
 - `Import fastparquet` failed. fastparquet is required for parquet support. Use pip or conda to install the fastparquet package.",,,,,,,,384.0,0.0,0.0,0.0,0.0
