trade_date,code,name,d0_date,days_since_d0,consecutive_boards,signal_type,allowed,position_level,total_score,graph_quality_score,active_money_score,active_cooling_score,support_score,theme_score,trend_hold_score,entry_width_score,low_absorb_width_pct,invalid_distance_pct,d1_low_ma10_pct,d1_close_ma10_pct,d1_close_vwap_pct,support_type,low_absorb_min,low_absorb_max,invalid_price,key_zones_json,reasons
2026-06-05,000517,荣安地产,2026-06-05,0,1,WATCH_ONLY,False,zero,80.3,78.0,74.0,85.0,91.0,60.0,80.0,90.0,1.9689,9.434,0.3659,10.8207,1.8515,A,1.92,1.9579999999999997,1.92,"{""d1_low"": 1.92, ""d1_open"": 1.93, ""d1_close"": 2.12, ""d1_vwap"": 2.066374775397224, ""prev_close"": 1.93, ""ma5"": 1.9579999999999997, ""ma10"": 1.9129999999999998, ""d1_intraday_vwap"": 2.0814623002297874, ""d1_first_5m_low"": 1.92, ""low_absorb_min"": 1.92, ""low_absorb_max"": 1.9579999999999997, ""invalid_price"": 1.92}",graph: 近 10 日高点保持抬高; graph: 近 10 日低点没有明显下移; graph: D1 收盘位置强; active_raw: D1 成交额温和放大; active_raw: D1 振幅明显放大; active_raw: 尾盘站在日内 VWAP 上方; support: D1 未跌破前一日低点; support: D1 收盘站上日 VWAP; support: D1 收盘位置较强; support: D1 分时主动修复到 VWAP 上方; theme: 所属行业/题材有联动: 房地产开 3 家; factor: active_cooling_score=85.00; factor: trend_hold_score=80.00; factor: entry_width_score=90.00; factor: low_absorb_width_pct=1.97; factor: invalid_distance_pct=9.43; factor: d1_low_ma10_pct=0.37; factor: d1_close_ma10_pct=10.82; factor: d1_close_vwap_pct=1.85; hard_filter: 今日仍涨停，等待首次分歧日
2026-06-05,000520,凤凰航运,2026-06-05,0,1,WATCH_ONLY,False,zero,74.3,78.0,74.0,85.0,91.0,45.0,95.0,45.0,4.8162,7.3913,9.6525,18.4041,2.3428,A,4.26,4.4613161660311995,4.26,"{""d1_low"": 4.26, ""d1_open"": 4.26, ""d1_close"": 4.6, ""d1_vwap"": 4.4613161660311995, ""prev_close"": 4.18, ""ma5"": 4.042, ""ma10"": 3.8850000000000002, ""d1_intraday_vwap"": 4.494698165753111, ""d1_first_5m_low"": 4.26, ""low_absorb_min"": 4.26, ""low_absorb_max"": 4.4613161660311995, ""invalid_price"": 4.26}",graph: 近 10 日高点保持抬高; graph: 近 10 日低点没有明显下移; graph: D1 收盘位置强; active_raw: D1 成交额温和放大; active_raw: D1 振幅明显放大; active_raw: 尾盘站在日内 VWAP 上方; support: D1 未跌破前一日低点; support: D1 收盘站上日 VWAP; support: D1 收盘位置较强; support: D1 分时主动修复到 VWAP 上方; theme: 涨停池中同题材联动偏弱; factor: active_cooling_score=85.00; factor: trend_hold_score=95.00; factor: entry_width_score=45.00; factor: low_absorb_width_pct=4.82; factor: invalid_distance_pct=7.39; factor: d1_low_ma10_pct=9.65; factor: d1_close_ma10_pct=18.40; factor: d1_close_vwap_pct=2.34; soft_filter: 低吸区间/失效距离偏宽，降权处理; hard_filter: 今日仍涨停，等待首次分歧日
2026-06-05,000608,阳光股份,2026-06-05,0,1,WATCH_ONLY,False,zero,81.35,90.0,82.0,70.0,91.0,60.0,95.0,60.0,3.5857,9.058,12.1392,21.6127,1.874,A,5.02,5.2,5.02,"{""d1_low"": 5.09, ""d1_open"": 5.2, ""d1_close"": 5.52, ""d1_vwap"": 5.368628751868543, ""prev_close"": 5.02, ""ma5"": 4.986, ""ma10"": 4.539, ""d1_intraday_vwap"": 5.418458726338892, ""d1_first_5m_low"": 5.09, ""low_absorb_min"": 5.02, ""low_absorb_max"": 5.2, ""invalid_price"": 5.02}",graph: 近 10 日高点保持抬高; graph: 近 10 日低点没有明显下移; graph: 均线多头排列; graph: D1 收盘位置强; active_raw: D1 成交额温和放大; active_raw: D1 振幅明显放大; active_raw: 尾盘站在日内 VWAP 上方; active_raw: 分时有急拉急杀波动; support: D1 未跌破前一日低点; support: D1 收盘站上日 VWAP; support: D1 收盘位置较强; support: D1 分时主动修复到 VWAP 上方; theme: 所属行业/题材有联动: 房地产开 3 家; factor: active_cooling_score=70.00; factor: trend_hold_score=95.00; factor: entry_width_score=60.00; factor: low_absorb_width_pct=3.59; factor: invalid_distance_pct=9.06; factor: d1_low_ma10_pct=12.14; factor: d1_close_ma10_pct=21.61; factor: d1_close_vwap_pct=1.87; hard_filter: 今日仍涨停，等待首次分歧日
2026-06-05,000668,荣丰控股,2026-06-05,0,1,WATCH_ONLY,False,zero,76.65,90.0,82.0,70.0,89.0,60.0,65.0,60.0,4.2628,10.0534,-1.6463,9.3468,1.9998,A,18.52,19.318,18.52,"{""d1_low"": 18.52, ""d1_open"": 18.59, ""d1_close"": 20.59, ""d1_vwap"": 19.800491757575756, ""prev_close"": 18.72, ""ma5"": 19.318, ""ma10"": 18.83, ""d1_intraday_vwap"": 20.18630982160451, ""d1_first_5m_low"": 18.52, ""low_absorb_min"": 18.52, ""low_absorb_max"": 19.318, ""invalid_price"": 18.52}",graph: 近 10 日高点保持抬高; graph: 近 10 日低点没有明显下移; graph: 均线多头排列; graph: D1 收盘位置强; active_raw: D1 成交额温和放大; active_raw: D1 振幅明显放大; active_raw: 尾盘站在日内 VWAP 上方; active_raw: 分时有急拉急杀波动; support: D1 跌破前低后收回; support: D1 收盘站上日 VWAP; support: D1 收盘位置较强; support: D1 分时主动修复到 VWAP 上方; theme: 所属行业/题材有联动: 房地产开 3 家; factor: active_cooling_score=70.00; factor: trend_hold_score=65.00; factor: entry_width_score=60.00; factor: low_absorb_width_pct=4.26; factor: invalid_distance_pct=10.05; factor: d1_low_ma10_pct=-1.65; factor: d1_close_ma10_pct=9.35; factor: d1_close_vwap_pct=2.00; hard_filter: 今日仍涨停，等待首次分歧日
2026-06-05,000759,中百集团,2026-06-05,0,1,WATCH_ONLY,False,zero,68.9,60.0,54.0,90.0,89.0,60.0,65.0,75.0,3.0888,11.9298,-11.868,0.0702,2.2128,A,5.02,5.18,5.02,"{""d1_low"": 5.02, ""d1_open"": 5.06, ""d1_close"": 5.7, ""d1_vwap"": 5.501825859387917, ""prev_close"": 5.18, ""ma5"": 5.694, ""ma10"": 5.696, ""d1_intraday_vwap"": 5.576603397346607, ""d1_first_5m_low"": 5.02, ""low_absorb_min"": 5.02, ""low_absorb_max"": 5.18, ""invalid_price"": 5.02}",graph: 近 10 日高点未能继续抬高; graph: 近 10 日低点没有明显下移; graph: D1 收盘位置强; active_raw: D1 成交额放大不足; active_raw: D1 振幅明显放大; active_raw: 尾盘站在日内 VWAP 上方; support: D1 跌破前低后收回; support: D1 收盘站上日 VWAP; support: D1 收盘位置较强; support: D1 分时主动修复到 VWAP 上方; theme: 所属行业/题材有联动: 一般零售 2 家; factor: active_cooling_score=90.00; factor: trend_hold_score=65.00; factor: entry_width_score=75.00; factor: low_absorb_width_pct=3.09; factor: invalid_distance_pct=11.93; factor: d1_low_ma10_pct=-11.87; factor: d1_close_ma10_pct=0.07; factor: d1_close_vwap_pct=2.21; hard_filter: 今日仍涨停，等待首次分歧日
2026-06-05,001256,炜冈科技,2026-06-05,0,1,WATCH_ONLY,False,zero,54.35,40.0,92.0,35.0,91.0,70.0,65.0,60.0,4.1223,10.7172,-5.4123,5.9416,3.1663,A,22.16,23.089999999999996,22.16,"{""d1_low"": 22.16, ""d1_open"": 22.43, ""d1_close"": 24.82, ""d1_vwap"": 24.036677931786606, ""prev_close"": 22.56, ""ma5"": 23.089999999999996, ""ma10"": 23.428, ""d1_intraday_vwap"": 24.0582429044365, ""d1_first_5m_low"": 22.43, ""low_absorb_min"": 22.16, ""low_absorb_max"": 23.089999999999996, ""invalid_price"": 22.16}",graph: 近 10 日高点未能继续抬高; graph: 近 10 日低点下移; graph: D1 收盘位置强; active_raw: D1 成交额显著放大; active_raw: D1 振幅明显放大; active_raw: 尾盘站在日内 VWAP 上方; active_raw: 分时有急拉急杀波动; support: D1 未跌破前一日低点; support: D1 收盘站上日 VWAP; support: D1 收盘位置较强; support: D1 分时主动修复到 VWAP 上方; theme: 所属行业/题材涨停家数较多: 专用设备 7 家; factor: active_cooling_score=35.00; factor: trend_hold_score=65.00; factor: entry_width_score=60.00; factor: low_absorb_width_pct=4.12; factor: invalid_distance_pct=10.72; factor: d1_low_ma10_pct=-5.41; factor: d1_close_ma10_pct=5.94; factor: d1_close_vwap_pct=3.17; soft_filter: 活跃资金过热，降权处理; hard_filter: 今日仍涨停，等待首次分歧日; hard_filter: 图形趋势分严重不足
2026-06-05,001400,江顺科技,2026-06-05,0,1,WATCH_ONLY,False,zero,53.9,40.0,74.0,85.0,89.0,70.0,45.0,45.0,4.5168,11.7278,-21.0907,-10.6069,4.3555,A,102.59,107.362,102.59,"{""d1_low"": 102.59, ""d1_open"": 105.13, ""d1_close"": 116.22, ""d1_vwap"": 111.07535597667102, ""prev_close"": 105.65, ""ma5"": 107.362, ""ma10"": 130.01, ""d1_intraday_vwap"": 111.36931250368846, ""d1_first_5m_low"": 103.96, ""low_absorb_min"": 102.59, ""low_absorb_max"": 107.362, ""invalid_price"": 102.59}",graph: 近 10 日高点未能继续抬高; graph: 近 10 日低点下移; graph: D1 收盘位置强; active_raw: D1 成交额温和放大; active_raw: D1 振幅明显放大; active_raw: 尾盘站在日内 VWAP 上方; support: D1 跌破前低后收回; support: D1 收盘站上日 VWAP; support: D1 收盘位置较强; support: D1 分时主动修复到 VWAP 上方; theme: 所属行业/题材涨停家数较多: 专用设备 7 家; factor: active_cooling_score=85.00; factor: trend_hold_score=45.00; factor: entry_width_score=45.00; factor: low_absorb_width_pct=4.52; factor: invalid_distance_pct=11.73; factor: d1_low_ma10_pct=-21.09; factor: d1_close_ma10_pct=-10.61; factor: d1_close_vwap_pct=4.36; soft_filter: 低吸区间/失效距离偏宽，降权处理; hard_filter: 今日仍涨停，等待首次分歧日; hard_filter: 图形趋势分严重不足
2026-06-05,002138,顺络电子,2026-06-05,0,1,WATCH_ONLY,False,zero,73.1,90.0,82.0,70.0,91.0,45.0,65.0,45.0,4.7478,12.246,-0.1105,13.829,4.8015,A,48.8,51.2,48.8,"{""d1_low"": 48.8, ""d1_open"": 51.2, ""d1_close"": 55.61, ""d1_vwap"": 52.850380624896914, ""prev_close"": 50.55, ""ma5"": 49.862, ""ma10"": 48.854, ""d1_intraday_vwap"": 53.06222408609596, ""d1_first_5m_low"": 48.8, ""low_absorb_min"": 48.8, ""low_absorb_max"": 51.2, ""invalid_price"": 48.8}",graph: 近 10 日高点保持抬高; graph: 近 10 日低点没有明显下移; graph: 均线多头排列; graph: D1 收盘位置强; active_raw: D1 成交额温和放大; active_raw: D1 振幅明显放大; active_raw: 尾盘站在日内 VWAP 上方; active_raw: 分时有急拉急杀波动; support: D1 未跌破前一日低点; support: D1 收盘站上日 VWAP; support: D1 收盘位置较强; support: D1 分时主动修复到 VWAP 上方; theme: 涨停池中同题材联动偏弱; factor: active_cooling_score=70.00; factor: trend_hold_score=65.00; factor: entry_width_score=45.00; factor: low_absorb_width_pct=4.75; factor: invalid_distance_pct=12.25; factor: d1_low_ma10_pct=-0.11; factor: d1_close_ma10_pct=13.83; factor: d1_close_vwap_pct=4.80; soft_filter: 低吸区间/失效距离偏宽，降权处理; hard_filter: 今日仍涨停，等待首次分歧日
2026-06-05,002183,怡 亚 通,2026-06-05,0,1,WATCH_ONLY,False,zero,57.6,40.0,82.0,70.0,91.0,45.0,65.0,75.0,2.3548,9.1298,-0.8828,8.5643,3.3256,A,6.37,6.52,6.37,"{""d1_low"": 6.4, ""d1_open"": 6.52, ""d1_close"": 7.01, ""d1_vwap"": 6.720541902866792, ""prev_close"": 6.37, ""ma5"": 6.374, ""ma10"": 6.457000000000001, ""d1_intraday_vwap"": 6.784375733040402, ""d1_first_5m_low"": 6.4, ""low_absorb_min"": 6.37, ""low_absorb_max"": 6.52, ""invalid_price"": 6.37}",graph: 近 10 日高点未能继续抬高; graph: 近 10 日低点下移; graph: D1 收盘位置强; active_raw: D1 成交额温和放大; active_raw: D1 振幅明显放大; active_raw: 尾盘站在日内 VWAP 上方; active_raw: 分时有急拉急杀波动; support: D1 未跌破前一日低点; support: D1 收盘站上日 VWAP; support: D1 收盘位置较强; support: D1 分时主动修复到 VWAP 上方; theme: 涨停池中同题材联动偏弱; factor: active_cooling_score=70.00; factor: trend_hold_score=65.00; factor: entry_width_score=75.00; factor: low_absorb_width_pct=2.35; factor: invalid_distance_pct=9.13; factor: d1_low_ma10_pct=-0.88; factor: d1_close_ma10_pct=8.56; factor: d1_close_vwap_pct=3.33; hard_filter: 今日仍涨停，等待首次分歧日; hard_filter: 图形趋势分严重不足
2026-06-05,002194,武汉凡谷,2026-06-05,0,1,WATCH_ONLY,False,zero,50.35,30.0,62.0,90.0,91.0,60.0,65.0,30.0,5.9588,9.061,-3.0187,5.3088,1.9895,A,11.04,11.69785568794602,11.04,"{""d1_low"": 11.18, ""d1_open"": 11.2, ""d1_close"": 12.14, ""d1_vwap"": 11.69785568794602, ""prev_close"": 11.04, ""ma5"": 11.412, ""ma10"": 11.528, ""d1_intraday_vwap"": 11.903189825060835, ""d1_first_5m_low"": 11.18, ""low_absorb_min"": 11.04, ""low_absorb_max"": 11.69785568794602, ""invalid_price"": 11.04}",graph: 近 10 日高点未能继续抬高; graph: 近 10 日低点下移; graph: D1 收盘位置强; graph: 近期上影线压力偏重; active_raw: D1 成交额放大不足; active_raw: D1 振幅明显放大; active_raw: 尾盘站在日内 VWAP 上方; active_raw: 分时有急拉急杀波动; support: D1 未跌破前一日低点; support: D1 收盘站上日 VWAP; support: D1 收盘位置较强; support: D1 分时主动修复到 VWAP 上方; theme: 所属行业/题材有联动: 通信设备 2 家; factor: active_cooling_score=90.00; factor: trend_hold_score=65.00; factor: entry_width_score=30.00; factor: low_absorb_width_pct=5.96; factor: invalid_distance_pct=9.06; factor: d1_low_ma10_pct=-3.02; factor: d1_close_ma10_pct=5.31; factor: d1_close_vwap_pct=1.99; soft_filter: 低吸区间/失效距离偏宽，降权处理; hard_filter: 今日仍涨停，等待首次分歧日; hard_filter: 图形趋势分严重不足
2026-06-05,002251,步步高,2026-06-05,0,1,WATCH_ONLY,False,zero,75.65,72.0,72.0,85.0,91.0,60.0,65.0,90.0,0.905,9.0535,-3.0779,6.0904,1.8114,A,4.42,4.46,4.42,"{""d1_low"": 4.44, ""d1_open"": 4.46, ""d1_close"": 4.86, ""d1_vwap"": 4.749366379749631, ""prev_close"": 4.42, ""ma5"": 4.8, ""ma10"": 4.581, ""d1_intraday_vwap"": 4.773534451406457, ""d1_first_5m_low"": 4.44, ""low_absorb_min"": 4.42, ""low_absorb_max"": 4.46, ""invalid_price"": 4.42}",graph: 近 10 日高点未能继续抬高; graph: 近 10 日低点没有明显下移; graph: 均线多头排列; graph: D1 收盘位置强; active_raw: D1 成交额放大不足; active_raw: D1 振幅明显放大; active_raw: 分时围绕 VWAP 反复争夺; active_raw: 尾盘站在日内 VWAP 上方; active_raw: 分时有急拉急杀波动; support: D1 未跌破前一日低点; support: D1 收盘站上日 VWAP; support: D1 收盘位置较强; support: D1 分时主动修复到 VWAP 上方; theme: 所属行业/题材有联动: 一般零售 2 家; factor: active_cooling_score=85.00; factor: trend_hold_score=65.00; factor: entry_width_score=90.00; factor: low_absorb_width_pct=0.90; factor: invalid_distance_pct=9.05; factor: d1_low_ma10_pct=-3.08; factor: d1_close_ma10_pct=6.09; factor: d1_close_vwap_pct=1.81; hard_filter: 今日仍涨停，等待首次分歧日
2026-06-05,002254,泰和新材,2026-06-05,0,1,WATCH_ONLY,False,zero,53.15,40.0,92.0,35.0,89.0,60.0,65.0,60.0,4.2493,12.9427,-5.7248,8.2909,3.3372,A,13.52,14.12,13.52,"{""d1_low"": 13.52, ""d1_open"": 13.84, ""d1_close"": 15.53, ""d1_vwap"": 14.97359236608468, ""prev_close"": 14.12, ""ma5"": 14.063999999999998, ""ma10"": 14.341, ""d1_intraday_vwap"": 15.028467200082314, ""d1_first_5m_low"": 13.57, ""low_absorb_min"": 13.52, ""low_absorb_max"": 14.12, ""invalid_price"": 13.52}",graph: 近 10 日高点未能继续抬高; graph: 近 10 日低点下移; graph: D1 收盘位置强; active_raw: D1 成交额温和放大; active_raw: D1 振幅明显放大; active_raw: 分时围绕 VWAP 反复争夺; active_raw: 尾盘站在日内 VWAP 上方; active_raw: 分时有急拉急杀波动; support: D1 跌破前低后收回; support: D1 收盘站上日 VWAP; support: D1 收盘位置较强; support: D1 分时主动修复到 VWAP 上方; theme: 所属行业/题材有联动: 化学纤维 2 家; factor: active_cooling_score=35.00; factor: trend_hold_score=65.00; factor: entry_width_score=60.00; factor: low_absorb_width_pct=4.25; factor: invalid_distance_pct=12.94; factor: d1_low_ma10_pct=-5.72; factor: d1_close_ma10_pct=8.29; factor: d1_close_vwap_pct=3.34; soft_filter: 活跃资金过热，降权处理; hard_filter: 今日仍涨停，等待首次分歧日; hard_filter: 图形趋势分严重不足
2026-06-05,002354,天娱数科,2026-06-05,0,1,WATCH_ONLY,False,zero,58.85,40.0,50.0,90.0,91.0,45.0,45.0,90.0,1.8182,1.6517,-4.2398,-2.6316,0.1195,A,6.55,6.66,6.55,"{""d1_low"": 6.55, ""d1_open"": 6.66, ""d1_close"": 6.66, ""d1_vwap"": 6.636947333765736, ""prev_close"": 6.05, ""ma5"": 6.606, ""ma10"": 6.840000000000001, ""d1_intraday_vwap"": 6.652048079703183, ""d1_first_5m_low"": 6.66, ""low_absorb_min"": 6.55, ""low_absorb_max"": 6.66, ""invalid_price"": 6.55}",graph: 近 10 日高点未能继续抬高; graph: 近 10 日低点下移; graph: D1 收盘位置强; active_raw: D1 成交额放大不足; active_raw: 分时围绕 VWAP 反复争夺; active_raw: 尾盘站在日内 VWAP 上方; support: D1 未跌破前一日低点; support: D1 收盘站上日 VWAP; support: D1 收盘位置较强; support: D1 分时主动修复到 VWAP 上方; theme: 涨停池中同题材联动偏弱; factor: active_cooling_score=90.00; factor: trend_hold_score=45.00; factor: entry_width_score=90.00; factor: low_absorb_width_pct=1.82; factor: invalid_distance_pct=1.65; factor: d1_low_ma10_pct=-4.24; factor: d1_close_ma10_pct=-2.63; factor: d1_close_vwap_pct=0.12; hard_filter: 今日仍涨停，等待首次分歧日; hard_filter: 图形趋势分严重不足
2026-06-05,002361,神剑股份,2026-06-05,0,1,WATCH_ONLY,False,zero,53.6,30.0,82.0,70.0,91.0,45.0,65.0,75.0,2.4346,9.8751,-5.1287,5.2665,3.0811,A,15.15,15.521999999999997,15.15,"{""d1_low"": 15.15, ""d1_open"": 15.45, ""d1_close"": 16.81, ""d1_vwap"": 16.25332423762481, ""prev_close"": 15.28, ""ma5"": 15.521999999999997, ""ma10"": 15.969, ""d1_intraday_vwap"": 16.307551583156105, ""d1_first_5m_low"": 15.34, ""low_absorb_min"": 15.15, ""low_absorb_max"": 15.521999999999997, ""invalid_price"": 15.15}",graph: 近 10 日高点未能继续抬高; graph: 近 10 日低点下移; graph: D1 收盘位置强; graph: 近期上影线压力偏重; active_raw: D1 成交额温和放大; active_raw: D1 振幅明显放大; active_raw: 尾盘站在日内 VWAP 上方; active_raw: 分时有急拉急杀波动; support: D1 未跌破前一日低点; support: D1 收盘站上日 VWAP; support: D1 收盘位置较强; support: D1 分时主动修复到 VWAP 上方; theme: 涨停池中同题材联动偏弱; factor: active_cooling_score=70.00; factor: trend_hold_score=65.00; factor: entry_width_score=75.00; factor: low_absorb_width_pct=2.43; factor: invalid_distance_pct=9.88; factor: d1_low_ma10_pct=-5.13; factor: d1_close_ma10_pct=5.27; factor: d1_close_vwap_pct=3.08; hard_filter: 今日仍涨停，等待首次分歧日; hard_filter: 图形趋势分严重不足
2026-06-05,002387,维信诺,2026-06-05,0,1,WATCH_ONLY,False,zero,65.05,58.0,92.0,35.0,91.0,60.0,65.0,90.0,1.3064,9.1793,-0.6263,9.4175,1.0839,A,8.41,8.52,8.41,"{""d1_low"": 8.41, ""d1_open"": 8.52, ""d1_close"": 9.26, ""d1_vwap"": 9.065222893122955, ""prev_close"": 8.42, ""ma5"": 8.418000000000001, ""ma10"": 8.463, ""d1_intraday_vwap"": 9.160703626296947, ""d1_first_5m_low"": 8.41, ""low_absorb_min"": 8.41, ""low_absorb_max"": 8.52, ""invalid_price"": 8.41}",graph: 近 10 日高点保持抬高; graph: 近 10 日低点下移; graph: D1 收盘位置强; active_raw: D1 成交额显著放大; active_raw: D1 振幅明显放大; active_raw: 尾盘站在日内 VWAP 上方; active_raw: 分时有急拉急杀波动; support: D1 未跌破前一日低点; support: D1 收盘站上日 VWAP; support: D1 收盘位置较强; support: D1 分时主动修复到 VWAP 上方; theme: 所属行业/题材有联动: 光学光电 3 家; factor: active_cooling_score=35.00; factor: trend_hold_score=65.00; factor: entry_width_score=90.00; factor: low_absorb_width_pct=1.31; factor: invalid_distance_pct=9.18; factor: d1_low_ma10_pct=-0.63; factor: d1_close_ma10_pct=9.42; factor: d1_close_vwap_pct=1.08; soft_filter: 活跃资金过热，降权处理; hard_filter: 今日仍涨停，等待首次分歧日
2026-06-05,002421,达实智能,2026-06-05,0,1,WATCH_ONLY,False,zero,77.1,70.0,72.0,85.0,91.0,60.0,80.0,90.0,0.9283,7.4856,2.4878,10.7804,1.4048,A,4.82,4.864,4.82,"{""d1_low"": 4.82, ""d1_open"": 4.86, ""d1_close"": 5.21, ""d1_vwap"": 5.124688016125802, ""prev_close"": 4.74, ""ma5"": 4.864, ""ma10"": 4.703, ""d1_intraday_vwap"": 5.137822856183332, ""d1_first_5m_low"": 4.82, ""low_absorb_min"": 4.82, ""low_absorb_max"": 4.864, ""invalid_price"": 4.82}",graph: 近 10 日高点保持抬高; graph: 近 10 日低点下移; graph: 均线多头排列; graph: D1 收盘位置强; active_raw: D1 成交额放大不足; active_raw: D1 振幅明显放大; active_raw: 分时围绕 VWAP 反复争夺; active_raw: 尾盘站在日内 VWAP 上方; active_raw: 分时有急拉急杀波动; support: D1 未跌破前一日低点; support: D1 收盘站上日 VWAP; support: D1 收盘位置较强; support: D1 分时主动修复到 VWAP 上方; theme: 所属行业/题材有联动: IT服务Ⅱ 2 家; factor: active_cooling_score=85.00; factor: trend_hold_score=80.00; factor: entry_width_score=90.00; factor: low_absorb_width_pct=0.93; factor: invalid_distance_pct=7.49; factor: d1_low_ma10_pct=2.49; factor: d1_close_ma10_pct=10.78; factor: d1_close_vwap_pct=1.40; hard_filter: 今日仍涨停，等待首次分歧日
2026-06-05,002471,中超控股,2026-06-05,0,1,WATCH_ONLY,False,zero,63.35,40.0,60.0,90.0,91.0,60.0,95.0,60.0,4.3739,4.5283,3.6177,8.5324,0.5536,A,7.59,7.906231466210252,7.59,"{""d1_low"": 7.59, ""d1_open"": 7.63, ""d1_close"": 7.95, ""d1_vwap"": 7.8590777851694975, ""prev_close"": 7.23, ""ma5"": 7.25, ""ma10"": 7.325, ""d1_intraday_vwap"": 7.906231466210252, ""d1_first_5m_low"": 7.59, ""low_absorb_min"": 7.59, ""low_absorb_max"": 7.906231466210252, ""invalid_price"": 7.59}",graph: 近 10 日高点未能继续抬高; graph: 近 10 日低点下移; graph: D1 收盘位置强; active_raw: D1 成交额温和放大; active_raw: 尾盘站在日内 VWAP 上方; support: D1 未跌破前一日低点; support: D1 收盘站上日 VWAP; support: D1 收盘位置较强; support: D1 分时主动修复到 VWAP 上方; theme: 所属行业/题材有联动: 电网设备 3 家; factor: active_cooling_score=90.00; factor: trend_hold_score=95.00; factor: entry_width_score=60.00; factor: low_absorb_width_pct=4.37; factor: invalid_distance_pct=4.53; factor: d1_low_ma10_pct=3.62; factor: d1_close_ma10_pct=8.53; factor: d1_close_vwap_pct=0.55; hard_filter: 今日仍涨停，等待首次分歧日; hard_filter: 图形趋势分严重不足
2026-06-05,002613,北玻股份,2026-06-05,0,1,WATCH_ONLY,False,zero,65.2,52.0,72.0,85.0,89.0,60.0,65.0,75.0,2.6608,11.4919,-6.1364,6.0509,3.5298,A,4.39,4.51,4.39,"{""d1_low"": 4.39, ""d1_open"": 4.51, ""d1_close"": 4.96, ""d1_vwap"": 4.747988164091373, ""prev_close"": 4.51, ""ma5"": 4.752000000000001, ""ma10"": 4.677, ""d1_intraday_vwap"": 4.790891566543779, ""d1_first_5m_low"": 4.5, ""low_absorb_min"": 4.39, ""low_absorb_max"": 4.51, ""invalid_price"": 4.39}",graph: 近 10 日高点未能继续抬高; graph: 近 10 日低点下移; graph: 均线多头排列; graph: D1 收盘位置强; active_raw: D1 成交额放大不足; active_raw: D1 振幅明显放大; active_raw: 分时围绕 VWAP 反复争夺; active_raw: 尾盘站在日内 VWAP 上方; active_raw: 分时有急拉急杀波动; support: D1 跌破前低后收回; support: D1 收盘站上日 VWAP; support: D1 收盘位置较强; support: D1 分时主动修复到 VWAP 上方; theme: 所属行业/题材有联动: 玻璃玻纤 3 家; factor: active_cooling_score=85.00; factor: trend_hold_score=65.00; factor: entry_width_score=75.00; factor: low_absorb_width_pct=2.66; factor: invalid_distance_pct=11.49; factor: d1_low_ma10_pct=-6.14; factor: d1_close_ma10_pct=6.05; factor: d1_close_vwap_pct=3.53; hard_filter: 今日仍涨停，等待首次分歧日
2026-06-05,002631,德尔未来,2026-06-05,0,1,WATCH_ONLY,False,zero,52.35,40.0,84.0,70.0,91.0,60.0,65.0,30.0,5.13,9.1275,-5.5347,3.343,4.017,A,6.77,7.117301128384394,6.77,"{""d1_low"": 6.81, ""d1_open"": 7.05, ""d1_close"": 7.45, ""d1_vwap"": 7.117301128384394, ""prev_close"": 6.77, ""ma5"": 7.072, ""ma10"": 7.2090000000000005, ""d1_intraday_vwap"": 7.162290467018673, ""d1_first_5m_low"": 6.88, ""low_absorb_min"": 6.77, ""low_absorb_max"": 7.117301128384394, ""invalid_price"": 6.77}",graph: 近 10 日高点未能继续抬高; graph: 近 10 日低点下移; graph: D1 收盘位置强; active_raw: D1 成交额温和放大; active_raw: D1 振幅明显放大; active_raw: 分时围绕 VWAP 反复争夺; active_raw: 尾盘站在日内 VWAP 上方; support: D1 未跌破前一日低点; support: D1 收盘站上日 VWAP; support: D1 收盘位置较强; support: D1 分时主动修复到 VWAP 上方; theme: 所属行业/题材有联动: 家居用品 3 家; factor: active_cooling_score=70.00; factor: trend_hold_score=65.00; factor: entry_width_score=30.00; factor: low_absorb_width_pct=5.13; factor: invalid_distance_pct=9.13; factor: d1_low_ma10_pct=-5.53; factor: d1_close_ma10_pct=3.34; factor: d1_close_vwap_pct=4.02; soft_filter: 低吸区间/失效距离偏宽，降权处理; hard_filter: 今日仍涨停，等待首次分歧日; hard_filter: 图形趋势分严重不足
2026-06-05,002708,光洋股份,2026-06-05,0,1,WATCH_ONLY,False,zero,57.85,40.0,100.0,35.0,91.0,60.0,65.0,90.0,1.3176,10.2774,-2.7939,8.3407,3.0563,A,14.23,14.42,14.23,"{""d1_low"": 14.23, ""d1_open"": 14.28, ""d1_close"": 15.86, ""d1_vwap"": 15.346742474514947, ""prev_close"": 14.42, ""ma5"": 14.27, ""ma10"": 14.639, ""d1_intraday_vwap"": 15.389651888588284, ""d1_first_5m_low"": 14.28, ""low_absorb_min"": 14.23, ""low_absorb_max"": 14.42, ""invalid_price"": 14.23}",graph: 近 10 日高点未能继续抬高; graph: 近 10 日低点下移; graph: D1 收盘位置强; active_raw: D1 成交额显著放大; active_raw: D1 振幅明显放大; active_raw: 分时围绕 VWAP 反复争夺; active_raw: 尾盘站在日内 VWAP 上方; active_raw: 分时有急拉急杀波动; support: D1 未跌破前一日低点; support: D1 收盘站上日 VWAP; support: D1 收盘位置较强; support: D1 分时主动修复到 VWAP 上方; theme: 所属行业/题材有联动: 汽车零部 3 家; factor: active_cooling_score=35.00; factor: trend_hold_score=65.00; factor: entry_width_score=90.00; factor: low_absorb_width_pct=1.32; factor: invalid_distance_pct=10.28; factor: d1_low_ma10_pct=-2.79; factor: d1_close_ma10_pct=8.34; factor: d1_close_vwap_pct=3.06; soft_filter: 活跃资金过热，降权处理; hard_filter: 今日仍涨停，等待首次分歧日; hard_filter: 图形趋势分严重不足
2026-06-05,002786,银宝山新,2026-06-05,0,1,WATCH_ONLY,False,zero,59.65,40.0,62.0,90.0,89.0,70.0,65.0,60.0,4.3587,13.0238,-11.0596,2.2583,4.2802,A,7.68,8.03,7.68,"{""d1_low"": 7.68, ""d1_open"": 8.0, ""d1_close"": 8.83, ""d1_vwap"": 8.450495583021112, ""prev_close"": 8.03, ""ma5"": 8.284, ""ma10"": 8.635000000000002, ""d1_intraday_vwap"": 8.467572867272999, ""d1_first_5m_low"": 7.85, ""low_absorb_min"": 7.68, ""low_absorb_max"": 8.03, ""invalid_price"": 7.68}",graph: 近 10 日高点未能继续抬高; graph: 近 10 日低点下移; graph: D1 收盘位置强; active_raw: D1 成交额放大不足; active_raw: D1 振幅明显放大; active_raw: 尾盘站在日内 VWAP 上方; active_raw: 分时有急拉急杀波动; support: D1 跌破前低后收回; support: D1 收盘站上日 VWAP; support: D1 收盘位置较强; support: D1 分时主动修复到 VWAP 上方; theme: 所属行业/题材涨停家数较多: 专用设备 7 家; factor: active_cooling_score=90.00; factor: trend_hold_score=65.00; factor: entry_width_score=60.00; factor: low_absorb_width_pct=4.36; factor: invalid_distance_pct=13.02; factor: d1_low_ma10_pct=-11.06; factor: d1_close_ma10_pct=2.26; factor: d1_close_vwap_pct=4.28; hard_filter: 今日仍涨停，等待首次分歧日; hard_filter: 图形趋势分严重不足
2026-06-05,002877,智能自控,2026-06-05,0,1,WATCH_ONLY,False,zero,57.65,40.0,92.0,35.0,89.0,60.0,65.0,90.0,1.9108,10.7639,-6.636,4.6258,4.8431,A,7.71,7.86,7.71,"{""d1_low"": 7.71, ""d1_open"": 7.86, ""d1_close"": 8.64, ""d1_vwap"": 8.218166426090981, ""prev_close"": 7.85, ""ma5"": 8.156, ""ma10"": 8.258, ""d1_intraday_vwap"": 8.24088367905056, ""d1_first_5m_low"": 7.85, ""low_absorb_min"": 7.71, ""low_absorb_max"": 7.86, ""invalid_price"": 7.71}",graph: 近 10 日高点未能继续抬高; graph: 近 10 日低点下移; graph: D1 收盘位置强; active_raw: D1 成交额温和放大; active_raw: D1 振幅明显放大; active_raw: 分时围绕 VWAP 反复争夺; active_raw: 尾盘站在日内 VWAP 上方; active_raw: 分时有急拉急杀波动; support: D1 跌破前低后收回; support: D1 收盘站上日 VWAP; support: D1 收盘位置较强; support: D1 分时主动修复到 VWAP 上方; theme: 所属行业/题材有联动: 通用设备 4 家; factor: active_cooling_score=35.00; factor: trend_hold_score=65.00; factor: entry_width_score=90.00; factor: low_absorb_width_pct=1.91; factor: invalid_distance_pct=10.76; factor: d1_low_ma10_pct=-6.64; factor: d1_close_ma10_pct=4.63; factor: d1_close_vwap_pct=4.84; soft_filter: 活跃资金过热，降权处理; hard_filter: 今日仍涨停，等待首次分歧日; hard_filter: 图形趋势分严重不足
2026-06-05,002892,科力尔,2026-06-05,0,1,WATCH_ONLY,False,zero,51.9,40.0,62.0,90.0,89.0,45.0,45.0,45.0,4.7523,13.4191,-14.5966,-1.3599,5.9098,A,9.42,9.89,9.42,"{""d1_low"": 9.42, ""d1_open"": 9.88, ""d1_close"": 10.88, ""d1_vwap"": 10.223456297040503, ""prev_close"": 9.89, ""ma5"": 10.379999999999999, ""ma10"": 11.030000000000001, ""d1_intraday_vwap"": 10.272892465175248, ""d1_first_5m_low"": 9.62, ""low_absorb_min"": 9.42, ""low_absorb_max"": 9.89, ""invalid_price"": 9.42}",graph: 近 10 日高点未能继续抬高; graph: 近 10 日低点下移; graph: D1 收盘位置强; active_raw: D1 成交额放大不足; active_raw: D1 振幅明显放大; active_raw: 尾盘站在日内 VWAP 上方; active_raw: 分时有急拉急杀波动; support: D1 跌破前低后收回; support: D1 收盘站上日 VWAP; support: D1 收盘位置较强; support: D1 分时主动修复到 VWAP 上方; theme: 涨停池中同题材联动偏弱; factor: active_cooling_score=90.00; factor: trend_hold_score=45.00; factor: entry_width_score=45.00; factor: low_absorb_width_pct=4.75; factor: invalid_distance_pct=13.42; factor: d1_low_ma10_pct=-14.60; factor: d1_close_ma10_pct=-1.36; factor: d1_close_vwap_pct=5.91; soft_filter: 低吸区间/失效距离偏宽，降权处理; hard_filter: 今日仍涨停，等待首次分歧日; hard_filter: 图形趋势分严重不足
2026-06-05,002896,中大力德,2026-06-05,0,1,WATCH_ONLY,False,zero,54.4,40.0,82.0,70.0,89.0,60.0,65.0,45.0,4.5512,14.2446,-8.8001,6.3488,5.9255,A,74.41,78.0,74.41,"{""d1_low"": 74.41, ""d1_open"": 78.0, ""d1_close"": 86.77, ""d1_vwap"": 81.50468691005491, ""prev_close"": 78.88, ""ma5"": 80.104, ""ma10"": 81.59, ""d1_intraday_vwap"": 81.9160945361539, ""d1_first_5m_low"": 75.83, ""low_absorb_min"": 74.41, ""low_absorb_max"": 78.0, ""invalid_price"": 74.41}",graph: 近 10 日高点未能继续抬高; graph: 近 10 日低点下移; graph: D1 收盘位置强; active_raw: D1 成交额温和放大; active_raw: D1 振幅明显放大; active_raw: 尾盘站在日内 VWAP 上方; active_raw: 分时有急拉急杀波动; support: D1 跌破前低后收回; support: D1 收盘站上日 VWAP; support: D1 收盘位置较强; support: D1 分时主动修复到 VWAP 上方; theme: 所属行业/题材有联动: 通用设备 4 家; factor: active_cooling_score=70.00; factor: trend_hold_score=65.00; factor: entry_width_score=45.00; factor: low_absorb_width_pct=4.55; factor: invalid_distance_pct=14.24; factor: d1_low_ma10_pct=-8.80; factor: d1_close_ma10_pct=6.35; factor: d1_close_vwap_pct=5.93; soft_filter: 低吸区间/失效距离偏宽，降权处理; hard_filter: 今日仍涨停，等待首次分歧日; hard_filter: 图形趋势分严重不足
2026-06-05,002903,宇环数控,2026-06-05,0,1,WATCH_ONLY,False,zero,64.05,58.0,48.0,70.0,91.0,60.0,95.0,30.0,5.095,6.0321,4.341,11.039,1.4207,A,45.02,47.2388713003074,45.02,"{""d1_low"": 45.02, ""d1_open"": 45.02, ""d1_close"": 47.91, ""d1_vwap"": 46.97012442690958, ""prev_close"": 43.55, ""ma5"": 43.64, ""ma10"": 43.147000000000006, ""d1_intraday_vwap"": 47.2388713003074, ""d1_first_5m_low"": 45.02, ""low_absorb_min"": 45.02, ""low_absorb_max"": 47.2388713003074, ""invalid_price"": 45.02}",graph: 近 10 日高点保持抬高; graph: 近 10 日低点下移; graph: D1 收盘位置强; active_raw: D1 成交额放大不足; active_raw: D1 有一定振幅; active_raw: 尾盘站在日内 VWAP 上方; support: D1 未跌破前一日低点; support: D1 收盘站上日 VWAP; support: D1 收盘位置较强; support: D1 分时主动修复到 VWAP 上方; theme: 所属行业/题材有联动: 通用设备 4 家; factor: active_cooling_score=70.00; factor: trend_hold_score=95.00; factor: entry_width_score=30.00; factor: low_absorb_width_pct=5.09; factor: invalid_distance_pct=6.03; factor: d1_low_ma10_pct=4.34; factor: d1_close_ma10_pct=11.04; factor: d1_close_vwap_pct=1.42; soft_filter: 低吸区间/失效距离偏宽，降权处理; hard_filter: 今日仍涨停，等待首次分歧日
2026-06-05,002960,青鸟智控,2026-06-05,0,1,WATCH_ONLY,False,zero,54.15,40.0,92.0,35.0,89.0,70.0,65.0,60.0,3.9552,9.8416,-6.4883,3.7193,2.7033,A,7.97,8.288,7.97,"{""d1_low"": 7.97, ""d1_open"": 8.05, ""d1_close"": 8.84, ""d1_vwap"": 8.498969787464862, ""prev_close"": 8.04, ""ma5"": 8.288, ""ma10"": 8.523, ""d1_intraday_vwap"": 8.607321391690139, ""d1_first_5m_low"": 7.97, ""low_absorb_min"": 7.97, ""low_absorb_max"": 8.288, ""invalid_price"": 7.97}",graph: 近 10 日高点未能继续抬高; graph: 近 10 日低点下移; graph: D1 收盘位置强; active_raw: D1 成交额温和放大; active_raw: D1 振幅明显放大; active_raw: 分时围绕 VWAP 反复争夺; active_raw: 尾盘站在日内 VWAP 上方; active_raw: 分时有急拉急杀波动; support: D1 跌破前低后收回; support: D1 收盘站上日 VWAP; support: D1 收盘位置较强; support: D1 分时主动修复到 VWAP 上方; theme: 所属行业/题材涨停家数较多: 专用设备 7 家; factor: active_cooling_score=35.00; factor: trend_hold_score=65.00; factor: entry_width_score=60.00; factor: low_absorb_width_pct=3.96; factor: invalid_distance_pct=9.84; factor: d1_low_ma10_pct=-6.49; factor: d1_close_ma10_pct=3.72; factor: d1_close_vwap_pct=2.70; soft_filter: 活跃资金过热，降权处理; hard_filter: 今日仍涨停，等待首次分歧日; hard_filter: 图形趋势分严重不足
2026-06-05,002983,芯瑞达,2026-06-05,0,1,WATCH_ONLY,False,zero,51.65,30.0,64.0,90.0,89.0,60.0,45.0,60.0,4.2516,12.963,-13.3641,-0.4608,4.7576,A,21.62,22.58,21.62,"{""d1_low"": 21.62, ""d1_open"": 22.31, ""d1_close"": 24.84, ""d1_vwap"": 23.59421783931608, ""prev_close"": 22.58, ""ma5"": 23.362000000000002, ""ma10"": 24.955000000000002, ""d1_intraday_vwap"": 23.711893251049396, ""d1_first_5m_low"": 22.09, ""low_absorb_min"": 21.62, ""low_absorb_max"": 22.58, ""invalid_price"": 21.62}",graph: 近 10 日高点未能继续抬高; graph: 近 10 日低点下移; graph: D1 收盘位置强; graph: 近期上影线压力偏重; active_raw: D1 成交额放大不足; active_raw: D1 振幅明显放大; active_raw: 分时围绕 VWAP 反复争夺; active_raw: 尾盘站在日内 VWAP 上方; support: D1 跌破前低后收回; support: D1 收盘站上日 VWAP; support: D1 收盘位置较强; support: D1 分时主动修复到 VWAP 上方; theme: 所属行业/题材有联动: 光学光电 3 家; factor: active_cooling_score=90.00; factor: trend_hold_score=45.00; factor: entry_width_score=60.00; factor: low_absorb_width_pct=4.25; factor: invalid_distance_pct=12.96; factor: d1_low_ma10_pct=-13.36; factor: d1_close_ma10_pct=-0.46; factor: d1_close_vwap_pct=4.76; hard_filter: 今日仍涨停，等待首次分歧日; hard_filter: 图形趋势分严重不足
2026-06-05,003009,中天火箭,2026-06-05,0,1,WATCH_ONLY,False,zero,59.1,40.0,74.0,85.0,91.0,45.0,65.0,75.0,2.5496,9.0975,-3.8285,5.7333,4.2231,A,50.36,51.644000000000005,50.36,"{""d1_low"": 50.39, ""d1_open"": 50.79, ""d1_close"": 55.4, ""d1_vwap"": 53.08836507189837, ""prev_close"": 50.36, ""ma5"": 51.644000000000005, ""ma10"": 52.396, ""d1_intraday_vwap"": 53.15521304401909, ""d1_first_5m_low"": 50.7, ""low_absorb_min"": 50.36, ""low_absorb_max"": 51.644000000000005, ""invalid_price"": 50.36}",graph: 近 10 日高点未能继续抬高; graph: 近 10 日低点下移; graph: D1 收盘位置强; active_raw: D1 成交额温和放大; active_raw: D1 振幅明显放大; active_raw: 尾盘站在日内 VWAP 上方; support: D1 未跌破前一日低点; support: D1 收盘站上日 VWAP; support: D1 收盘位置较强; support: D1 分时主动修复到 VWAP 上方; theme: 涨停池中同题材联动偏弱; factor: active_cooling_score=85.00; factor: trend_hold_score=65.00; factor: entry_width_score=75.00; factor: low_absorb_width_pct=2.55; factor: invalid_distance_pct=9.10; factor: d1_low_ma10_pct=-3.83; factor: d1_close_ma10_pct=5.73; factor: d1_close_vwap_pct=4.22; hard_filter: 今日仍涨停，等待首次分歧日; hard_filter: 图形趋势分严重不足
2026-06-05,003036,泰坦股份,2026-06-05,0,1,WATCH_ONLY,False,zero,88.85,90.0,58.0,90.0,91.0,70.0,95.0,90.0,1.1622,6.3388,11.8393,19.4084,0.86,A,77.13,78.0,77.13,"{""d1_low"": 77.13, ""d1_open"": 78.0, ""d1_close"": 82.35, ""d1_vwap"": 81.08498526158525, ""prev_close"": 74.86, ""ma5"": 72.972, ""ma10"": 68.965, ""d1_intraday_vwap"": 81.64782422539929, ""d1_first_5m_low"": 77.13, ""low_absorb_min"": 77.13, ""low_absorb_max"": 78.0, ""invalid_price"": 77.13}",graph: 近 10 日高点保持抬高; graph: 近 10 日低点没有明显下移; graph: 均线多头排列; graph: D1 收盘位置强; active_raw: D1 成交额放大不足; active_raw: D1 有一定振幅; active_raw: 分时围绕 VWAP 反复争夺; active_raw: 尾盘站在日内 VWAP 上方; support: D1 未跌破前一日低点; support: D1 收盘站上日 VWAP; support: D1 收盘位置较强; support: D1 分时主动修复到 VWAP 上方; theme: 所属行业/题材涨停家数较多: 专用设备 7 家; factor: active_cooling_score=90.00; factor: trend_hold_score=95.00; factor: entry_width_score=90.00; factor: low_absorb_width_pct=1.16; factor: invalid_distance_pct=6.34; factor: d1_low_ma10_pct=11.84; factor: d1_close_ma10_pct=19.41; factor: d1_close_vwap_pct=0.86; hard_filter: 今日仍涨停，等待首次分歧日
2026-06-05,600063,皖维高新,2026-06-05,0,1,WATCH_ONLY,False,zero,82.35,90.0,92.0,35.0,91.0,60.0,95.0,90.0,1.3387,10.3406,4.052,16.0525,2.5041,A,7.37,7.47,7.37,"{""d1_low"": 7.37, ""d1_open"": 7.38, ""d1_close"": 8.22, ""d1_vwap"": 8.019191116008562, ""prev_close"": 7.47, ""ma5"": 7.468000000000001, ""ma10"": 7.083, ""d1_intraday_vwap"": 8.01919137706482, ""d1_first_5m_low"": 7.37, ""low_absorb_min"": 7.37, ""low_absorb_max"": 7.47, ""invalid_price"": 7.37}",graph: 近 10 日高点保持抬高; graph: 近 10 日低点没有明显下移; graph: 均线多头排列; graph: D1 收盘位置强; active_raw: D1 成交额显著放大; active_raw: D1 振幅明显放大; active_raw: 尾盘站在日内 VWAP 上方; active_raw: 分时有急拉急杀波动; support: D1 未跌破前一日低点; support: D1 收盘站上日 VWAP; support: D1 收盘位置较强; support: D1 分时主动修复到 VWAP 上方; theme: 所属行业/题材有联动: 化学纤维 2 家; factor: active_cooling_score=35.00; factor: trend_hold_score=95.00; factor: entry_width_score=90.00; factor: low_absorb_width_pct=1.34; factor: invalid_distance_pct=10.34; factor: d1_low_ma10_pct=4.05; factor: d1_close_ma10_pct=16.05; factor: d1_close_vwap_pct=2.50; soft_filter: 活跃资金过热，降权处理; hard_filter: 今日仍涨停，等待首次分歧日
2026-06-05,600207,安彩高科,2026-06-05,0,1,WATCH_ONLY,False,zero,51.9,40.0,62.0,90.0,89.0,45.0,45.0,45.0,4.7401,13.3519,-13.388,-0.0417,4.4922,A,6.23,6.54,6.23,"{""d1_low"": 6.23, ""d1_open"": 6.45, ""d1_close"": 7.19, ""d1_vwap"": 6.880901300787382, ""prev_close"": 6.54, ""ma5"": 6.934, ""ma10"": 7.193, ""d1_intraday_vwap"": 6.880898027655693, ""d1_first_5m_low"": 6.36, ""low_absorb_min"": 6.23, ""low_absorb_max"": 6.54, ""invalid_price"": 6.23}",graph: 近 10 日高点未能继续抬高; graph: 近 10 日低点下移; graph: D1 收盘位置强; active_raw: D1 成交额放大不足; active_raw: D1 振幅明显放大; active_raw: 尾盘站在日内 VWAP 上方; active_raw: 分时有急拉急杀波动; support: D1 跌破前低后收回; support: D1 收盘站上日 VWAP; support: D1 收盘位置较强; support: D1 分时主动修复到 VWAP 上方; theme: 涨停池中同题材联动偏弱; factor: active_cooling_score=90.00; factor: trend_hold_score=45.00; factor: entry_width_score=45.00; factor: low_absorb_width_pct=4.74; factor: invalid_distance_pct=13.35; factor: d1_low_ma10_pct=-13.39; factor: d1_close_ma10_pct=-0.04; factor: d1_close_vwap_pct=4.49; soft_filter: 低吸区间/失效距离偏宽，降权处理; hard_filter: 今日仍涨停，等待首次分歧日; hard_filter: 图形趋势分严重不足
2026-06-05,600293,三峡新材,2026-06-05,0,1,WATCH_ONLY,False,zero,75.85,80.0,86.0,55.0,91.0,60.0,95.0,60.0,4.4312,6.3131,8.9254,16.2654,2.3381,A,3.71,3.869524891291196,3.71,"{""d1_low"": 3.71, ""d1_open"": 3.71, ""d1_close"": 3.96, ""d1_vwap"": 3.869524891291196, ""prev_close"": 3.6, ""ma5"": 3.496, ""ma10"": 3.406, ""d1_intraday_vwap"": 3.869524836123315, ""d1_first_5m_low"": 3.71, ""low_absorb_min"": 3.71, ""low_absorb_max"": 3.869524891291196, ""invalid_price"": 3.71}",graph: 近 10 日高点保持抬高; graph: 近 10 日低点没有明显下移; graph: 均线多头排列; graph: D1 收盘位置强; graph: 近期上影线压力偏重; active_raw: D1 成交额显著放大; active_raw: D1 有一定振幅; active_raw: 尾盘站在日内 VWAP 上方; active_raw: 分时有急拉急杀波动; support: D1 未跌破前一日低点; support: D1 收盘站上日 VWAP; support: D1 收盘位置较强; support: D1 分时主动修复到 VWAP 上方; theme: 所属行业/题材有联动: 玻璃玻纤 3 家; factor: active_cooling_score=55.00; factor: trend_hold_score=95.00; factor: entry_width_score=60.00; factor: low_absorb_width_pct=4.43; factor: invalid_distance_pct=6.31; factor: d1_low_ma10_pct=8.93; factor: d1_close_ma10_pct=16.27; factor: d1_close_vwap_pct=2.34; hard_filter: 今日仍涨停，等待首次分歧日
2026-06-05,600303,曙光股份,2026-06-05,0,1,WATCH_ONLY,False,zero,58.9,40.0,72.0,85.0,89.0,45.0,65.0,75.0,2.5397,11.5274,-9.4929,2.2995,5.3818,A,3.07,3.15,3.07,"{""d1_low"": 3.07, ""d1_open"": 3.13, ""d1_close"": 3.47, ""d1_vwap"": 3.2927910594981764, ""prev_close"": 3.15, ""ma5"": 3.2960000000000003, ""ma10"": 3.3920000000000003, ""d1_intraday_vwap"": 3.292790232678113, ""d1_first_5m_low"": 3.13, ""low_absorb_min"": 3.07, ""low_absorb_max"": 3.15, ""invalid_price"": 3.07}",graph: 近 10 日高点未能继续抬高; graph: 近 10 日低点下移; graph: D1 收盘位置强; active_raw: D1 成交额放大不足; active_raw: D1 振幅明显放大; active_raw: 分时围绕 VWAP 反复争夺; active_raw: 尾盘站在日内 VWAP 上方; active_raw: 分时有急拉急杀波动; support: D1 跌破前低后收回; support: D1 收盘站上日 VWAP; support: D1 收盘位置较强; support: D1 分时主动修复到 VWAP 上方; theme: 涨停池中同题材联动偏弱; factor: active_cooling_score=85.00; factor: trend_hold_score=65.00; factor: entry_width_score=75.00; factor: low_absorb_width_pct=2.54; factor: invalid_distance_pct=11.53; factor: d1_low_ma10_pct=-9.49; factor: d1_close_ma10_pct=2.30; factor: d1_close_vwap_pct=5.38; hard_filter: 今日仍涨停，等待首次分歧日; hard_filter: 图形趋势分严重不足
2026-06-05,600382,广东明珠,2026-06-05,0,1,WATCH_ONLY,False,zero,73.05,58.0,84.0,70.0,91.0,60.0,95.0,90.0,1.4773,9.0909,3.4242,12.7417,1.7691,A,8.8,8.93,8.8,"{""d1_low"": 8.88, ""d1_open"": 8.93, ""d1_close"": 9.68, ""d1_vwap"": 9.511734832671111, ""prev_close"": 8.8, ""ma5"": 8.638, ""ma10"": 8.586, ""d1_intraday_vwap"": 9.511730188522884, ""d1_first_5m_low"": 8.88, ""low_absorb_min"": 8.8, ""low_absorb_max"": 8.93, ""invalid_price"": 8.8}",graph: 近 10 日高点保持抬高; graph: 近 10 日低点下移; graph: D1 收盘位置强; active_raw: D1 成交额显著放大; active_raw: D1 振幅明显放大; active_raw: 尾盘站在日内 VWAP 上方; support: D1 未跌破前一日低点; support: D1 收盘站上日 VWAP; support: D1 收盘位置较强; support: D1 分时主动修复到 VWAP 上方; theme: 所属行业/题材有联动: 冶钢原料 2 家; factor: active_cooling_score=70.00; factor: trend_hold_score=95.00; factor: entry_width_score=90.00; factor: low_absorb_width_pct=1.48; factor: invalid_distance_pct=9.09; factor: d1_low_ma10_pct=3.42; factor: d1_close_ma10_pct=12.74; factor: d1_close_vwap_pct=1.77; hard_filter: 今日仍涨停，等待首次分歧日
2026-06-05,600403,大有能源,2026-06-05,0,1,WATCH_ONLY,False,zero,80.65,90.0,100.0,35.0,89.0,45.0,95.0,90.0,0.6757,9.7052,23.9669,37.2913,3.1105,A,7.35,7.4,7.35,"{""d1_low"": 7.35, ""d1_open"": 7.4, ""d1_close"": 8.14, ""d1_vwap"": 7.894443254315232, ""prev_close"": 7.4, ""ma5"": 6.790000000000001, ""ma10"": 5.929, ""d1_intraday_vwap"": 7.8944429579249915, ""d1_first_5m_low"": 7.35, ""low_absorb_min"": 7.35, ""low_absorb_max"": 7.4, ""invalid_price"": 7.35}",graph: 近 10 日高点保持抬高; graph: 近 10 日低点没有明显下移; graph: 均线多头排列; graph: D1 收盘位置强; active_raw: D1 成交额显著放大; active_raw: D1 振幅明显放大; active_raw: 分时围绕 VWAP 反复争夺; active_raw: 尾盘站在日内 VWAP 上方; active_raw: 分时有急拉急杀波动; support: D1 跌破前低后收回; support: D1 收盘站上日 VWAP; support: D1 收盘位置较强; support: D1 分时主动修复到 VWAP 上方; theme: 涨停池中同题材联动偏弱; factor: active_cooling_score=35.00; factor: trend_hold_score=95.00; factor: entry_width_score=90.00; factor: low_absorb_width_pct=0.68; factor: invalid_distance_pct=9.71; factor: d1_low_ma10_pct=23.97; factor: d1_close_ma10_pct=37.29; factor: d1_close_vwap_pct=3.11; soft_filter: 活跃资金过热，降权处理; hard_filter: 今日仍涨停，等待首次分歧日
2026-06-05,600516,方大炭素,2026-06-05,0,1,WATCH_ONLY,False,zero,75.05,58.0,68.0,90.0,91.0,60.0,95.0,90.0,0.1887,6.8611,3.7249,11.3658,0.738,A,5.43,5.44,5.43,"{""d1_low"": 5.43, ""d1_open"": 5.44, ""d1_close"": 5.83, ""d1_vwap"": 5.787290914269815, ""prev_close"": 5.3, ""ma5"": 5.336, ""ma10"": 5.235, ""d1_intraday_vwap"": 5.787290557939455, ""d1_first_5m_low"": 5.43, ""low_absorb_min"": 5.43, ""low_absorb_max"": 5.44, ""invalid_price"": 5.43}",graph: 近 10 日高点保持抬高; graph: 近 10 日低点下移; graph: D1 收盘位置强; active_raw: D1 成交额温和放大; active_raw: D1 有一定振幅; active_raw: 尾盘站在日内 VWAP 上方; support: D1 未跌破前一日低点; support: D1 收盘站上日 VWAP; support: D1 收盘位置较强; support: D1 分时主动修复到 VWAP 上方; theme: 所属行业/题材有联动: 冶钢原料 2 家; factor: active_cooling_score=90.00; factor: trend_hold_score=95.00; factor: entry_width_score=90.00; factor: low_absorb_width_pct=0.19; factor: invalid_distance_pct=6.86; factor: d1_low_ma10_pct=3.72; factor: d1_close_ma10_pct=11.37; factor: d1_close_vwap_pct=0.74; hard_filter: 今日仍涨停，等待首次分歧日
2026-06-05,600552,凯盛科技,2026-06-05,0,1,WATCH_ONLY,False,zero,81.35,90.0,82.0,70.0,91.0,60.0,80.0,75.0,2.5532,10.4744,2.1255,12.5454,2.5337,A,19.436,19.94,19.436,"{""d1_low"": 19.7, ""d1_open"": 19.94, ""d1_close"": 21.71, ""d1_vwap"": 21.173514854330513, ""prev_close"": 19.74, ""ma5"": 19.436, ""ma10"": 19.29, ""d1_intraday_vwap"": 21.173521925631704, ""d1_first_5m_low"": 19.7, ""low_absorb_min"": 19.436, ""low_absorb_max"": 19.94, ""invalid_price"": 19.436}",graph: 近 10 日高点保持抬高; graph: 近 10 日低点没有明显下移; graph: 均线多头排列; graph: D1 收盘位置强; active_raw: D1 成交额温和放大; active_raw: D1 振幅明显放大; active_raw: 尾盘站在日内 VWAP 上方; active_raw: 分时有急拉急杀波动; support: D1 未跌破前一日低点; support: D1 收盘站上日 VWAP; support: D1 收盘位置较强; support: D1 分时主动修复到 VWAP 上方; theme: 所属行业/题材有联动: 光学光电 3 家; factor: active_cooling_score=70.00; factor: trend_hold_score=80.00; factor: entry_width_score=75.00; factor: low_absorb_width_pct=2.55; factor: invalid_distance_pct=10.47; factor: d1_low_ma10_pct=2.13; factor: d1_close_ma10_pct=12.55; factor: d1_close_vwap_pct=2.53; hard_filter: 今日仍涨停，等待首次分歧日
2026-06-05,600714,金瑞矿业,2026-06-05,0,1,WATCH_ONLY,False,zero,63.9,60.0,72.0,85.0,89.0,60.0,65.0,45.0,4.7141,13.3739,-6.0894,8.4091,4.8046,A,28.5,29.91,28.5,"{""d1_low"": 28.5, ""d1_open"": 29.5, ""d1_close"": 32.9, ""d1_vwap"": 31.391753651313778, ""prev_close"": 29.91, ""ma5"": 30.253999999999998, ""ma10"": 30.348000000000003, ""d1_intraday_vwap"": 31.391750784814448, ""d1_first_5m_low"": 28.89, ""low_absorb_min"": 28.5, ""low_absorb_max"": 29.91, ""invalid_price"": 28.5}",graph: 近 10 日高点未能继续抬高; graph: 近 10 日低点没有明显下移; graph: D1 收盘位置强; active_raw: D1 成交额放大不足; active_raw: D1 振幅明显放大; active_raw: 分时围绕 VWAP 反复争夺; active_raw: 尾盘站在日内 VWAP 上方; active_raw: 分时有急拉急杀波动; support: D1 跌破前低后收回; support: D1 收盘站上日 VWAP; support: D1 收盘位置较强; support: D1 分时主动修复到 VWAP 上方; theme: 所属行业/题材有联动: 化学原料 2 家; factor: active_cooling_score=85.00; factor: trend_hold_score=65.00; factor: entry_width_score=45.00; factor: low_absorb_width_pct=4.71; factor: invalid_distance_pct=13.37; factor: d1_low_ma10_pct=-6.09; factor: d1_close_ma10_pct=8.41; factor: d1_close_vwap_pct=4.80; soft_filter: 低吸区间/失效距离偏宽，降权处理; hard_filter: 今日仍涨停，等待首次分歧日
2026-06-05,600776,东方通信,2026-06-05,0,1,WATCH_ONLY,False,zero,56.85,40.0,82.0,70.0,91.0,60.0,65.0,60.0,4.0856,9.7867,-5.1013,5.1937,1.9961,A,14.38,14.972,14.38,"{""d1_low"": 14.38, ""d1_open"": 14.53, ""d1_close"": 15.94, ""d1_vwap"": 15.628072019593603, ""prev_close"": 14.49, ""ma5"": 14.972, ""ma10"": 15.153, ""d1_intraday_vwap"": 15.628051384774993, ""d1_first_5m_low"": 14.38, ""low_absorb_min"": 14.38, ""low_absorb_max"": 14.972, ""invalid_price"": 14.38}",graph: 近 10 日高点未能继续抬高; graph: 近 10 日低点下移; graph: D1 收盘位置强; active_raw: D1 成交额温和放大; active_raw: D1 振幅明显放大; active_raw: 尾盘站在日内 VWAP 上方; active_raw: 分时有急拉急杀波动; support: D1 未跌破前一日低点; support: D1 收盘站上日 VWAP; support: D1 收盘位置较强; support: D1 分时主动修复到 VWAP 上方; theme: 所属行业/题材有联动: 通信设备 2 家; factor: active_cooling_score=70.00; factor: trend_hold_score=65.00; factor: entry_width_score=60.00; factor: low_absorb_width_pct=4.09; factor: invalid_distance_pct=9.79; factor: d1_low_ma10_pct=-5.10; factor: d1_close_ma10_pct=5.19; factor: d1_close_vwap_pct=2.00; hard_filter: 今日仍涨停，等待首次分歧日; hard_filter: 图形趋势分严重不足
2026-06-05,600819,耀皮玻璃,2026-06-05,0,1,WATCH_ONLY,False,zero,53.35,40.0,92.0,35.0,91.0,60.0,65.0,60.0,3.9375,9.375,-6.328,3.3622,2.3779,A,6.38,6.632000000000001,6.38,"{""d1_low"": 6.38, ""d1_open"": 6.39, ""d1_close"": 7.04, ""d1_vwap"": 6.876489687403122, ""prev_close"": 6.4, ""ma5"": 6.632000000000001, ""ma10"": 6.811, ""d1_intraday_vwap"": 6.876483972216496, ""d1_first_5m_low"": 6.38, ""low_absorb_min"": 6.38, ""low_absorb_max"": 6.632000000000001, ""invalid_price"": 6.38}",graph: 近 10 日高点未能继续抬高; graph: 近 10 日低点下移; graph: D1 收盘位置强; active_raw: D1 成交额温和放大; active_raw: D1 振幅明显放大; active_raw: 分时围绕 VWAP 反复争夺; active_raw: 尾盘站在日内 VWAP 上方; active_raw: 分时有急拉急杀波动; support: D1 未跌破前一日低点; support: D1 收盘站上日 VWAP; support: D1 收盘位置较强; support: D1 分时主动修复到 VWAP 上方; theme: 所属行业/题材有联动: 玻璃玻纤 3 家; factor: active_cooling_score=35.00; factor: trend_hold_score=65.00; factor: entry_width_score=60.00; factor: low_absorb_width_pct=3.94; factor: invalid_distance_pct=9.38; factor: d1_low_ma10_pct=-6.33; factor: d1_close_ma10_pct=3.36; factor: d1_close_vwap_pct=2.38; soft_filter: 活跃资金过热，降权处理; hard_filter: 今日仍涨停，等待首次分歧日; hard_filter: 图形趋势分严重不足
2026-06-05,600881,亚泰集团,2026-06-05,0,1,WATCH_ONLY,False,zero,67.05,78.0,94.0,35.0,91.0,45.0,65.0,60.0,3.7333,9.0909,-1.5748,8.2677,3.3331,A,1.5,1.556,1.5,"{""d1_low"": 1.5, ""d1_open"": 1.5, ""d1_close"": 1.65, ""d1_vwap"": 1.5967777560139629, ""prev_close"": 1.5, ""ma5"": 1.556, ""ma10"": 1.5239999999999998, ""d1_intraday_vwap"": 1.5967774692625052, ""d1_first_5m_low"": 1.5, ""low_absorb_min"": 1.5, ""low_absorb_max"": 1.556, ""invalid_price"": 1.5}",graph: 近 10 日高点保持抬高; graph: 近 10 日低点没有明显下移; graph: D1 收盘位置强; active_raw: D1 成交额显著放大; active_raw: D1 振幅明显放大; active_raw: 分时围绕 VWAP 反复争夺; active_raw: 尾盘站在日内 VWAP 上方; support: D1 未跌破前一日低点; support: D1 收盘站上日 VWAP; support: D1 收盘位置较强; support: D1 分时主动修复到 VWAP 上方; theme: 涨停池中同题材联动偏弱; factor: active_cooling_score=35.00; factor: trend_hold_score=65.00; factor: entry_width_score=60.00; factor: low_absorb_width_pct=3.73; factor: invalid_distance_pct=9.09; factor: d1_low_ma10_pct=-1.57; factor: d1_close_ma10_pct=8.27; factor: d1_close_vwap_pct=3.33; soft_filter: 活跃资金过热，降权处理; hard_filter: 今日仍涨停，等待首次分歧日
2026-06-05,600973,宝胜股份,2026-06-05,0,1,WATCH_ONLY,False,zero,62.8,58.0,92.0,35.0,91.0,60.0,65.0,75.0,2.6263,9.7113,-3.1122,7.3088,1.8208,A,6.88,7.061999999999999,6.88,"{""d1_low"": 6.88, ""d1_open"": 6.93, ""d1_close"": 7.62, ""d1_vwap"": 7.483739270348527, ""prev_close"": 6.93, ""ma5"": 7.061999999999999, ""ma10"": 7.101000000000001, ""d1_intraday_vwap"": 7.4837361415755534, ""d1_first_5m_low"": 6.88, ""low_absorb_min"": 6.88, ""low_absorb_max"": 7.061999999999999, ""invalid_price"": 6.88}",graph: 近 10 日高点保持抬高; graph: 近 10 日低点下移; graph: D1 收盘位置强; active_raw: D1 成交额显著放大; active_raw: D1 振幅明显放大; active_raw: 尾盘站在日内 VWAP 上方; active_raw: 分时有急拉急杀波动; support: D1 未跌破前一日低点; support: D1 收盘站上日 VWAP; support: D1 收盘位置较强; support: D1 分时主动修复到 VWAP 上方; theme: 所属行业/题材有联动: 电网设备 3 家; factor: active_cooling_score=35.00; factor: trend_hold_score=65.00; factor: entry_width_score=75.00; factor: low_absorb_width_pct=2.63; factor: invalid_distance_pct=9.71; factor: d1_low_ma10_pct=-3.11; factor: d1_close_ma10_pct=7.31; factor: d1_close_vwap_pct=1.82; soft_filter: 活跃资金过热，降权处理; hard_filter: 今日仍涨停，等待首次分歧日
2026-06-05,600996,贵广网络,2026-06-05,0,1,WATCH_ONLY,False,zero,61.15,40.0,72.0,85.0,89.0,45.0,65.0,90.0,1.8757,10.661,-9.2975,1.5261,4.3016,A,8.38,8.54,8.38,"{""d1_low"": 8.38, ""d1_open"": 8.54, ""d1_close"": 9.38, ""d1_vwap"": 8.993149240696452, ""prev_close"": 8.53, ""ma5"": 9.035999999999998, ""ma10"": 9.238999999999999, ""d1_intraday_vwap"": 8.993146861506718, ""d1_first_5m_low"": 8.54, ""low_absorb_min"": 8.38, ""low_absorb_max"": 8.54, ""invalid_price"": 8.38}",graph: 近 10 日高点未能继续抬高; graph: 近 10 日低点下移; graph: D1 收盘位置强; active_raw: D1 成交额放大不足; active_raw: D1 振幅明显放大; active_raw: 分时围绕 VWAP 反复争夺; active_raw: 尾盘站在日内 VWAP 上方; active_raw: 分时有急拉急杀波动; support: D1 跌破前低后收回; support: D1 收盘站上日 VWAP; support: D1 收盘位置较强; support: D1 分时主动修复到 VWAP 上方; theme: 涨停池中同题材联动偏弱; factor: active_cooling_score=85.00; factor: trend_hold_score=65.00; factor: entry_width_score=90.00; factor: low_absorb_width_pct=1.88; factor: invalid_distance_pct=10.66; factor: d1_low_ma10_pct=-9.30; factor: d1_close_ma10_pct=1.53; factor: d1_close_vwap_pct=4.30; hard_filter: 今日仍涨停，等待首次分歧日; hard_filter: 图形趋势分严重不足
2026-06-05,603020,爱普股份,2026-06-05,0,1,WATCH_ONLY,False,zero,53.35,40.0,92.0,35.0,91.0,60.0,65.0,60.0,3.6495,9.0909,-3.9889,5.6122,3.4501,A,9.7,10.053999999999998,9.7,"{""d1_low"": 9.7, ""d1_open"": 9.7, ""d1_close"": 10.67, ""d1_vwap"": 10.314153773423582, ""prev_close"": 9.7, ""ma5"": 10.053999999999998, ""ma10"": 10.103, ""d1_intraday_vwap"": 10.314153773423582, ""d1_first_5m_low"": 9.7, ""low_absorb_min"": 9.7, ""low_absorb_max"": 10.053999999999998, ""invalid_price"": 9.7}",graph: 近 10 日高点未能继续抬高; graph: 近 10 日低点下移; graph: D1 收盘位置强; active_raw: D1 成交额温和放大; active_raw: D1 振幅明显放大; active_raw: 分时围绕 VWAP 反复争夺; active_raw: 尾盘站在日内 VWAP 上方; active_raw: 分时有急拉急杀波动; support: D1 未跌破前一日低点; support: D1 收盘站上日 VWAP; support: D1 收盘位置较强; support: D1 分时主动修复到 VWAP 上方; theme: 所属行业/题材有联动: 化学制品 3 家; factor: active_cooling_score=35.00; factor: trend_hold_score=65.00; factor: entry_width_score=60.00; factor: low_absorb_width_pct=3.65; factor: invalid_distance_pct=9.09; factor: d1_low_ma10_pct=-3.99; factor: d1_close_ma10_pct=5.61; factor: d1_close_vwap_pct=3.45; soft_filter: 活跃资金过热，降权处理; hard_filter: 今日仍涨停，等待首次分歧日; hard_filter: 图形趋势分严重不足
2026-06-05,603048,浙江黎明,2026-06-05,0,1,WATCH_ONLY,False,zero,57.65,40.0,94.0,35.0,89.0,60.0,65.0,90.0,1.9577,9.9567,-8.4014,1.7273,4.6795,A,18.72,19.09,18.72,"{""d1_low"": 18.72, ""d1_open"": 19.09, ""d1_close"": 20.79, ""d1_vwap"": 19.860624127199337, ""prev_close"": 18.9, ""ma5"": 19.874, ""ma10"": 20.436999999999998, ""d1_intraday_vwap"": 19.860624127199337, ""d1_first_5m_low"": 18.85, ""low_absorb_min"": 18.72, ""low_absorb_max"": 19.09, ""invalid_price"": 18.72}",graph: 近 10 日高点未能继续抬高; graph: 近 10 日低点下移; graph: D1 收盘位置强; active_raw: D1 成交额显著放大; active_raw: D1 振幅明显放大; active_raw: 分时围绕 VWAP 反复争夺; active_raw: 尾盘站在日内 VWAP 上方; support: D1 跌破前低后收回; support: D1 收盘站上日 VWAP; support: D1 收盘位置较强; support: D1 分时主动修复到 VWAP 上方; theme: 所属行业/题材有联动: 汽车零部 3 家; factor: active_cooling_score=35.00; factor: trend_hold_score=65.00; factor: entry_width_score=90.00; factor: low_absorb_width_pct=1.96; factor: invalid_distance_pct=9.96; factor: d1_low_ma10_pct=-8.40; factor: d1_close_ma10_pct=1.73; factor: d1_close_vwap_pct=4.68; soft_filter: 活跃资金过热，降权处理; hard_filter: 今日仍涨停，等待首次分歧日; hard_filter: 图形趋势分严重不足
2026-06-05,603070,万控智造,2026-06-05,0,1,WATCH_ONLY,False,zero,55.9,40.0,72.0,85.0,89.0,60.0,65.0,45.0,4.6022,13.2696,-12.6693,0.6921,7.3639,A,14.51,15.21,14.51,"{""d1_low"": 14.51, ""d1_open"": 15.25, ""d1_close"": 16.73, ""d1_vwap"": 15.58245157233042, ""prev_close"": 15.21, ""ma5"": 16.22, ""ma10"": 16.615000000000002, ""d1_intraday_vwap"": 15.582513054610313, ""d1_first_5m_low"": 14.85, ""low_absorb_min"": 14.51, ""low_absorb_max"": 15.21, ""invalid_price"": 14.51}",graph: 近 10 日高点未能继续抬高; graph: 近 10 日低点下移; graph: D1 收盘位置强; active_raw: D1 成交额放大不足; active_raw: D1 振幅明显放大; active_raw: 分时围绕 VWAP 反复争夺; active_raw: 尾盘站在日内 VWAP 上方; active_raw: 分时有急拉急杀波动; support: D1 跌破前低后收回; support: D1 收盘站上日 VWAP; support: D1 收盘位置较强; support: D1 分时主动修复到 VWAP 上方; theme: 所属行业/题材有联动: 电网设备 3 家; factor: active_cooling_score=85.00; factor: trend_hold_score=65.00; factor: entry_width_score=45.00; factor: low_absorb_width_pct=4.60; factor: invalid_distance_pct=13.27; factor: d1_low_ma10_pct=-12.67; factor: d1_close_ma10_pct=0.69; factor: d1_close_vwap_pct=7.36; soft_filter: 低吸区间/失效距离偏宽，降权处理; hard_filter: 今日仍涨停，等待首次分歧日; hard_filter: 图形趋势分严重不足
2026-06-05,603078,江化微,2026-06-05,0,1,WATCH_ONLY,False,zero,71.85,90.0,92.0,35.0,91.0,45.0,80.0,45.0,4.7115,13.3782,1.8618,17.5938,4.2588,A,36.0,37.78,36.0,"{""d1_low"": 36.0, ""d1_open"": 37.0, ""d1_close"": 41.56, ""d1_vwap"": 39.86232133721797, ""prev_close"": 37.78, ""ma5"": 37.034000000000006, ""ma10"": 35.342, ""d1_intraday_vwap"": 39.86233969358177, ""d1_first_5m_low"": 36.2, ""low_absorb_min"": 36.0, ""low_absorb_max"": 37.78, ""invalid_price"": 36.0}",graph: 近 10 日高点保持抬高; graph: 近 10 日低点没有明显下移; graph: 均线多头排列; graph: D1 收盘位置强; active_raw: D1 成交额温和放大; active_raw: D1 振幅明显放大; active_raw: 分时围绕 VWAP 反复争夺; active_raw: 尾盘站在日内 VWAP 上方; active_raw: 分时有急拉急杀波动; support: D1 未跌破前一日低点; support: D1 收盘站上日 VWAP; support: D1 收盘位置较强; support: D1 分时主动修复到 VWAP 上方; theme: 涨停池中同题材联动偏弱; factor: active_cooling_score=35.00; factor: trend_hold_score=80.00; factor: entry_width_score=45.00; factor: low_absorb_width_pct=4.71; factor: invalid_distance_pct=13.38; factor: d1_low_ma10_pct=1.86; factor: d1_close_ma10_pct=17.59; factor: d1_close_vwap_pct=4.26; soft_filter: 活跃资金过热，降权处理; soft_filter: 低吸区间/失效距离偏宽，降权处理; hard_filter: 今日仍涨停，等待首次分歧日
2026-06-05,603124,江南新材,2026-06-05,0,1,WATCH_ONLY,False,zero,84.1,90.0,62.0,90.0,91.0,45.0,95.0,75.0,3.3759,11.4024,5.1556,17.6018,2.6427,A,148.844,154.0,148.844,"{""d1_low"": 150.22, ""d1_open"": 154.0, ""d1_close"": 168.0, ""d1_vwap"": 163.67528240502304, ""prev_close"": 152.73, ""ma5"": 148.844, ""ma10"": 142.85500000000002, ""d1_intraday_vwap"": 163.67463695258147, ""d1_first_5m_low"": 150.22, ""low_absorb_min"": 148.844, ""low_absorb_max"": 154.0, ""invalid_price"": 148.844}",graph: 近 10 日高点保持抬高; graph: 近 10 日低点没有明显下移; graph: 均线多头排列; graph: D1 收盘位置强; active_raw: D1 成交额放大不足; active_raw: D1 振幅明显放大; active_raw: 尾盘站在日内 VWAP 上方; active_raw: 分时有急拉急杀波动; support: D1 未跌破前一日低点; support: D1 收盘站上日 VWAP; support: D1 收盘位置较强; support: D1 分时主动修复到 VWAP 上方; theme: 涨停池中同题材联动偏弱; factor: active_cooling_score=90.00; factor: trend_hold_score=95.00; factor: entry_width_score=75.00; factor: low_absorb_width_pct=3.38; factor: invalid_distance_pct=11.40; factor: d1_low_ma10_pct=5.16; factor: d1_close_ma10_pct=17.60; factor: d1_close_vwap_pct=2.64; hard_filter: 今日仍涨停，等待首次分歧日
2026-06-05,603135,中重科技,2026-06-05,0,1,WATCH_ONLY,False,zero,66.05,58.0,100.0,35.0,91.0,70.0,95.0,60.0,4.2173,10.335,11.7031,24.5782,6.9547,A,12.58,13.117705477615907,12.58,"{""d1_low"": 12.58, ""d1_open"": 13.55, ""d1_close"": 14.03, ""d1_vwap"": 13.117705477615907, ""prev_close"": 12.75, ""ma5"": 11.836, ""ma10"": 11.262, ""d1_intraday_vwap"": 13.1177032528812, ""d1_first_5m_low"": 12.69, ""low_absorb_min"": 12.58, ""low_absorb_max"": 13.117705477615907, ""invalid_price"": 12.58}",graph: 近 10 日高点保持抬高; graph: 近 10 日低点下移; graph: D1 收盘位置强; active_raw: D1 成交额显著放大; active_raw: D1 振幅明显放大; active_raw: 分时围绕 VWAP 反复争夺; active_raw: 尾盘站在日内 VWAP 上方; active_raw: 分时有急拉急杀波动; support: D1 未跌破前一日低点; support: D1 收盘站上日 VWAP; support: D1 收盘位置较强; support: D1 分时主动修复到 VWAP 上方; theme: 所属行业/题材涨停家数较多: 专用设备 7 家; factor: active_cooling_score=35.00; factor: trend_hold_score=95.00; factor: entry_width_score=60.00; factor: low_absorb_width_pct=4.22; factor: invalid_distance_pct=10.33; factor: d1_low_ma10_pct=11.70; factor: d1_close_ma10_pct=24.58; factor: d1_close_vwap_pct=6.95; soft_filter: 活跃资金过热，降权处理; hard_filter: 今日仍涨停，等待首次分歧日
2026-06-05,603159,上海亚虹,2026-06-05,0,1,WATCH_ONLY,False,zero,53.35,40.0,82.0,70.0,91.0,70.0,65.0,30.0,5.3777,9.0842,-6.4602,1.7701,2.5626,A,24.62,25.944,24.62,"{""d1_low"": 24.89, ""d1_open"": 25.63, ""d1_close"": 27.08, ""d1_vwap"": 26.4035611080979, ""prev_close"": 24.62, ""ma5"": 25.944, ""ma10"": 26.609, ""d1_intraday_vwap"": 26.403396560566833, ""d1_first_5m_low"": 25.5, ""low_absorb_min"": 24.62, ""low_absorb_max"": 25.944, ""invalid_price"": 24.62}",graph: 近 10 日高点未能继续抬高; graph: 近 10 日低点下移; graph: D1 收盘位置强; active_raw: D1 成交额温和放大; active_raw: D1 振幅明显放大; active_raw: 尾盘站在日内 VWAP 上方; active_raw: 分时有急拉急杀波动; support: D1 未跌破前一日低点; support: D1 收盘站上日 VWAP; support: D1 收盘位置较强; support: D1 分时主动修复到 VWAP 上方; theme: 所属行业/题材涨停家数较多: 专用设备 7 家; factor: active_cooling_score=70.00; factor: trend_hold_score=65.00; factor: entry_width_score=30.00; factor: low_absorb_width_pct=5.38; factor: invalid_distance_pct=9.08; factor: d1_low_ma10_pct=-6.46; factor: d1_close_ma10_pct=1.77; factor: d1_close_vwap_pct=2.56; soft_filter: 低吸区间/失效距离偏宽，降权处理; hard_filter: 今日仍涨停，等待首次分歧日; hard_filter: 图形趋势分严重不足
2026-06-05,603166,福达股份,2026-06-05,0,1,WATCH_ONLY,False,zero,56.65,40.0,82.0,70.0,89.0,60.0,65.0,60.0,3.9248,12.6394,-9.4831,3.613,5.1912,A,11.75,12.23,11.75,"{""d1_low"": 11.75, ""d1_open"": 12.23, ""d1_close"": 13.45, ""d1_vwap"": 12.786205938070298, ""prev_close"": 12.23, ""ma5"": 12.558000000000002, ""ma10"": 12.981, ""d1_intraday_vwap"": 12.786238966139411, ""d1_first_5m_low"": 11.98, ""low_absorb_min"": 11.75, ""low_absorb_max"": 12.23, ""invalid_price"": 11.75}",graph: 近 10 日高点未能继续抬高; graph: 近 10 日低点下移; graph: D1 收盘位置强; active_raw: D1 成交额温和放大; active_raw: D1 振幅明显放大; active_raw: 尾盘站在日内 VWAP 上方; active_raw: 分时有急拉急杀波动; support: D1 跌破前低后收回; support: D1 收盘站上日 VWAP; support: D1 收盘位置较强; support: D1 分时主动修复到 VWAP 上方; theme: 所属行业/题材有联动: 汽车零部 3 家; factor: active_cooling_score=70.00; factor: trend_hold_score=65.00; factor: entry_width_score=60.00; factor: low_absorb_width_pct=3.92; factor: invalid_distance_pct=12.64; factor: d1_low_ma10_pct=-9.48; factor: d1_close_ma10_pct=3.61; factor: d1_close_vwap_pct=5.19; hard_filter: 今日仍涨停，等待首次分歧日; hard_filter: 图形趋势分严重不足
2026-06-05,603270,金帝股份,2026-06-05,0,1,WATCH_ONLY,False,zero,56.65,40.0,82.0,70.0,89.0,60.0,65.0,60.0,4.102,12.8317,-9.8677,3.4004,6.2109,A,25.95,27.06,25.95,"{""d1_low"": 25.95, ""d1_open"": 26.79, ""d1_close"": 29.77, ""d1_vwap"": 28.029006384616395, ""prev_close"": 27.06, ""ma5"": 28.076, ""ma10"": 28.790999999999997, ""d1_intraday_vwap"": 28.029139239880003, ""d1_first_5m_low"": 26.78, ""low_absorb_min"": 25.95, ""low_absorb_max"": 27.06, ""invalid_price"": 25.95}",graph: 近 10 日高点未能继续抬高; graph: 近 10 日低点下移; graph: D1 收盘位置强; active_raw: D1 成交额温和放大; active_raw: D1 振幅明显放大; active_raw: 尾盘站在日内 VWAP 上方; active_raw: 分时有急拉急杀波动; support: D1 跌破前低后收回; support: D1 收盘站上日 VWAP; support: D1 收盘位置较强; support: D1 分时主动修复到 VWAP 上方; theme: 所属行业/题材有联动: 通用设备 4 家; factor: active_cooling_score=70.00; factor: trend_hold_score=65.00; factor: entry_width_score=60.00; factor: low_absorb_width_pct=4.10; factor: invalid_distance_pct=12.83; factor: d1_low_ma10_pct=-9.87; factor: d1_close_ma10_pct=3.40; factor: d1_close_vwap_pct=6.21; hard_filter: 今日仍涨停，等待首次分歧日; hard_filter: 图形趋势分严重不足
2026-06-05,603360,百傲化学,2026-06-05,0,1,WATCH_ONLY,False,zero,53.65,40.0,72.0,85.0,89.0,45.0,45.0,60.0,4.1893,12.908,-19.1349,-7.1497,6.0161,A,17.61,18.38,17.61,"{""d1_low"": 17.61, ""d1_open"": 18.2, ""d1_close"": 20.22, ""d1_vwap"": 19.07256009341605, ""prev_close"": 18.38, ""ma5"": 19.384, ""ma10"": 21.776999999999997, ""d1_intraday_vwap"": 19.072568083356142, ""d1_first_5m_low"": 17.84, ""low_absorb_min"": 17.61, ""low_absorb_max"": 18.38, ""invalid_price"": 17.61}",graph: 近 10 日高点未能继续抬高; graph: 近 10 日低点下移; graph: D1 收盘位置强; active_raw: D1 成交额放大不足; active_raw: D1 振幅明显放大; active_raw: 分时围绕 VWAP 反复争夺; active_raw: 尾盘站在日内 VWAP 上方; active_raw: 分时有急拉急杀波动; support: D1 跌破前低后收回; support: D1 收盘站上日 VWAP; support: D1 收盘位置较强; support: D1 分时主动修复到 VWAP 上方; theme: 涨停池中同题材联动偏弱; factor: active_cooling_score=85.00; factor: trend_hold_score=45.00; factor: entry_width_score=60.00; factor: low_absorb_width_pct=4.19; factor: invalid_distance_pct=12.91; factor: d1_low_ma10_pct=-19.13; factor: d1_close_ma10_pct=-7.15; factor: d1_close_vwap_pct=6.02; hard_filter: 今日仍涨停，等待首次分歧日; hard_filter: 图形趋势分严重不足
2026-06-05,603500,祥和实业,2026-06-05,0,1,WATCH_ONLY,False,zero,71.15,70.0,40.0,70.0,39.0,45.0,95.0,90.0,0.0009,0.0,15.4427,15.4427,0.0,C,12.229999671414207,12.23009739868431,12.229999671414207,"{""d1_low"": 12.23, ""d1_open"": 12.23, ""d1_close"": 12.23, ""d1_vwap"": 12.23009739868431, ""prev_close"": 11.12, ""ma5"": 10.908, ""ma10"": 10.594000000000001, ""d1_intraday_vwap"": 12.229999671414207, ""d1_first_5m_low"": 12.23, ""low_absorb_min"": 12.229999671414207, ""low_absorb_max"": 12.23009739868431, ""invalid_price"": 12.229999671414207}",graph: 近 10 日高点保持抬高; graph: 近 10 日低点没有明显下移; graph: 均线多头排列; graph: D1 收盘接近低位; active_raw: D1 成交额放大不足; active_raw: 尾盘站在日内 VWAP 上方; support: D1 未跌破前一日低点; support: D1 收盘低于日 VWAP; support: D1 收盘接近全天低位; support: D1 分时主动修复到 VWAP 上方; theme: 涨停池中同题材联动偏弱; factor: active_cooling_score=70.00; factor: trend_hold_score=95.00; factor: entry_width_score=90.00; factor: low_absorb_width_pct=0.00; factor: invalid_distance_pct=0.00; factor: d1_low_ma10_pct=15.44; factor: d1_close_ma10_pct=15.44; factor: d1_close_vwap_pct=0.00; soft_filter: 承接类型 C，仅作辅助扣分，不再硬过滤; hard_filter: 今日仍涨停，等待首次分歧日
2026-06-05,603578,三星新材,2026-06-05,0,1,WATCH_ONLY,False,zero,58.9,40.0,72.0,85.0,89.0,45.0,65.0,75.0,3.0496,13.6041,-12.183,1.6449,4.5946,A,13.4,13.83,13.4,"{""d1_low"": 13.4, ""d1_open"": 14.09, ""d1_close"": 15.51, ""d1_vwap"": 14.828604791263151, ""prev_close"": 14.1, ""ma5"": 14.663999999999998, ""ma10"": 15.259, ""d1_intraday_vwap"": 14.828683211005798, ""d1_first_5m_low"": 13.83, ""low_absorb_min"": 13.4, ""low_absorb_max"": 13.83, ""invalid_price"": 13.4}",graph: 近 10 日高点未能继续抬高; graph: 近 10 日低点下移; graph: D1 收盘位置强; active_raw: D1 成交额放大不足; active_raw: D1 振幅明显放大; active_raw: 分时围绕 VWAP 反复争夺; active_raw: 尾盘站在日内 VWAP 上方; active_raw: 分时有急拉急杀波动; support: D1 跌破前低后收回; support: D1 收盘站上日 VWAP; support: D1 收盘位置较强; support: D1 分时主动修复到 VWAP 上方; theme: 涨停池中同题材联动偏弱; factor: active_cooling_score=85.00; factor: trend_hold_score=65.00; factor: entry_width_score=75.00; factor: low_absorb_width_pct=3.05; factor: invalid_distance_pct=13.60; factor: d1_low_ma10_pct=-12.18; factor: d1_close_ma10_pct=1.64; factor: d1_close_vwap_pct=4.59; hard_filter: 今日仍涨停，等待首次分歧日; hard_filter: 图形趋势分严重不足
2026-06-05,603725,天安新材,2026-06-05,0,1,WATCH_ONLY,False,zero,64.4,60.0,62.0,90.0,89.0,60.0,65.0,45.0,4.7129,13.3956,-8.3265,5.8533,4.9154,A,11.12,11.67,11.12,"{""d1_low"": 11.12, ""d1_open"": 11.56, ""d1_close"": 12.84, ""d1_vwap"": 12.238428707087971, ""prev_close"": 11.67, ""ma5"": 12.080000000000002, ""ma10"": 12.129999999999999, ""d1_intraday_vwap"": 12.23843785839707, ""d1_first_5m_low"": 11.35, ""low_absorb_min"": 11.12, ""low_absorb_max"": 11.67, ""invalid_price"": 11.12}",graph: 近 10 日高点未能继续抬高; graph: 近 10 日低点没有明显下移; graph: D1 收盘位置强; active_raw: D1 成交额放大不足; active_raw: D1 振幅明显放大; active_raw: 尾盘站在日内 VWAP 上方; active_raw: 分时有急拉急杀波动; support: D1 跌破前低后收回; support: D1 收盘站上日 VWAP; support: D1 收盘位置较强; support: D1 分时主动修复到 VWAP 上方; theme: 所属行业/题材有联动: 家居用品 3 家; factor: active_cooling_score=90.00; factor: trend_hold_score=65.00; factor: entry_width_score=45.00; factor: low_absorb_width_pct=4.71; factor: invalid_distance_pct=13.40; factor: d1_low_ma10_pct=-8.33; factor: d1_close_ma10_pct=5.85; factor: d1_close_vwap_pct=4.92; soft_filter: 低吸区间/失效距离偏宽，降权处理; hard_filter: 今日仍涨停，等待首次分歧日
2026-06-05,603790,XD雅运股,2026-06-05,0,1,WATCH_ONLY,False,zero,56.4,30.0,72.0,85.0,89.0,60.0,65.0,75.0,3.4982,11.7971,-10.7143,1.2277,4.3378,A,24.0,24.87,24.0,"{""d1_low"": 24.0, ""d1_open"": 24.69, ""d1_close"": 27.21, ""d1_vwap"": 26.078764256546414, ""prev_close"": 24.87, ""ma5"": 25.48, ""ma10"": 26.880000000000003, ""d1_intraday_vwap"": 26.078764256546414, ""d1_first_5m_low"": 24.0, ""low_absorb_min"": 24.0, ""low_absorb_max"": 24.87, ""invalid_price"": 24.0}",graph: 近 10 日高点未能继续抬高; graph: 近 10 日低点下移; graph: D1 收盘位置强; graph: 近期上影线压力偏重; active_raw: D1 成交额放大不足; active_raw: D1 振幅明显放大; active_raw: 分时围绕 VWAP 反复争夺; active_raw: 尾盘站在日内 VWAP 上方; active_raw: 分时有急拉急杀波动; support: D1 跌破前低后收回; support: D1 收盘站上日 VWAP; support: D1 收盘位置较强; support: D1 分时主动修复到 VWAP 上方; theme: 所属行业/题材有联动: 化学制品 3 家; factor: active_cooling_score=85.00; factor: trend_hold_score=65.00; factor: entry_width_score=75.00; factor: low_absorb_width_pct=3.50; factor: invalid_distance_pct=11.80; factor: d1_low_ma10_pct=-10.71; factor: d1_close_ma10_pct=1.23; factor: d1_close_vwap_pct=4.34; hard_filter: 今日仍涨停，等待首次分歧日; hard_filter: 图形趋势分严重不足
2026-06-05,603823,XD百合花,2026-06-05,0,1,WATCH_ONLY,False,zero,81.1,90.0,62.0,90.0,91.0,60.0,65.0,75.0,2.0325,10.4997,-3.5509,7.764,1.8241,A,26.51,27.06,26.51,"{""d1_low"": 26.51, ""d1_open"": 26.67, ""d1_close"": 29.62, ""d1_vwap"": 29.08940871625669, ""prev_close"": 27.06, ""ma5"": 28.356, ""ma10"": 27.486, ""d1_intraday_vwap"": 29.08939300538503, ""d1_first_5m_low"": 26.51, ""low_absorb_min"": 26.51, ""low_absorb_max"": 27.06, ""invalid_price"": 26.51}",graph: 近 10 日高点保持抬高; graph: 近 10 日低点没有明显下移; graph: 均线多头排列; graph: D1 收盘位置强; active_raw: D1 成交额放大不足; active_raw: D1 振幅明显放大; active_raw: 尾盘站在日内 VWAP 上方; active_raw: 分时有急拉急杀波动; support: D1 未跌破前一日低点; support: D1 收盘站上日 VWAP; support: D1 收盘位置较强; support: D1 分时主动修复到 VWAP 上方; theme: 所属行业/题材有联动: 化学制品 3 家; factor: active_cooling_score=90.00; factor: trend_hold_score=65.00; factor: entry_width_score=75.00; factor: low_absorb_width_pct=2.03; factor: invalid_distance_pct=10.50; factor: d1_low_ma10_pct=-3.55; factor: d1_close_ma10_pct=7.76; factor: d1_close_vwap_pct=1.82; hard_filter: 今日仍涨停，等待首次分歧日
2026-06-05,603859,能科科技,2026-06-05,0,1,WATCH_ONLY,False,zero,60.6,40.0,70.0,85.0,91.0,60.0,65.0,75.0,2.5899,2.9554,-0.3014,2.7349,0.6045,A,44.0,45.06756338994671,44.0,"{""d1_low"": 44.0, ""d1_open"": 44.2, ""d1_close"": 45.34, ""d1_vwap"": 45.0675224826549, ""prev_close"": 41.22, ""ma5"": 43.27, ""ma10"": 44.133, ""d1_intraday_vwap"": 45.06756338994671, ""d1_first_5m_low"": 44.0, ""low_absorb_min"": 44.0, ""low_absorb_max"": 45.06756338994671, ""invalid_price"": 44.0}",graph: 近 10 日高点未能继续抬高; graph: 近 10 日低点下移; graph: D1 收盘位置强; active_raw: D1 成交额温和放大; active_raw: 分时围绕 VWAP 反复争夺; active_raw: 尾盘站在日内 VWAP 上方; support: D1 未跌破前一日低点; support: D1 收盘站上日 VWAP; support: D1 收盘位置较强; support: D1 分时主动修复到 VWAP 上方; theme: 所属行业/题材有联动: IT服务Ⅱ 2 家; factor: active_cooling_score=85.00; factor: trend_hold_score=65.00; factor: entry_width_score=75.00; factor: low_absorb_width_pct=2.59; factor: invalid_distance_pct=2.96; factor: d1_low_ma10_pct=-0.30; factor: d1_close_ma10_pct=2.73; factor: d1_close_vwap_pct=0.60; hard_filter: 今日仍涨停，等待首次分歧日; hard_filter: 图形趋势分严重不足
2026-06-05,603888,新华网,2026-06-05,0,1,WATCH_ONLY,False,zero,51.15,20.0,40.0,70.0,39.0,45.0,95.0,90.0,0.0005,0.0,4.0653,4.0653,0.0,C,19.24999997506793,19.250088284865168,19.24999997506793,"{""d1_low"": 19.25, ""d1_open"": 19.25, ""d1_close"": 19.25, ""d1_vwap"": 19.250088284865168, ""prev_close"": 17.5, ""ma5"": 18.354000000000003, ""ma10"": 18.498, ""d1_intraday_vwap"": 19.24999997506793, ""d1_first_5m_low"": 19.25, ""low_absorb_min"": 19.24999997506793, ""low_absorb_max"": 19.250088284865168, ""invalid_price"": 19.24999997506793}",graph: 近 10 日高点未能继续抬高; graph: 近 10 日低点下移; graph: D1 收盘接近低位; active_raw: D1 成交额放大不足; active_raw: 尾盘站在日内 VWAP 上方; support: D1 未跌破前一日低点; support: D1 收盘低于日 VWAP; support: D1 收盘接近全天低位; support: D1 分时主动修复到 VWAP 上方; theme: 涨停池中同题材联动偏弱; factor: active_cooling_score=70.00; factor: trend_hold_score=95.00; factor: entry_width_score=90.00; factor: low_absorb_width_pct=0.00; factor: invalid_distance_pct=0.00; factor: d1_low_ma10_pct=4.07; factor: d1_close_ma10_pct=4.07; factor: d1_close_vwap_pct=0.00; soft_filter: 承接类型 C，仅作辅助扣分，不再硬过滤; hard_filter: 今日仍涨停，等待首次分歧日; hard_filter: 图形趋势分严重不足
2026-06-05,603938,三孚股份,2026-06-05,0,1,WATCH_ONLY,False,zero,69.65,70.0,92.0,35.0,89.0,60.0,80.0,75.0,2.9155,11.738,2.7307,15.9452,2.2217,A,46.62,48.02,46.62,"{""d1_low"": 46.8, ""d1_open"": 46.8, ""d1_close"": 52.82, ""d1_vwap"": 51.67203073757387, ""prev_close"": 48.02, ""ma5"": 46.62, ""ma10"": 45.556, ""d1_intraday_vwap"": 51.67197948434418, ""d1_first_5m_low"": 46.8, ""low_absorb_min"": 46.62, ""low_absorb_max"": 48.02, ""invalid_price"": 46.62}",graph: 近 10 日高点保持抬高; graph: 近 10 日低点下移; graph: 均线多头排列; graph: D1 收盘位置强; active_raw: D1 成交额温和放大; active_raw: D1 振幅明显放大; active_raw: 分时围绕 VWAP 反复争夺; active_raw: 尾盘站在日内 VWAP 上方; active_raw: 分时有急拉急杀波动; support: D1 跌破前低后收回; support: D1 收盘站上日 VWAP; support: D1 收盘位置较强; support: D1 分时主动修复到 VWAP 上方; theme: 所属行业/题材有联动: 化学原料 2 家; factor: active_cooling_score=35.00; factor: trend_hold_score=80.00; factor: entry_width_score=75.00; factor: low_absorb_width_pct=2.92; factor: invalid_distance_pct=11.74; factor: d1_low_ma10_pct=2.73; factor: d1_close_ma10_pct=15.95; factor: d1_close_vwap_pct=2.22; soft_filter: 活跃资金过热，降权处理; hard_filter: 今日仍涨停，等待首次分歧日
2026-06-05,603992,松霖科技,2026-06-05,0,1,WATCH_ONLY,False,zero,73.05,78.0,92.0,35.0,91.0,60.0,65.0,90.0,1.9128,9.396,-0.4358,9.8894,3.2662,A,29.7,30.27,29.7,"{""d1_low"": 29.7, ""d1_open"": 30.27, ""d1_close"": 32.78, ""d1_vwap"": 31.74334570549985, ""prev_close"": 29.8, ""ma5"": 30.089999999999996, ""ma10"": 29.829999999999995, ""d1_intraday_vwap"": 31.743204139513413, ""d1_first_5m_low"": 29.7, ""low_absorb_min"": 29.7, ""low_absorb_max"": 30.27, ""invalid_price"": 29.7}",graph: 近 10 日高点保持抬高; graph: 近 10 日低点没有明显下移; graph: D1 收盘位置强; active_raw: D1 成交额温和放大; active_raw: D1 振幅明显放大; active_raw: 分时围绕 VWAP 反复争夺; active_raw: 尾盘站在日内 VWAP 上方; active_raw: 分时有急拉急杀波动; support: D1 未跌破前一日低点; support: D1 收盘站上日 VWAP; support: D1 收盘位置较强; support: D1 分时主动修复到 VWAP 上方; theme: 所属行业/题材有联动: 家居用品 3 家; factor: active_cooling_score=35.00; factor: trend_hold_score=65.00; factor: entry_width_score=90.00; factor: low_absorb_width_pct=1.91; factor: invalid_distance_pct=9.40; factor: d1_low_ma10_pct=-0.44; factor: d1_close_ma10_pct=9.89; factor: d1_close_vwap_pct=3.27; soft_filter: 活跃资金过热，降权处理; hard_filter: 今日仍涨停，等待首次分歧日
