signal_date,signal_file_date,signal_date_matches_file,source_signal_file,code,name,d0_date,days_since_d0,consecutive_boards,signal_type,allowed_bool,eligible_for_trade,selected_by_topn,selected_for_execution,daily_rank,rank_method,top_n,include_all_allowed,position_level,total_score,graph_quality_score,support_score,active_money_score,theme_score,support_type,low_absorb_min,low_absorb_max,invalid_price,low_absorb_width_pct,invalid_distance_pct,candidate_base_price,candidate_evaluable,future_trade_days_available,execution_date,executed,buy_time,buy_price,zone_buy_price,confirmation_price,entry_price_mode,execution_reason,evaluable,target_return_pct,stop_loss_pct,target_hit,stop_hit,first_outcome,first_outcome_time,data_reason,failure_reason,reasons,key_zones_json,hold_days,candidate_d2_max_return_pct,candidate_d2_close_return_pct,candidate_d2_max_drawdown_pct,candidate_d3_max_return_pct,candidate_d3_close_return_pct,candidate_d3_max_drawdown_pct,candidate_d5_max_return_pct,candidate_d5_close_return_pct,candidate_d5_max_drawdown_pct,candidate_d10_max_return_pct,candidate_d10_close_return_pct,candidate_d10_max_drawdown_pct,d2_max_return_pct,d2_close_return_pct,d2_max_drawdown_pct,d3_max_return_pct,d3_close_return_pct,d3_max_drawdown_pct,d5_max_return_pct,d5_close_return_pct,d5_max_drawdown_pct,d10_max_return_pct,d10_close_return_pct,d10_max_drawdown_pct,d3_target_min_hit,d3_target_max_hit,candidate_d3_target_min_hit,candidate_d3_target_max_hit,d3_realized_return_pct,d3_sell_reason,d3_realized_success_min,d3_realized_success_max,sample_group,research_note
2026-06-24,2026-06-24,True,reports\backtest_runs\2026-06-23_2026-06-24\daily_signals\signals_2026-06-24.csv,000012,南  玻Ａ,2026-06-22,2.0,1.0,WATCH_ONLY,False,False,False,False,,baseline_total,10,False,zero,54.75,70.0,45.0,40.0,60.0,B,4.56,4.6720741634802,4.56,2.4577667429868555,2.4577667429868555,4.63,True,2,,False,,,,,zone_max,,False,7.0,3.0,False,False,,,,,graph: 近 10 日高点保持抬高; graph: 近 10 日低点没有明显下移; graph: 均线多头排列; graph: D1 收盘接近低位; active: D1 成交额放大不足; active: D1 有一定振幅; support: D1 跌破前低后收回; support: D1 收盘低于日 VWAP; theme: 所属行业/题材有联动: 玻璃玻纤 3 家; hard_filter: 活跃资金分不足,"{""d1_low"": 4.56, ""d1_open"": 4.65, ""d1_close"": 4.63, ""d1_vwap"": 4.638811103324265, ""prev_close"": 4.67, ""ma5"": 4.5920000000000005, ""ma10"": 4.39, ""d1_intraday_vwap"": 4.6720741634802, ""d1_first_5m_low"": 4.58, ""low_absorb_min"": 4.56, ""low_absorb_max"": 4.6720741634802, ""invalid_price"": 4.56}",10,5.183585313174954,3.0237580993520474,-0.2159827213822795,10.367170626349909,3.671706263498909,-1.7278617710583144,10.367170626349909,3.671706263498909,-1.7278617710583144,10.367170626349909,3.671706263498909,-1.7278617710583144,,,,,,,,,,,,,False,False,True,True,,,False,False,missed_unselected,Not selected but D3 had target-min opportunity. Check ranking/filter factors.
2026-06-24,2026-06-24,True,reports\backtest_runs\2026-06-23_2026-06-24\daily_signals\signals_2026-06-24.csv,000048,京基智农,2026-06-22,2.0,1.0,WATCH_ONLY,False,False,False,False,,baseline_total,10,False,zero,40.25,60.0,0.0,50.0,45.0,C,19.936,20.76,19.936,4.13322632423756,4.13322632423756,20.28,True,2,,False,,,,,zone_max,,False,7.0,3.0,False,False,,,,,graph: 近 10 日高点保持抬高; graph: 近 10 日低点没有明显下移; graph: 均线多头排列; graph: D1 收盘接近低位; graph: 近期上影线压力偏重; active: D1 成交额放大不足; active: D1 有一定振幅; active: 分时围绕 VWAP 反复争夺; support: D1 跌破前低且未收回; support: D1 收盘低于日 VWAP; support: D1 收盘接近全天低位; support: D1 多数时间压在 VWAP 下方; theme: 涨停池中同题材联动偏弱; hard_filter: 活跃资金分不足; hard_filter: 承接分过低; hard_filter: 无效承接,"{""d1_low"": 20.08, ""d1_open"": 20.76, ""d1_close"": 20.28, ""d1_vwap"": 20.551077437967276, ""prev_close"": 20.66, ""ma5"": 19.936, ""ma10"": 19.250999999999998, ""d1_intraday_vwap"": 20.656930934573268, ""d1_first_5m_low"": 20.27, ""low_absorb_min"": 19.936, ""low_absorb_max"": 20.76, ""invalid_price"": 19.936}",10,10.009861932938849,10.009861932938849,0.0986193293885495,13.11637080867849,7.149901380670598,0.0986193293885495,13.11637080867849,7.149901380670598,0.0986193293885495,13.11637080867849,7.149901380670598,0.0986193293885495,,,,,,,,,,,,,False,False,True,True,,,False,False,missed_unselected,Not selected but D3 had target-min opportunity. Check ranking/filter factors.
2026-06-24,2026-06-24,True,reports\backtest_runs\2026-06-23_2026-06-24\daily_signals\signals_2026-06-24.csv,000060,中金岭南,2026-06-22,2.0,1.0,D2_LOW_ABSORB,True,True,True,True,10.0,baseline_total,10,False,normal,78.75,90.0,89.0,58.0,70.0,A,7.67,7.981068635145562,7.67,4.0556536524845255,4.0556536524845255,8.17,True,2,2026-06-25,False,,,,,zone_max,D2 未触发低吸验证,True,7.0,3.0,False,False,,,not triggered,not_triggered,graph: 近 10 日高点保持抬高; graph: 近 10 日低点没有明显下移; graph: 均线多头排列; graph: D1 收盘位置强; active: D1 成交额放大不足; active: D1 有一定振幅; active: 分时围绕 VWAP 反复争夺; active: 尾盘站在日内 VWAP 上方; support: D1 跌破前低后收回; support: D1 收盘站上日 VWAP; support: D1 收盘位置较强; support: D1 分时主动修复到 VWAP 上方; theme: 所属行业/题材涨停家数较多: 工业金属 9 家,"{""d1_low"": 7.67, ""d1_open"": 7.89, ""d1_close"": 8.17, ""d1_vwap"": 7.947539583179516, ""prev_close"": 7.93, ""ma5"": 8.178, ""ma10"": 7.850999999999999, ""d1_intraday_vwap"": 7.981068635145562, ""d1_first_5m_low"": 7.83, ""low_absorb_min"": 7.67, ""low_absorb_max"": 7.981068635145562, ""invalid_price"": 7.67}",10,3.549571603427193,-2.5703794369644983,-3.5495716034271707,3.549571603427193,-5.997552019583841,-7.099143206854341,3.549571603427193,-5.997552019583841,-7.099143206854341,3.549571603427193,-5.997552019583841,-7.099143206854341,,,,,,,,,,,,,False,False,False,False,,,False,False,ordinary,No execution and no D3 target-min opportunity. Useful as negative/ordinary baseline.
2026-06-24,2026-06-24,True,reports\backtest_runs\2026-06-23_2026-06-24\daily_signals\signals_2026-06-24.csv,000070,特发信息,2026-06-23,1.0,2.0,D2_LOW_ABSORB,True,True,False,False,14.0,baseline_total,10,False,normal,78.45,82.0,69.0,88.0,70.0,A,24.35,25.08,24.35,2.997946611909641,2.997946611909641,25.33,True,2,,False,,,,,zone_max,,False,7.0,3.0,False,False,,,,,graph: 近 10 日高点保持抬高; graph: 近 10 日低点没有明显下移; graph: 均线多头排列; active: D1 成交额显著放大; active: D1 有一定振幅; active: 分时围绕 VWAP 反复争夺; active: 尾盘站在日内 VWAP 上方; support: D1 未跌破前一日低点; support: D1 收盘站上日 VWAP; theme: 所属行业/题材涨停家数较多: 通信设备 11 家,"{""d1_low"": 24.35, ""d1_open"": 24.59, ""d1_close"": 25.33, ""d1_vwap"": 24.93981892143953, ""prev_close"": 25.08, ""ma5"": 22.919999999999998, ""ma10"": 20.588, ""d1_intraday_vwap"": 25.0508938782754, ""d1_first_5m_low"": 24.59, ""low_absorb_min"": 24.35, ""low_absorb_max"": 25.08, ""invalid_price"": 24.35}",10,0.5527043031977819,-2.2108172127911496,-6.158705092775363,0.5527043031977819,-12.001579155151989,-12.001579155151989,0.5527043031977819,-12.001579155151989,-12.001579155151989,0.5527043031977819,-12.001579155151989,-12.001579155151989,,,,,,,,,,,,,False,False,False,False,,,False,False,ordinary,No execution and no D3 target-min opportunity. Useful as negative/ordinary baseline.
2026-06-24,2026-06-24,True,reports\backtest_runs\2026-06-23_2026-06-24\daily_signals\signals_2026-06-24.csv,000510,新金路,2026-06-22,2.0,1.0,D2_LOW_ABSORB,True,True,False,False,11.0,baseline_total,10,False,normal,78.75,90.0,89.0,58.0,70.0,A,23.4,24.1,23.4,2.991452991453003,2.991452991453003,24.53,True,2,,False,,,,,zone_max,,False,7.0,3.0,False,False,,,,,graph: 近 10 日高点保持抬高; graph: 近 10 日低点没有明显下移; graph: 均线多头排列; graph: D1 收盘位置强; active: D1 成交额放大不足; active: D1 有一定振幅; active: 分时围绕 VWAP 反复争夺; active: 尾盘站在日内 VWAP 上方; support: D1 跌破前低后收回; support: D1 收盘站上日 VWAP; support: D1 收盘位置较强; support: D1 分时主动修复到 VWAP 上方; theme: 所属行业/题材涨停家数较多: 化学原料 16 家,"{""d1_low"": 23.4, ""d1_open"": 23.67, ""d1_close"": 24.53, ""d1_vwap"": 23.9529523141195, ""prev_close"": 24.1, ""ma5"": 23.412, ""ma10"": 21.431, ""d1_intraday_vwap"": 24.056117118641758, ""d1_first_5m_low"": 23.4, ""low_absorb_min"": 23.4, ""low_absorb_max"": 24.1, ""invalid_price"": 23.4}",10,8.030982470444359,5.992662046473707,-4.565837749694257,8.438646555238494,3.2613126783530344,-4.565837749694257,8.438646555238494,3.2613126783530344,-4.565837749694257,8.438646555238494,3.2613126783530344,-4.565837749694257,,,,,,,,,,,,,False,False,True,False,,,False,False,missed_unselected,Not selected but D3 had target-min opportunity. Check ranking/filter factors.
2026-06-24,2026-06-24,True,reports\backtest_runs\2026-06-23_2026-06-24\daily_signals\signals_2026-06-24.csv,000519,中兵红箭,2026-06-22,2.0,1.0,D2_WATCH_OR_SMALL,True,False,False,False,,baseline_total,10,False,small,68.5,90.0,63.0,58.0,45.0,B,20.62,21.5,20.62,4.267701260911738,4.267701260911738,21.59,True,2,,False,,,,,zone_max,,False,7.0,3.0,False,False,,,,,graph: 近 10 日高点保持抬高; graph: 近 10 日低点没有明显下移; graph: 均线多头排列; graph: D1 收盘位置强; active: D1 成交额放大不足; active: D1 有一定振幅; active: 分时围绕 VWAP 反复争夺; active: 尾盘站在日内 VWAP 上方; support: D1 跌破前低且未收回; support: D1 收盘站上日 VWAP; support: D1 收盘位置较强; support: D1 分时主动修复到 VWAP 上方; theme: 涨停池中同题材联动偏弱,"{""d1_low"": 20.62, ""d1_open"": 21.5, ""d1_close"": 21.59, ""d1_vwap"": 21.135530763891317, ""prev_close"": 21.91, ""ma5"": 21.238, ""ma10"": 20.278, ""d1_intraday_vwap"": 21.26776967589213, ""d1_first_5m_low"": 21.03, ""low_absorb_min"": 20.62, ""low_absorb_max"": 21.5, ""invalid_price"": 20.62}",10,4.029643353404366,0.2315886984715076,-4.585456229735985,4.029643353404366,-5.604446503010651,-5.743399722093557,4.029643353404366,-5.604446503010651,-5.743399722093557,4.029643353404366,-5.604446503010651,-5.743399722093557,,,,,,,,,,,,,False,False,False,False,,,False,False,ordinary,No execution and no D3 target-min opportunity. Useful as negative/ordinary baseline.
2026-06-24,2026-06-24,True,reports\backtest_runs\2026-06-23_2026-06-24\daily_signals\signals_2026-06-24.csv,000545,金浦钛业,2026-06-22,2.0,1.0,D2_WATCH_OR_SMALL,True,False,False,False,,baseline_total,10,False,small,70.45,82.0,51.0,74.0,70.0,B,2.55,2.63,2.55,3.137254901960796,3.137254901960796,2.66,True,2,,False,,,,,zone_max,,False,7.0,3.0,False,False,,,,,graph: 近 10 日高点保持抬高; graph: 近 10 日低点没有明显下移; graph: 均线多头排列; active: D1 成交额温和放大; active: D1 振幅明显放大; active: 尾盘站在日内 VWAP 上方; support: D1 跌破前低且未收回; support: D1 收盘站上日 VWAP; support: D1 分时主动修复到 VWAP 上方; theme: 所属行业/题材涨停家数较多: 化学原料 16 家,"{""d1_low"": 2.55, ""d1_open"": 2.69, ""d1_close"": 2.66, ""d1_vwap"": 2.598288772910877, ""prev_close"": 2.83, ""ma5"": 2.608, ""ma10"": 2.529, ""d1_intraday_vwap"": 2.6163399718158047, ""d1_first_5m_low"": 2.63, ""low_absorb_min"": 2.55, ""low_absorb_max"": 2.63, ""invalid_price"": 2.55}",10,1.5037593984962516,-1.5037593984962403,-4.887218045112796,1.5037593984962516,-5.263157894736848,-6.766917293233088,1.5037593984962516,-5.263157894736848,-6.766917293233088,1.5037593984962516,-5.263157894736848,-6.766917293233088,,,,,,,,,,,,,False,False,False,False,,,False,False,ordinary,No execution and no D3 target-min opportunity. Useful as negative/ordinary baseline.
2026-06-24,2026-06-24,True,reports\backtest_runs\2026-06-23_2026-06-24\daily_signals\signals_2026-06-24.csv,000571,新大洲A,2026-06-23,1.0,2.0,D2_LOW_ABSORB,True,True,False,False,16.0,baseline_total,10,False,normal,74.95,82.0,69.0,80.0,60.0,A,6.18,6.41,6.18,3.721682847896446,3.721682847896446,6.26,True,2,,False,,,,,zone_max,,False,7.0,3.0,False,False,,,,,graph: 近 10 日高点保持抬高; graph: 近 10 日低点没有明显下移; graph: 均线多头排列; active: D1 成交额显著放大; active: 分时围绕 VWAP 反复争夺; active: 尾盘站在日内 VWAP 上方; support: D1 未跌破前一日低点; support: D1 收盘站上日 VWAP; theme: 所属行业/题材有联动: 煤炭开采 2 家,"{""d1_low"": 6.18, ""d1_open"": 6.37, ""d1_close"": 6.26, ""d1_vwap"": 6.227501087689803, ""prev_close"": 6.41, ""ma5"": 5.854, ""ma10"": 5.5969999999999995, ""d1_intraday_vwap"": 6.247886693204834, ""d1_first_5m_low"": 6.18, ""low_absorb_min"": 6.18, ""low_absorb_max"": 6.41, ""invalid_price"": 6.18}",10,8.146964856230031,7.028753993610226,-1.757188498402551,8.146964856230031,-0.1597444089456834,-2.2364217252396124,8.146964856230031,-0.1597444089456834,-2.2364217252396124,8.146964856230031,-0.1597444089456834,-2.2364217252396124,,,,,,,,,,,,,False,False,True,False,,,False,False,missed_unselected,Not selected but D3 had target-min opportunity. Check ranking/filter factors.
2026-06-24,2026-06-24,True,reports\backtest_runs\2026-06-23_2026-06-24\daily_signals\signals_2026-06-24.csv,000612,焦作万方,2026-06-22,2.0,1.0,WATCH_ONLY,False,False,False,False,,baseline_total,10,False,zero,69.25,70.0,89.0,48.0,70.0,A,11.46,11.813381480066129,11.46,3.0836080285002287,3.0836080285002287,12.0,True,2,,False,,,,,zone_max,,False,7.0,3.0,False,False,,,,,graph: 近 10 日高点保持抬高; graph: 近 10 日低点没有明显下移; active: D1 成交额放大不足; active: D1 有一定振幅; active: 尾盘站在日内 VWAP 上方; support: D1 跌破前低后收回; support: D1 收盘站上日 VWAP; support: D1 收盘位置较强; support: D1 分时主动修复到 VWAP 上方; theme: 所属行业/题材涨停家数较多: 工业金属 9 家; hard_filter: 活跃资金分不足,"{""d1_low"": 11.46, ""d1_open"": 11.59, ""d1_close"": 12.0, ""d1_vwap"": 11.751214872709502, ""prev_close"": 11.54, ""ma5"": 11.534, ""ma10"": 11.285, ""d1_intraday_vwap"": 11.813381480066127, ""d1_first_5m_low"": 11.59, ""low_absorb_min"": 11.46, ""low_absorb_max"": 11.813381480066127, ""invalid_price"": 11.46}",10,-1.3333333333333308,-4.999999999999993,-5.75,-1.3333333333333308,-9.416666666666671,-10.33333333333334,-1.3333333333333308,-9.416666666666671,-10.33333333333334,-1.3333333333333308,-9.416666666666671,-10.33333333333334,,,,,,,,,,,,,False,False,False,False,,,False,False,ordinary,No execution and no D3 target-min opportunity. Useful as negative/ordinary baseline.
2026-06-24,2026-06-24,True,reports\backtest_runs\2026-06-23_2026-06-24\daily_signals\signals_2026-06-24.csv,000657,中钨高新,2026-06-22,2.0,1.0,D2_WATCH_OR_SMALL,True,False,False,False,,baseline_total,10,False,small,74.25,90.0,63.0,66.0,70.0,B,94.79,98.82039518910923,94.79,4.251920233262196,4.251920233262196,100.08,True,2,,False,,,,,zone_max,,False,7.0,3.0,False,False,,,,,graph: 近 10 日高点保持抬高; graph: 近 10 日低点没有明显下移; graph: 均线多头排列; graph: D1 收盘位置强; active: D1 成交额放大不足; active: D1 有一定振幅; active: 分时围绕 VWAP 反复争夺; active: 尾盘站在日内 VWAP 上方; active: 分时有急拉急杀波动; support: D1 跌破前低且未收回; support: D1 收盘站上日 VWAP; support: D1 收盘位置较强; support: D1 分时主动修复到 VWAP 上方; theme: 所属行业/题材涨停家数较多: 小金属 11 家,"{""d1_low"": 94.79, ""d1_open"": 99.86, ""d1_close"": 100.08, ""d1_vwap"": 98.25882938621672, ""prev_close"": 102.5, ""ma5"": 99.784, ""ma10"": 90.81700000000001, ""d1_intraday_vwap"": 98.82039518910925, ""d1_first_5m_low"": 98.38, ""low_absorb_min"": 94.79, ""low_absorb_max"": 98.82039518910925, ""invalid_price"": 94.79}",10,7.494004796163067,5.595523581135109,-2.078337330135893,9.592326139088737,-0.5695443645083897,-2.078337330135893,9.592326139088737,-0.5695443645083897,-2.078337330135893,9.592326139088737,-0.5695443645083897,-2.078337330135893,,,,,,,,,,,,,False,False,True,False,,,False,False,missed_unselected,Not selected but D3 had target-min opportunity. Check ranking/filter factors.
2026-06-24,2026-06-24,True,reports\backtest_runs\2026-06-23_2026-06-24\daily_signals\signals_2026-06-24.csv,000682,东方电子,2026-06-22,2.0,1.0,WATCH_ONLY,False,False,False,False,,baseline_total,10,False,zero,60.25,70.0,51.0,50.0,70.0,B,13.47,14.05,13.47,4.305864884929478,4.305864884929478,13.75,True,2,,False,,,,,zone_max,,False,7.0,3.0,False,False,,,,,graph: 近 10 日高点保持抬高; graph: 近 10 日低点没有明显下移; active: D1 成交额放大不足; active: 分时围绕 VWAP 反复争夺; active: 尾盘站在日内 VWAP 上方; support: D1 跌破前低且未收回; support: D1 收盘站上日 VWAP; support: D1 分时主动修复到 VWAP 上方; theme: 所属行业/题材涨停家数较多: 电网设备 8 家; hard_filter: 活跃资金分不足,"{""d1_low"": 13.47, ""d1_open"": 14.01, ""d1_close"": 13.75, ""d1_vwap"": 13.609821442473253, ""prev_close"": 14.05, ""ma5"": 13.542000000000002, ""ma10"": 12.862, ""d1_intraday_vwap"": 13.699597421715705, ""d1_first_5m_low"": 13.72, ""low_absorb_min"": 13.47, ""low_absorb_max"": 14.05, ""invalid_price"": 13.47}",10,0.6545454545454632,-4.000000000000004,-4.290909090909089,0.6545454545454632,-8.363636363636362,-8.363636363636362,0.6545454545454632,-8.363636363636362,-8.363636363636362,0.6545454545454632,-8.363636363636362,-8.363636363636362,,,,,,,,,,,,,False,False,False,False,,,False,False,ordinary,No execution and no D3 target-min opportunity. Useful as negative/ordinary baseline.
2026-06-24,2026-06-24,True,reports\backtest_runs\2026-06-23_2026-06-24\daily_signals\signals_2026-06-24.csv,000751,锌业股份,2026-06-22,2.0,1.0,D2_LOW_ABSORB,True,True,True,True,2.0,baseline_total,10,False,normal,89.25,90.0,89.0,100.0,70.0,A,5.48,5.74,5.48,4.744525547445244,4.744525547445244,6.16,True,2,2026-06-25,False,,,,,zone_max,D2 未触发低吸验证,True,7.0,3.0,False,False,,,not triggered,not_triggered,graph: 近 10 日高点保持抬高; graph: 近 10 日低点没有明显下移; graph: 均线多头排列; graph: D1 收盘位置强; active: D1 成交额显著放大; active: D1 振幅明显放大; active: 分时围绕 VWAP 反复争夺; active: 尾盘站在日内 VWAP 上方; active: 分时有急拉急杀波动; support: D1 跌破前低后收回; support: D1 收盘站上日 VWAP; support: D1 收盘位置较强; support: D1 分时主动修复到 VWAP 上方; theme: 所属行业/题材涨停家数较多: 工业金属 9 家,"{""d1_low"": 5.48, ""d1_open"": 5.74, ""d1_close"": 6.16, ""d1_vwap"": 5.792431506221526, ""prev_close"": 6.03, ""ma5"": 5.6240000000000006, ""ma10"": 5.305, ""d1_intraday_vwap"": 5.8484283104555885, ""d1_first_5m_low"": 5.7, ""low_absorb_min"": 5.48, ""low_absorb_max"": 5.74, ""invalid_price"": 5.48}",10,2.922077922077926,-2.9220779220779147,-4.220779220779214,2.922077922077926,-8.279220779220775,-9.090909090909092,2.922077922077926,-8.279220779220775,-9.090909090909092,2.922077922077926,-8.279220779220775,-9.090909090909092,,,,,,,,,,,,,False,False,False,False,,,False,False,ordinary,No execution and no D3 target-min opportunity. Useful as negative/ordinary baseline.
2026-06-24,2026-06-24,True,reports\backtest_runs\2026-06-23_2026-06-24\daily_signals\signals_2026-06-24.csv,000776,广发证券,2026-06-22,2.0,1.0,WATCH_ONLY,False,False,False,False,,baseline_total,10,False,zero,50.0,70.0,0.0,60.0,70.0,C,22.148000000000003,23.32,22.148000000000003,5.2916741918006105,5.2916741918006105,22.66,True,2,,False,,,,,zone_max,,False,7.0,3.0,False,False,,,,,graph: 近 10 日高点保持抬高; graph: 近 10 日低点没有明显下移; graph: 均线多头排列; graph: D1 收盘接近低位; active: D1 成交额温和放大; active: D1 有一定振幅; support: D1 跌破前低且未收回; support: D1 收盘低于日 VWAP; support: D1 收盘接近全天低位; support: D1 多数时间压在 VWAP 下方; theme: 所属行业/题材涨停家数较多: 证券Ⅱ 6 家; hard_filter: 承接分过低; hard_filter: 无效承接,"{""d1_low"": 22.42, ""d1_open"": 23.17, ""d1_close"": 22.66, ""d1_vwap"": 22.694888949368924, ""prev_close"": 23.32, ""ma5"": 22.148000000000003, ""ma10"": 21.136, ""d1_intraday_vwap"": 22.81394794287852, ""d1_first_5m_low"": 22.93, ""low_absorb_min"": 22.148000000000003, ""low_absorb_max"": 23.32, ""invalid_price"": 22.148000000000003}",10,4.23654015887025,2.118270079435125,-1.8093556928508336,4.23654015887025,-1.3680494263018428,-1.941747572815544,4.23654015887025,-1.3680494263018428,-1.941747572815544,4.23654015887025,-1.3680494263018428,-1.941747572815544,,,,,,,,,,,,,False,False,False,False,,,False,False,ordinary,No execution and no D3 target-min opportunity. Useful as negative/ordinary baseline.
2026-06-24,2026-06-24,True,reports\backtest_runs\2026-06-23_2026-06-24\daily_signals\signals_2026-06-24.csv,000783,长江证券,2026-06-23,1.0,2.0,WATCH_ONLY,False,False,False,False,,baseline_total,10,False,zero,51.45,52.0,21.0,70.0,70.0,C,9.08,9.49,9.08,4.5154185022026505,4.5154185022026505,9.23,True,2,,False,,,,,zone_max,,False,7.0,3.0,False,False,,,,,graph: 近 10 日高点保持抬高; graph: 近 10 日低点没有明显下移; graph: 均线多头排列; graph: D1 收盘接近低位; graph: D1 有高位巨量失败风险; active: D1 成交额显著放大; active: D1 有一定振幅; support: D1 未跌破前一日低点; support: D1 收盘低于日 VWAP; support: D1 收盘接近全天低位; support: D1 多数时间压在 VWAP 下方; theme: 所属行业/题材涨停家数较多: 证券Ⅱ 6 家; hard_filter: 图形趋势分不足; hard_filter: 承接分过低; hard_filter: 无效承接,"{""d1_low"": 9.08, ""d1_open"": 9.49, ""d1_close"": 9.23, ""d1_vwap"": 9.249347351823046, ""prev_close"": 9.46, ""ma5"": 8.632, ""ma10"": 8.159, ""d1_intraday_vwap"": 9.33555330389679, ""d1_first_5m_low"": 9.36, ""low_absorb_min"": 9.08, ""low_absorb_max"": 9.49, ""invalid_price"": 9.08}",10,9.967497291440951,9.967497291440951,-1.841820151679308,10.292524377031407,5.742145178764879,-1.841820151679308,10.292524377031407,5.742145178764879,-1.841820151679308,10.292524377031407,5.742145178764879,-1.841820151679308,,,,,,,,,,,,,False,False,True,True,,,False,False,missed_unselected,Not selected but D3 had target-min opportunity. Check ranking/filter factors.
2026-06-24,2026-06-24,True,reports\backtest_runs\2026-06-23_2026-06-24\daily_signals\signals_2026-06-24.csv,000811,冰轮环境,2026-06-22,2.0,1.0,D2_LOW_ABSORB,True,True,True,True,1.0,baseline_total,10,False,normal,89.75,90.0,91.0,100.0,70.0,A,42.92,44.97,42.92,4.776328052190104,4.776328052190104,48.75,True,2,2026-06-25,False,,,,,zone_max,D2 未触发低吸验证,True,7.0,3.0,False,False,,,not triggered,zone_too_low,graph: 近 10 日高点保持抬高; graph: 近 10 日低点没有明显下移; graph: 均线多头排列; graph: D1 收盘位置强; active: D1 成交额显著放大; active: D1 振幅明显放大; active: 分时围绕 VWAP 反复争夺; active: 尾盘站在日内 VWAP 上方; active: 分时有急拉急杀波动; support: D1 未跌破前一日低点; support: D1 收盘站上日 VWAP; support: D1 收盘位置较强; support: D1 分时主动修复到 VWAP 上方; theme: 所属行业/题材涨停家数较多: 通用设备 8 家,"{""d1_low"": 43.45, ""d1_open"": 43.87, ""d1_close"": 48.75, ""d1_vwap"": 46.67659527529858, ""prev_close"": 44.97, ""ma5"": 42.92, ""ma10"": 37.525, ""d1_intraday_vwap"": 46.94575701768485, ""d1_first_5m_low"": 43.45, ""low_absorb_min"": 42.92, ""low_absorb_max"": 44.97, ""invalid_price"": 42.92}",10,9.784615384615392,9.784615384615392,3.692307692307684,13.37435897435899,8.96410256410256,3.692307692307684,13.37435897435899,8.96410256410256,3.692307692307684,13.37435897435899,8.96410256410256,3.692307692307684,,,,,,,,,,,,,False,False,True,True,,,False,False,missed_selected,Selected but not executed; D3 had target-min opportunity. Check whether buy zone was too conservative.
2026-06-24,2026-06-24,True,reports\backtest_runs\2026-06-23_2026-06-24\daily_signals\signals_2026-06-24.csv,000823,超声电子,2026-06-24,0.0,2.0,WATCH_ONLY,False,False,False,False,,baseline_total,10,False,zero,79.75,90.0,89.0,62.0,70.0,A,20.54,21.38,20.54,4.089581304771173,4.089581304771173,23.52,True,2,,False,,,,,zone_max,,False,7.0,3.0,False,False,,,,,graph: 近 10 日高点保持抬高; graph: 近 10 日低点没有明显下移; graph: 均线多头排列; graph: D1 收盘位置强; active: D1 成交额放大不足; active: D1 振幅明显放大; active: 尾盘站在日内 VWAP 上方; active: 分时有急拉急杀波动; support: D1 跌破前低后收回; support: D1 收盘站上日 VWAP; support: D1 收盘位置较强; support: D1 分时主动修复到 VWAP 上方; theme: 所属行业/题材涨停家数较多: 元件 8 家; hard_filter: 今日仍涨停，等待分歧日,"{""d1_low"": 20.54, ""d1_open"": 20.54, ""d1_close"": 23.52, ""d1_vwap"": 22.107315306984848, ""prev_close"": 21.38, ""ma5"": 22.474, ""ma10"": 20.779000000000003, ""d1_intraday_vwap"": 22.229856738598688, ""d1_first_5m_low"": 20.54, ""low_absorb_min"": 20.54, ""low_absorb_max"": 21.38, ""invalid_price"": 20.54}",10,9.991496598639472,9.991496598639472,4.2091836734693855,21.003401360544217,21.003401360544217,4.2091836734693855,21.003401360544217,21.003401360544217,4.2091836734693855,21.003401360544217,21.003401360544217,4.2091836734693855,,,,,,,,,,,,,False,False,True,True,,,False,False,missed_unselected,Not selected but D3 had target-min opportunity. Check ranking/filter factors.
2026-06-24,2026-06-24,True,reports\backtest_runs\2026-06-23_2026-06-24\daily_signals\signals_2026-06-24.csv,000833,粤桂股份,2026-06-22,2.0,1.0,WATCH_ONLY,False,False,False,False,,baseline_total,10,False,zero,57.25,40.0,89.0,48.0,60.0,A,23.6,24.8,23.6,5.084745762711851,5.084745762711851,25.0,True,2,,False,,,,,zone_max,,False,7.0,3.0,False,False,,,,,graph: 近 10 日高点未能继续抬高; graph: 近 10 日低点下移; graph: D1 收盘位置强; active: D1 成交额放大不足; active: D1 有一定振幅; active: 尾盘站在日内 VWAP 上方; support: D1 跌破前低后收回; support: D1 收盘站上日 VWAP; support: D1 收盘位置较强; support: D1 分时主动修复到 VWAP 上方; theme: 所属行业/题材有联动: 综合Ⅱ 2 家; hard_filter: 图形趋势分不足; hard_filter: 活跃资金分不足,"{""d1_low"": 23.62, ""d1_open"": 24.54, ""d1_close"": 25.0, ""d1_vwap"": 24.294942720631827, ""prev_close"": 24.8, ""ma5"": 23.6, ""ma10"": 24.087, ""d1_intraday_vwap"": 24.430886007339794, ""d1_first_5m_low"": 23.81, ""low_absorb_min"": 23.6, ""low_absorb_max"": 24.8, ""invalid_price"": 23.6}",10,1.079999999999992,-0.5600000000000049,-2.0000000000000018,1.079999999999992,-4.159999999999997,-4.359999999999998,1.079999999999992,-4.159999999999997,-4.359999999999998,1.079999999999992,-4.159999999999997,-4.359999999999998,,,,,,,,,,,,,False,False,False,False,,,False,False,ordinary,No execution and no D3 target-min opportunity. Useful as negative/ordinary baseline.
2026-06-24,2026-06-24,True,reports\backtest_runs\2026-06-23_2026-06-24\daily_signals\signals_2026-06-24.csv,000960,锡业股份,2026-06-22,2.0,1.0,D2_LOW_ABSORB,True,True,True,True,4.0,baseline_total,10,False,normal,85.25,90.0,89.0,84.0,70.0,A,40.81,42.45,40.81,4.018622886547418,4.018622886547418,46.6,True,2,2026-06-25,False,,,,,zone_max,D2 未触发低吸验证,True,7.0,3.0,False,False,,,not triggered,not_triggered,graph: 近 10 日高点保持抬高; graph: 近 10 日低点没有明显下移; graph: 均线多头排列; graph: D1 收盘位置强; active: D1 成交额温和放大; active: D1 振幅明显放大; active: 分时围绕 VWAP 反复争夺; active: 尾盘站在日内 VWAP 上方; support: D1 跌破前低后收回; support: D1 收盘站上日 VWAP; support: D1 收盘位置较强; support: D1 分时主动修复到 VWAP 上方; theme: 所属行业/题材涨停家数较多: 小金属 11 家,"{""d1_low"": 40.81, ""d1_open"": 42.03, ""d1_close"": 46.6, ""d1_vwap"": 43.31861614923849, ""prev_close"": 42.45, ""ma5"": 43.626, ""ma10"": 40.767, ""d1_intraday_vwap"": 43.458975317002974, ""d1_first_5m_low"": 41.8, ""low_absorb_min"": 40.81, ""low_absorb_max"": 42.45, ""invalid_price"": 40.81}",10,2.7038626609442007,-4.678111587982836,-5.300429184549349,2.7038626609442007,-8.626609442060095,-8.798283261802576,2.7038626609442007,-8.626609442060095,-8.798283261802576,2.7038626609442007,-8.626609442060095,-8.798283261802576,,,,,,,,,,,,,False,False,False,False,,,False,False,ordinary,No execution and no D3 target-min opportunity. Useful as negative/ordinary baseline.
2026-06-24,2026-06-24,True,reports\backtest_runs\2026-06-23_2026-06-24\daily_signals\signals_2026-06-24.csv,000962,东方钽业,2026-06-22,2.0,1.0,D2_LOW_ABSORB,True,True,True,True,5.0,baseline_total,10,False,normal,85.25,90.0,89.0,84.0,70.0,A,68.772,72.8,68.772,5.857034839760344,5.857034839760344,76.38,True,2,2026-06-25,False,,,,,zone_max,D2 未触发低吸验证,True,7.0,3.0,False,False,,,not triggered,zone_too_low,graph: 近 10 日高点保持抬高; graph: 近 10 日低点没有明显下移; graph: 均线多头排列; graph: D1 收盘位置强; active: D1 成交额温和放大; active: D1 振幅明显放大; active: 分时围绕 VWAP 反复争夺; active: 尾盘站在日内 VWAP 上方; support: D1 跌破前低后收回; support: D1 收盘站上日 VWAP; support: D1 收盘位置较强; support: D1 分时主动修复到 VWAP 上方; theme: 所属行业/题材涨停家数较多: 小金属 11 家,"{""d1_low"": 69.68, ""d1_open"": 70.0, ""d1_close"": 76.38, ""d1_vwap"": 73.42882498502479, ""prev_close"": 72.8, ""ma5"": 68.772, ""ma10"": 63.751, ""d1_intraday_vwap"": 73.72658756390678, ""d1_first_5m_low"": 70.0, ""low_absorb_min"": 68.772, ""low_absorb_max"": 72.8, ""invalid_price"": 68.772}",10,10.002618486514802,10.002618486514802,-2.356637863315003,18.028279654359803,13.94344069128044,-2.356637863315003,18.028279654359803,13.94344069128044,-2.356637863315003,18.028279654359803,13.94344069128044,-2.356637863315003,,,,,,,,,,,,,False,False,True,True,,,False,False,missed_selected,Selected but not executed; D3 had target-min opportunity. Check whether buy zone was too conservative.
2026-06-24,2026-06-24,True,reports\backtest_runs\2026-06-23_2026-06-24\daily_signals\signals_2026-06-24.csv,000987,越秀资本,2026-06-22,2.0,1.0,WATCH_ONLY,False,False,False,False,,baseline_total,10,False,zero,45.8,58.0,33.0,42.0,45.0,C,8.0,8.45,8.0,5.624999999999991,5.624999999999991,8.21,True,2,,False,,,,,zone_max,,False,7.0,3.0,False,False,,,,,graph: 近 10 日高点保持抬高; graph: 近 10 日低点没有明显下移; graph: D1 收盘接近低位; active: D1 成交额放大不足; active: 分时围绕 VWAP 反复争夺; support: D1 跌破前低且未收回; support: D1 收盘站上日 VWAP; support: D1 多数时间压在 VWAP 下方; theme: 涨停池中同题材联动偏弱; hard_filter: 图形趋势分不足; hard_filter: 活跃资金分不足; hard_filter: 承接分过低; hard_filter: 无效承接,"{""d1_low"": 8.12, ""d1_open"": 8.45, ""d1_close"": 8.21, ""d1_vwap"": 8.179796218957213, ""prev_close"": 8.37, ""ma5"": 8.0, ""ma10"": 7.7620000000000005, ""d1_intraday_vwap"": 8.237562492738938, ""d1_first_5m_low"": 8.2, ""low_absorb_min"": 8.0, ""low_absorb_max"": 8.45, ""invalid_price"": 8.0}",10,3.166869671132755,1.8270401948842665,-1.461632155907444,3.166869671132755,-5.1157125456760095,-5.1157125456760095,3.166869671132755,-5.1157125456760095,-5.1157125456760095,3.166869671132755,-5.1157125456760095,-5.1157125456760095,,,,,,,,,,,,,False,False,False,False,,,False,False,ordinary,No execution and no D3 target-min opportunity. Useful as negative/ordinary baseline.
2026-06-24,2026-06-24,True,reports\backtest_runs\2026-06-23_2026-06-24\daily_signals\signals_2026-06-24.csv,001359,平安电工,2026-06-24,0.0,2.0,WATCH_ONLY,False,False,False,False,,baseline_total,10,False,zero,76.75,90.0,91.0,54.0,60.0,A,116.5,117.4,116.5,0.7725321888412129,0.7725321888412129,129.03,True,2,,False,,,,,zone_max,,False,7.0,3.0,False,False,,,,,graph: 近 10 日高点保持抬高; graph: 近 10 日低点没有明显下移; graph: 均线多头排列; graph: D1 收盘位置强; active: D1 成交额放大不足; active: D1 振幅明显放大; active: 尾盘站在日内 VWAP 上方; support: D1 未跌破前一日低点; support: D1 收盘站上日 VWAP; support: D1 收盘位置较强; support: D1 分时主动修复到 VWAP 上方; theme: 所属行业/题材有联动: 塑料 3 家; hard_filter: 今日仍涨停，等待分歧日; hard_filter: 活跃资金分不足,"{""d1_low"": 116.5, ""d1_open"": 117.4, ""d1_close"": 129.03, ""d1_vwap"": 124.0931054169809, ""prev_close"": 117.3, ""ma5"": 130.61999999999998, ""ma10"": 119.279, ""d1_intraday_vwap"": 124.8990769537614, ""d1_first_5m_low"": 116.5, ""low_absorb_min"": 116.5, ""low_absorb_max"": 117.4, ""invalid_price"": 116.5}",10,3.88281794931411,-1.1315198015965366,-2.890800589010312,3.88281794931411,0.697512206463613,-4.130822289390068,3.88281794931411,0.697512206463613,-4.130822289390068,3.88281794931411,0.697512206463613,-4.130822289390068,,,,,,,,,,,,,False,False,False,False,,,False,False,ordinary,No execution and no D3 target-min opportunity. Useful as negative/ordinary baseline.
2026-06-24,2026-06-24,True,reports\backtest_runs\2026-06-23_2026-06-24\daily_signals\signals_2026-06-24.csv,002057,中钢天源,2026-06-22,2.0,1.0,WATCH_ONLY,False,False,False,False,,baseline_total,10,False,zero,41.25,70.0,0.0,40.0,45.0,C,11.91,12.38,11.91,3.946263643996639,3.946263643996639,11.99,True,2,,False,,,,,zone_max,,False,7.0,3.0,False,False,,,,,graph: 近 10 日高点保持抬高; graph: 近 10 日低点没有明显下移; graph: 均线多头排列; graph: D1 收盘接近低位; active: D1 成交额放大不足; active: D1 有一定振幅; support: D1 跌破前低且未收回; support: D1 收盘低于日 VWAP; support: D1 收盘接近全天低位; support: D1 多数时间压在 VWAP 下方; theme: 涨停池中同题材联动偏弱; hard_filter: 活跃资金分不足; hard_filter: 承接分过低; hard_filter: 无效承接,"{""d1_low"": 11.91, ""d1_open"": 12.36, ""d1_close"": 11.99, ""d1_vwap"": 12.066167261335513, ""prev_close"": 12.38, ""ma5"": 12.366, ""ma10"": 12.003, ""d1_intraday_vwap"": 12.134201084089847, ""d1_first_5m_low"": 12.29, ""low_absorb_min"": 11.91, ""low_absorb_max"": 12.38, ""invalid_price"": 11.91}",10,7.172643869891582,4.420350291909925,-1.75145954962469,7.172643869891582,1.7514595496246788,-1.75145954962469,7.172643869891582,1.7514595496246788,-1.75145954962469,7.172643869891582,1.7514595496246788,-1.75145954962469,,,,,,,,,,,,,False,False,True,False,,,False,False,missed_unselected,Not selected but D3 had target-min opportunity. Check ranking/filter factors.
2026-06-24,2026-06-24,True,reports\backtest_runs\2026-06-23_2026-06-24\daily_signals\signals_2026-06-24.csv,002068,黑猫股份,2026-06-23,1.0,2.0,D2_LOW_ABSORB,True,True,False,False,13.0,baseline_total,10,False,normal,78.75,70.0,89.0,92.0,60.0,A,11.516,11.77,11.516,2.205626953803397,2.205626953803397,13.48,True,2,,False,,,,,zone_max,,False,7.0,3.0,False,False,,,,,graph: 近 10 日高点保持抬高; graph: 近 10 日低点下移; graph: 均线多头排列; graph: D1 收盘位置强; active: D1 成交额显著放大; active: D1 振幅明显放大; active: 尾盘站在日内 VWAP 上方; active: 分时有急拉急杀波动; support: D1 跌破前低后收回; support: D1 收盘站上日 VWAP; support: D1 收盘位置较强; support: D1 分时主动修复到 VWAP 上方; theme: 所属行业/题材有联动: 橡胶 3 家,"{""d1_low"": 11.6, ""d1_open"": 12.31, ""d1_close"": 13.48, ""d1_vwap"": 12.498978795754256, ""prev_close"": 12.65, ""ma5"": 11.516, ""ma10"": 10.797, ""d1_intraday_vwap"": 12.538515766008356, ""d1_first_5m_low"": 11.77, ""low_absorb_min"": 11.516, ""low_absorb_max"": 11.77, ""invalid_price"": 11.516}",10,10.014836795252211,10.014836795252211,3.3382789317507378,15.949554896142429,8.308605341246288,3.3382789317507378,15.949554896142429,8.308605341246288,3.3382789317507378,15.949554896142429,8.308605341246288,3.3382789317507378,,,,,,,,,,,,,False,False,True,True,,,False,False,missed_unselected,Not selected but D3 had target-min opportunity. Check ranking/filter factors.
2026-06-24,2026-06-24,True,reports\backtest_runs\2026-06-23_2026-06-24\daily_signals\signals_2026-06-24.csv,002114,罗平锌电,2026-06-22,2.0,1.0,WATCH_ONLY,False,False,False,False,,baseline_total,10,False,zero,49.25,40.0,51.0,48.0,70.0,B,7.36,7.69,7.36,4.483695652173925,4.483695652173925,7.6,True,2,,False,,,,,zone_max,,False,7.0,3.0,False,False,,,,,graph: 近 10 日高点未能继续抬高; graph: 近 10 日低点没有明显下移; graph: 收盘跌破短期均线; active: D1 成交额放大不足; active: D1 有一定振幅; active: 尾盘站在日内 VWAP 上方; support: D1 跌破前低且未收回; support: D1 收盘站上日 VWAP; support: D1 分时主动修复到 VWAP 上方; theme: 所属行业/题材涨停家数较多: 工业金属 9 家; hard_filter: 图形趋势分不足; hard_filter: 活跃资金分不足,"{""d1_low"": 7.36, ""d1_open"": 7.69, ""d1_close"": 7.6, ""d1_vwap"": 7.499374130103437, ""prev_close"": 7.73, ""ma5"": 7.75, ""ma10"": 7.633, ""d1_intraday_vwap"": 7.553447118688021, ""d1_first_5m_low"": 7.61, ""low_absorb_min"": 7.36, ""low_absorb_max"": 7.69, ""invalid_price"": 7.36}",10,1.5789473684210575,-4.999999999999993,-5.394736842105252,1.5789473684210575,-10.394736842105267,-10.526315789473683,1.5789473684210575,-10.394736842105267,-10.526315789473683,1.5789473684210575,-10.394736842105267,-10.526315789473683,,,,,,,,,,,,,False,False,False,False,,,False,False,ordinary,No execution and no D3 target-min opportunity. Useful as negative/ordinary baseline.
2026-06-24,2026-06-24,True,reports\backtest_runs\2026-06-23_2026-06-24\daily_signals\signals_2026-06-24.csv,002167,东方锆业,2026-06-24,0.0,3.0,WATCH_ONLY,False,False,False,False,,baseline_total,10,False,zero,89.75,90.0,91.0,100.0,70.0,A,19.51,20.362547091922952,19.51,4.369795448093039,4.369795448093039,21.46,True,2,,False,,,,,zone_max,,False,7.0,3.0,False,False,,,,,graph: 近 10 日高点保持抬高; graph: 近 10 日低点没有明显下移; graph: 均线多头排列; graph: D1 收盘位置强; active: D1 成交额显著放大; active: D1 振幅明显放大; active: 分时围绕 VWAP 反复争夺; active: 尾盘站在日内 VWAP 上方; active: 分时有急拉急杀波动; support: D1 未跌破前一日低点; support: D1 收盘站上日 VWAP; support: D1 收盘位置较强; support: D1 分时主动修复到 VWAP 上方; theme: 所属行业/题材涨停家数较多: 小金属 11 家; hard_filter: 今日仍涨停，等待分歧日,"{""d1_low"": 19.52, ""d1_open"": 19.6, ""d1_close"": 21.46, ""d1_vwap"": 20.362547091922952, ""prev_close"": 19.51, ""ma5"": 17.9, ""ma10"": 16.139999999999997, ""d1_intraday_vwap"": 20.500925096960415, ""d1_first_5m_low"": 19.6, ""low_absorb_min"": 19.51, ""low_absorb_max"": 20.362547091922952, ""invalid_price"": 19.51}",10,7.455731593662618,6.10438024231128,-0.2329916123019582,7.455731593662618,0.4659832246038942,-4.520037278657984,7.455731593662618,0.4659832246038942,-4.520037278657984,7.455731593662618,0.4659832246038942,-4.520037278657984,,,,,,,,,,,,,False,False,True,False,,,False,False,missed_unselected,Not selected but D3 had target-min opportunity. Check ranking/filter factors.
2026-06-24,2026-06-24,True,reports\backtest_runs\2026-06-23_2026-06-24\daily_signals\signals_2026-06-24.csv,002297,博云新材,2026-06-22,2.0,1.0,D2_LOW_ABSORB,True,True,False,False,15.0,baseline_total,10,False,normal,76.0,90.0,89.0,62.0,45.0,A,30.2,31.7,30.2,4.966887417218535,4.966887417218535,33.66,True,2,,False,,,,,zone_max,,False,7.0,3.0,False,False,,,,,graph: 近 10 日高点保持抬高; graph: 近 10 日低点没有明显下移; graph: 均线多头排列; graph: D1 收盘位置强; active: D1 成交额放大不足; active: D1 振幅明显放大; active: 尾盘站在日内 VWAP 上方; active: 分时有急拉急杀波动; support: D1 跌破前低后收回; support: D1 收盘站上日 VWAP; support: D1 收盘位置较强; support: D1 分时主动修复到 VWAP 上方; theme: 涨停池中同题材联动偏弱,"{""d1_low"": 30.2, ""d1_open"": 31.7, ""d1_close"": 33.66, ""d1_vwap"": 31.912881902783187, ""prev_close"": 32.82, ""ma5"": 30.363999999999997, ""ma10"": 26.347999999999995, ""d1_intraday_vwap"": 32.17808966919183, ""d1_first_5m_low"": 31.03, ""low_absorb_min"": 30.2, ""low_absorb_max"": 31.7, ""invalid_price"": 30.2}",10,6.654783125371377,-1.6339869281045694,-3.891859774212703,6.654783125371377,-8.229352346999397,-8.645276292335103,6.654783125371377,-8.229352346999397,-8.645276292335103,6.654783125371377,-8.229352346999397,-8.645276292335103,,,,,,,,,,,,,False,False,False,False,,,False,False,ordinary,No execution and no D3 target-min opportunity. Useful as negative/ordinary baseline.
2026-06-24,2026-06-24,True,reports\backtest_runs\2026-06-23_2026-06-24\daily_signals\signals_2026-06-24.csv,002312,川发龙蟒,2026-06-22,2.0,1.0,D2_LOW_ABSORB,True,True,True,True,7.0,baseline_total,10,False,normal,83.75,90.0,89.0,78.0,70.0,A,9.42,9.703630106032673,9.42,3.010935308202467,3.010935308202467,9.88,True,2,2026-06-25,True,2026-06-25 09:35:00,9.703630106032673,9.703630106032673,9.79,zone_max,回踩低吸区并站回 VWAP,True,7.0,3.0,True,False,target_first,2026-06-25 13:45:00,,,graph: 近 10 日高点保持抬高; graph: 近 10 日低点没有明显下移; graph: 均线多头排列; graph: D1 收盘位置强; active: D1 成交额温和放大; active: D1 有一定振幅; active: 分时围绕 VWAP 反复争夺; active: 尾盘站在日内 VWAP 上方; support: D1 跌破前低后收回; support: D1 收盘站上日 VWAP; support: D1 收盘位置较强; support: D1 分时主动修复到 VWAP 上方; theme: 所属行业/题材涨停家数较多: 农化制品 10 家,"{""d1_low"": 9.42, ""d1_open"": 9.5, ""d1_close"": 9.88, ""d1_vwap"": 9.654931473407549, ""prev_close"": 9.59, ""ma5"": 9.145999999999999, ""ma10"": 8.959999999999999, ""d1_intraday_vwap"": 9.703630106032673, ""d1_first_5m_low"": 9.42, ""low_absorb_min"": 9.42, ""low_absorb_max"": 9.703630106032673, ""invalid_price"": 9.42}",10,9.716599190283382,4.048582995951411,-2.7327935222672184,9.716599190283382,2.3279352226720507,-2.7327935222672184,9.716599190283382,2.3279352226720507,-2.7327935222672184,9.716599190283382,2.3279352226720507,-2.7327935222672184,11.710770933661774,5.939734796867424,-0.9648977239400724,11.710770933661774,4.187813112483441,-0.9648977239400724,11.710770933661774,4.187813112483441,-0.9648977239400724,11.710770933661774,4.187813112483441,-0.9648977239400724,True,True,True,False,7.0,d3_target_min,True,False,success,D2 executed and D3 realized target-min return. Study its D1 factors as positive samples.
2026-06-24,2026-06-24,True,reports\backtest_runs\2026-06-23_2026-06-24\daily_signals\signals_2026-06-24.csv,002346,柘中股份,2026-06-22,2.0,1.0,D2_LOW_ABSORB,True,True,True,True,6.0,baseline_total,10,False,normal,84.05,78.0,91.0,94.0,70.0,A,21.16,22.17609860306085,21.16,4.80197827533484,4.80197827533484,23.09,True,2,2026-06-25,False,,,,,zone_max,D2 未触发低吸验证,True,7.0,3.0,False,False,,,not triggered,zone_too_low,graph: 近 10 日高点保持抬高; graph: 近 10 日低点没有明显下移; graph: D1 收盘位置强; active: D1 成交额显著放大; active: D1 振幅明显放大; active: 分时围绕 VWAP 反复争夺; active: 尾盘站在日内 VWAP 上方; support: D1 未跌破前一日低点; support: D1 收盘站上日 VWAP; support: D1 收盘位置较强; support: D1 分时主动修复到 VWAP 上方; theme: 所属行业/题材涨停家数较多: 电网设备 8 家,"{""d1_low"": 21.16, ""d1_open"": 21.33, ""d1_close"": 23.09, ""d1_vwap"": 22.17609860306085, ""prev_close"": 21.48, ""ma5"": 20.32, ""ma10"": 18.463, ""d1_intraday_vwap"": 22.249640487319695, ""d1_first_5m_low"": 21.16, ""low_absorb_min"": 21.16, ""low_absorb_max"": 22.17609860306085, ""invalid_price"": 21.16}",10,7.0593330446080405,-0.8661758336942382,-1.1260285838025186,7.0593330446080405,-7.83889129493287,-7.83889129493287,7.0593330446080405,-7.83889129493287,-7.83889129493287,7.0593330446080405,-7.83889129493287,-7.83889129493287,,,,,,,,,,,,,False,False,True,False,,,False,False,missed_selected,Selected but not executed; D3 had target-min opportunity. Check whether buy zone was too conservative.
2026-06-24,2026-06-24,True,reports\backtest_runs\2026-06-23_2026-06-24\daily_signals\signals_2026-06-24.csv,002354,天娱数科,2026-06-24,0.0,2.0,WATCH_ONLY,False,False,False,False,,baseline_total,10,False,zero,76.75,90.0,91.0,54.0,60.0,A,8.058,8.21,8.058,1.8863241499131436,1.8863241499131436,8.92,True,2,,False,,,,,zone_max,,False,7.0,3.0,False,False,,,,,graph: 近 10 日高点保持抬高; graph: 近 10 日低点没有明显下移; graph: 均线多头排列; graph: D1 收盘位置强; active: D1 成交额放大不足; active: D1 振幅明显放大; active: 尾盘站在日内 VWAP 上方; support: D1 未跌破前一日低点; support: D1 收盘站上日 VWAP; support: D1 收盘位置较强; support: D1 分时主动修复到 VWAP 上方; theme: 所属行业/题材有联动: 广告营销 3 家; hard_filter: 今日仍涨停，等待分歧日; hard_filter: 活跃资金分不足,"{""d1_low"": 8.11, ""d1_open"": 8.21, ""d1_close"": 8.92, ""d1_vwap"": 8.545585150579633, ""prev_close"": 8.11, ""ma5"": 8.058, ""ma10"": 7.942, ""d1_intraday_vwap"": 8.64231971731209, ""d1_first_5m_low"": 8.11, ""low_absorb_min"": 8.058, ""low_absorb_max"": 8.21, ""invalid_price"": 8.058}",10,-3.923766816143493,-9.977578475336324,-9.977578475336324,-1.0089686098654682,-1.0089686098654682,-10.76233183856502,-1.0089686098654682,-1.0089686098654682,-10.76233183856502,-1.0089686098654682,-1.0089686098654682,-10.76233183856502,,,,,,,,,,,,,False,False,False,False,,,False,False,ordinary,No execution and no D3 target-min opportunity. Useful as negative/ordinary baseline.
2026-06-24,2026-06-24,True,reports\backtest_runs\2026-06-23_2026-06-24\daily_signals\signals_2026-06-24.csv,002367,康力电梯,2026-06-22,2.0,1.0,WATCH_ONLY,False,False,False,False,,baseline_total,10,False,zero,74.05,58.0,89.0,84.0,70.0,A,5.843999999999999,5.99,5.843999999999999,2.498288843258045,2.498288843258045,6.56,True,2,,False,,,,,zone_max,,False,7.0,3.0,False,False,,,,,graph: 近 10 日高点保持抬高; graph: 近 10 日低点下移; graph: D1 收盘位置强; active: D1 成交额显著放大; active: D1 振幅明显放大; active: 尾盘站在日内 VWAP 上方; support: D1 跌破前低后收回; support: D1 收盘站上日 VWAP; support: D1 收盘位置较强; support: D1 分时主动修复到 VWAP 上方; theme: 所属行业/题材涨停家数较多: 专用设备 9 家; hard_filter: 图形趋势分不足,"{""d1_low"": 5.86, ""d1_open"": 5.97, ""d1_close"": 6.56, ""d1_vwap"": 6.352942255499698, ""prev_close"": 5.99, ""ma5"": 5.843999999999999, ""ma10"": 5.572, ""d1_intraday_vwap"": 6.363978902673345, ""d1_first_5m_low"": 5.86, ""low_absorb_min"": 5.843999999999999, ""low_absorb_max"": 5.99, ""invalid_price"": 5.843999999999999}",10,5.030487804878048,3.0487804878048808,-1.981707317073167,5.487804878048785,1.8292682926829285,-1.981707317073167,5.487804878048785,1.8292682926829285,-1.981707317073167,5.487804878048785,1.8292682926829285,-1.981707317073167,,,,,,,,,,,,,False,False,False,False,,,False,False,ordinary,No execution and no D3 target-min opportunity. Useful as negative/ordinary baseline.
2026-06-24,2026-06-24,True,reports\backtest_runs\2026-06-23_2026-06-24\daily_signals\signals_2026-06-24.csv,002386,天原股份,2026-06-22,2.0,1.0,WATCH_ONLY,False,False,False,False,,baseline_total,10,False,zero,76.75,90.0,89.0,50.0,70.0,A,5.866,6.03,5.866,2.79577224684624,2.79577224684624,6.09,True,2,,False,,,,,zone_max,,False,7.0,3.0,False,False,,,,,graph: 近 10 日高点保持抬高; graph: 近 10 日低点没有明显下移; graph: 均线多头排列; graph: D1 收盘位置强; active: D1 成交额放大不足; active: 分时围绕 VWAP 反复争夺; active: 尾盘站在日内 VWAP 上方; support: D1 跌破前低后收回; support: D1 收盘站上日 VWAP; support: D1 收盘位置较强; support: D1 分时主动修复到 VWAP 上方; theme: 所属行业/题材涨停家数较多: 化学原料 16 家; hard_filter: 活跃资金分不足,"{""d1_low"": 5.92, ""d1_open"": 5.99, ""d1_close"": 6.09, ""d1_vwap"": 5.989980113074948, ""prev_close"": 6.03, ""ma5"": 5.866, ""ma10"": 5.819999999999999, ""d1_intraday_vwap"": 6.019670605101246, ""d1_first_5m_low"": 5.97, ""low_absorb_min"": 5.866, ""low_absorb_max"": 6.03, ""invalid_price"": 5.866}",10,2.4630541871921263,0.985221674876846,-0.985221674876846,2.6272577996715896,-2.9556650246305383,-3.612479474548436,2.6272577996715896,-2.9556650246305383,-3.612479474548436,2.6272577996715896,-2.9556650246305383,-3.612479474548436,,,,,,,,,,,,,False,False,False,False,,,False,False,ordinary,No execution and no D3 target-min opportunity. Useful as negative/ordinary baseline.
2026-06-24,2026-06-24,True,reports\backtest_runs\2026-06-23_2026-06-24\daily_signals\signals_2026-06-24.csv,002407,多氟多,2026-06-22,2.0,1.0,WATCH_ONLY,False,False,False,False,,baseline_total,10,False,zero,77.75,90.0,89.0,54.0,70.0,A,39.8,41.33,39.8,3.844221105527645,3.844221105527645,44.25,True,2,,False,,,,,zone_max,,False,7.0,3.0,False,False,,,,,graph: 近 10 日高点保持抬高; graph: 近 10 日低点没有明显下移; graph: 均线多头排列; graph: D1 收盘位置强; active: D1 成交额放大不足; active: D1 振幅明显放大; active: 尾盘站在日内 VWAP 上方; support: D1 跌破前低后收回; support: D1 收盘站上日 VWAP; support: D1 收盘位置较强; support: D1 分时主动修复到 VWAP 上方; theme: 所属行业/题材涨停家数较多: 化学制品 14 家; hard_filter: 活跃资金分不足,"{""d1_low"": 39.8, ""d1_open"": 41.8, ""d1_close"": 44.25, ""d1_vwap"": 42.50270921901763, ""prev_close"": 41.8, ""ma5"": 41.192, ""ma10"": 39.801, ""d1_intraday_vwap"": 42.73757423462338, ""d1_first_5m_low"": 41.33, ""low_absorb_min"": 39.8, ""low_absorb_max"": 41.33, ""invalid_price"": 39.8}",10,3.864406779661023,-1.0395480225988685,-2.259887005649719,3.864406779661023,-6.192090395480232,-6.553672316384174,3.864406779661023,-6.192090395480232,-6.553672316384174,3.864406779661023,-6.192090395480232,-6.553672316384174,,,,,,,,,,,,,False,False,False,False,,,False,False,ordinary,No execution and no D3 target-min opportunity. Useful as negative/ordinary baseline.
2026-06-24,2026-06-24,True,reports\backtest_runs\2026-06-23_2026-06-24\daily_signals\signals_2026-06-24.csv,002409,雅克科技,2026-06-24,0.0,2.0,WATCH_ONLY,False,False,False,False,,baseline_total,10,False,zero,82.25,90.0,89.0,72.0,70.0,A,155.0,158.726,155.0,2.403870967741928,2.403870967741928,173.05,True,2,,False,,,,,zone_max,,False,7.0,3.0,False,False,,,,,graph: 近 10 日高点保持抬高; graph: 近 10 日低点没有明显下移; graph: 均线多头排列; graph: D1 收盘位置强; active: D1 成交额放大不足; active: D1 振幅明显放大; active: 分时围绕 VWAP 反复争夺; active: 尾盘站在日内 VWAP 上方; active: 分时有急拉急杀波动; support: D1 跌破前低后收回; support: D1 收盘站上日 VWAP; support: D1 收盘位置较强; support: D1 分时主动修复到 VWAP 上方; theme: 所属行业/题材涨停家数较多: 半导体 11 家; hard_filter: 今日仍涨停，等待分歧日,"{""d1_low"": 155.0, ""d1_open"": 155.0, ""d1_close"": 173.05, ""d1_vwap"": 166.08045587742683, ""prev_close"": 157.32, ""ma5"": 158.726, ""ma10"": 146.057, ""d1_intraday_vwap"": 167.09413893315948, ""d1_first_5m_low"": 155.0, ""low_absorb_min"": 155.0, ""low_absorb_max"": 158.726, ""invalid_price"": 155.0}",10,7.772320138688227,4.611383993065576,-0.6067610517191624,12.799768852932658,8.985842242126552,-0.6067610517191624,12.799768852932658,8.985842242126552,-0.6067610517191624,12.799768852932658,8.985842242126552,-0.6067610517191624,,,,,,,,,,,,,False,False,True,True,,,False,False,missed_unselected,Not selected but D3 had target-min opportunity. Check ranking/filter factors.
2026-06-24,2026-06-24,True,reports\backtest_runs\2026-06-23_2026-06-24\daily_signals\signals_2026-06-24.csv,002418,康盛股份,2026-06-22,2.0,1.0,D2_WATCH_OR_SMALL,True,False,False,False,,baseline_total,10,False,small,65.75,70.0,51.0,78.0,60.0,B,4.4,4.537682027991105,4.4,3.1291369997978213,3.1291369997978213,4.59,True,2,,False,,,,,zone_max,,False,7.0,3.0,False,False,,,,,graph: 近 10 日高点保持抬高; graph: 近 10 日低点没有明显下移; active: D1 成交额温和放大; active: D1 有一定振幅; active: 分时围绕 VWAP 反复争夺; active: 尾盘站在日内 VWAP 上方; support: D1 跌破前低且未收回; support: D1 收盘站上日 VWAP; support: D1 分时主动修复到 VWAP 上方; theme: 所属行业/题材有联动: 家电零部 2 家,"{""d1_low"": 4.4, ""d1_open"": 4.7, ""d1_close"": 4.59, ""d1_vwap"": 4.510087365179825, ""prev_close"": 4.87, ""ma5"": 4.518000000000001, ""ma10"": 4.382, ""d1_intraday_vwap"": 4.537682027991105, ""d1_first_5m_low"": 4.5, ""low_absorb_min"": 4.4, ""low_absorb_max"": 4.537682027991105, ""invalid_price"": 4.4}",10,3.9215686274509673,-5.010893246187353,-5.664488017429193,3.9215686274509673,-13.943355119825709,-13.943355119825709,3.9215686274509673,-13.943355119825709,-13.943355119825709,3.9215686274509673,-13.943355119825709,-13.943355119825709,,,,,,,,,,,,,False,False,False,False,,,False,False,ordinary,No execution and no D3 target-min opportunity. Useful as negative/ordinary baseline.
2026-06-24,2026-06-24,True,reports\backtest_runs\2026-06-23_2026-06-24\daily_signals\signals_2026-06-24.csv,002421,达实智能,2026-06-22,2.0,1.0,WATCH_ONLY,False,False,False,False,,baseline_total,10,False,zero,59.25,40.0,79.0,66.0,60.0,A,3.84,4.03,3.84,4.947916666666674,4.947916666666674,4.09,True,2,,False,,,,,zone_max,,False,7.0,3.0,False,False,,,,,graph: 近 10 日高点未能继续抬高; graph: 近 10 日低点下移; graph: D1 收盘位置强; active: D1 成交额放大不足; active: D1 有一定振幅; active: 分时围绕 VWAP 反复争夺; active: 尾盘站在日内 VWAP 上方; active: 分时有急拉急杀波动; support: D1 跌破前低后收回; support: D1 收盘站上日 VWAP; support: D1 收盘位置较强; theme: 所属行业/题材有联动: IT服务Ⅱ 2 家; hard_filter: 图形趋势分不足,"{""d1_low"": 3.84, ""d1_open"": 4.03, ""d1_close"": 4.09, ""d1_vwap"": 3.980971313735151, ""prev_close"": 4.02, ""ma5"": 3.996, ""ma10"": 4.286, ""d1_intraday_vwap"": 4.007692033748972, ""d1_first_5m_low"": 3.96, ""low_absorb_min"": 3.84, ""low_absorb_max"": 4.03, ""invalid_price"": 3.84}",10,-1.2224938875305624,-8.312958435207818,-9.53545232273838,-1.2224938875305624,-11.491442542787278,-12.713936430317853,-1.2224938875305624,-11.491442542787278,-12.713936430317853,-1.2224938875305624,-11.491442542787278,-12.713936430317853,,,,,,,,,,,,,False,False,False,False,,,False,False,ordinary,No execution and no D3 target-min opportunity. Useful as negative/ordinary baseline.
2026-06-24,2026-06-24,True,reports\backtest_runs\2026-06-23_2026-06-24\daily_signals\signals_2026-06-24.csv,002428,云南锗业,2026-06-24,0.0,2.0,WATCH_ONLY,False,False,False,False,,baseline_total,10,False,zero,87.25,90.0,89.0,92.0,70.0,A,106.01,109.06,106.01,2.8770870672578,2.8770870672578,123.09,True,2,,False,,,,,zone_max,,False,7.0,3.0,False,False,,,,,graph: 近 10 日高点保持抬高; graph: 近 10 日低点没有明显下移; graph: 均线多头排列; graph: D1 收盘位置强; active: D1 成交额温和放大; active: D1 振幅明显放大; active: 分时围绕 VWAP 反复争夺; active: 尾盘站在日内 VWAP 上方; active: 分时有急拉急杀波动; support: D1 跌破前低后收回; support: D1 收盘站上日 VWAP; support: D1 收盘位置较强; support: D1 分时主动修复到 VWAP 上方; theme: 所属行业/题材涨停家数较多: 小金属 11 家; hard_filter: 今日仍涨停，等待分歧日,"{""d1_low"": 106.01, ""d1_open"": 109.06, ""d1_close"": 123.09, ""d1_vwap"": 116.78816584267338, ""prev_close"": 111.9, ""ma5"": 109.03399999999999, ""ma10"": 100.858, ""d1_intraday_vwap"": 117.31716868750637, ""d1_first_5m_low"": 109.06, ""low_absorb_min"": 106.01, ""low_absorb_max"": 109.06, ""invalid_price"": 106.01}",10,7.953529937444137,5.695019904135168,0.0,7.953529937444137,-2.120399707531073,-3.696482248761068,7.953529937444137,-2.120399707531073,-3.696482248761068,7.953529937444137,-2.120399707531073,-3.696482248761068,,,,,,,,,,,,,False,False,True,False,,,False,False,missed_unselected,Not selected but D3 had target-min opportunity. Check ranking/filter factors.
2026-06-24,2026-06-24,True,reports\backtest_runs\2026-06-23_2026-06-24\daily_signals\signals_2026-06-24.csv,002440,闰土股份,2026-06-22,2.0,1.0,D2_LOW_ABSORB,True,True,True,True,3.0,baseline_total,10,False,normal,86.25,90.0,91.0,86.0,70.0,A,10.791999999999998,11.283997251172003,10.791999999999998,4.558907071645724,4.558907071645724,11.54,True,2,2026-06-25,True,2026-06-25 09:35:00,11.283997251172003,11.283997251172003,11.49,zone_max,回踩低吸区并站回 VWAP,True,7.0,3.0,False,True,stop_first,2026-06-25 09:35:00,,stop_hit,graph: 近 10 日高点保持抬高; graph: 近 10 日低点没有明显下移; graph: 均线多头排列; graph: D1 收盘位置强; active: D1 成交额温和放大; active: D1 有一定振幅; active: 分时围绕 VWAP 反复争夺; active: 尾盘站在日内 VWAP 上方; active: 分时有急拉急杀波动; support: D1 未跌破前一日低点; support: D1 收盘站上日 VWAP; support: D1 收盘位置较强; support: D1 分时主动修复到 VWAP 上方; theme: 所属行业/题材涨停家数较多: 化学制品 14 家,"{""d1_low"": 10.9, ""d1_open"": 11.04, ""d1_close"": 11.54, ""d1_vwap"": 11.248847459144683, ""prev_close"": 11.0, ""ma5"": 10.791999999999998, ""ma10"": 10.013000000000002, ""d1_intraday_vwap"": 11.283997251172003, ""d1_first_5m_low"": 11.0, ""low_absorb_min"": 10.791999999999998, ""low_absorb_max"": 11.283997251172003, ""invalid_price"": 10.791999999999998}",10,2.9462738301559988,0.6932409012131657,-5.285961871750433,2.9462738301559988,-8.23223570190641,-8.405545927209701,2.9462738301559988,-8.23223570190641,-8.405545927209701,2.9462738301559988,-8.23223570190641,-8.405545927209701,5.281840606316113,2.977692579578539,-3.13716179907112,5.281840606316113,-6.150278449420233,-6.327520605323123,5.281840606316113,-6.150278449420233,-6.327520605323123,5.281840606316113,-6.150278449420233,-6.327520605323123,False,False,False,False,-6.150278449420233,d3_close,False,False,failed,D2 executed but D3 did not realize target-min return. Compare against success samples.
2026-06-24,2026-06-24,True,reports\backtest_runs\2026-06-23_2026-06-24\daily_signals\signals_2026-06-24.csv,002539,云图控股,2026-06-22,2.0,1.0,WATCH_ONLY,False,False,False,False,,baseline_total,10,False,zero,66.75,50.0,77.0,78.0,70.0,A,12.11,12.524393964789502,12.11,3.421915481333615,3.421915481333615,12.61,True,2,,False,,,,,zone_max,,False,7.0,3.0,False,False,,,,,graph: 近 10 日高点保持抬高; graph: 近 10 日低点下移; active: D1 成交额温和放大; active: D1 有一定振幅; active: 分时围绕 VWAP 反复争夺; active: 尾盘站在日内 VWAP 上方; support: D1 跌破前低后收回; support: D1 收盘站上日 VWAP; support: D1 分时主动修复到 VWAP 上方; theme: 所属行业/题材涨停家数较多: 农化制品 10 家; hard_filter: 图形趋势分不足,"{""d1_low"": 12.11, ""d1_open"": 12.4, ""d1_close"": 12.61, ""d1_vwap"": 12.483748865720766, ""prev_close"": 12.23, ""ma5"": 12.158, ""ma10"": 12.11, ""d1_intraday_vwap"": 12.524393964789502, ""d1_first_5m_low"": 12.24, ""low_absorb_min"": 12.11, ""low_absorb_max"": 12.524393964789502, ""invalid_price"": 12.11}",10,-0.6344171292624878,-2.775574940523396,-4.678826328310858,-0.6344171292624878,-5.313243457573358,-6.6613798572561445,-0.6344171292624878,-5.313243457573358,-6.6613798572561445,-0.6344171292624878,-5.313243457573358,-6.6613798572561445,,,,,,,,,,,,,False,False,False,False,,,False,False,ordinary,No execution and no D3 target-min opportunity. Useful as negative/ordinary baseline.
2026-06-24,2026-06-24,True,reports\backtest_runs\2026-06-23_2026-06-24\daily_signals\signals_2026-06-24.csv,002546,新联电子,2026-06-22,2.0,1.0,D2_LOW_ABSORB,True,True,False,False,17.0,baseline_total,10,False,normal,72.25,70.0,79.0,70.0,70.0,A,7.33,7.66,7.33,4.502046384720337,4.502046384720337,7.44,True,2,,False,,,,,zone_max,,False,7.0,3.0,False,False,,,,,graph: 近 10 日高点保持抬高; graph: 近 10 日低点没有明显下移; active: D1 成交额温和放大; active: 分时围绕 VWAP 反复争夺; active: 尾盘站在日内 VWAP 上方; support: D1 未跌破前一日低点; support: D1 收盘站上日 VWAP; support: D1 分时主动修复到 VWAP 上方; theme: 所属行业/题材涨停家数较多: 电网设备 8 家,"{""d1_low"": 7.33, ""d1_open"": 7.5, ""d1_close"": 7.44, ""d1_vwap"": 7.374999018089454, ""prev_close"": 7.66, ""ma5"": 7.196000000000001, ""ma10"": 6.978, ""d1_intraday_vwap"": 7.408279229411477, ""d1_first_5m_low"": 7.33, ""low_absorb_min"": 7.33, ""low_absorb_max"": 7.66, ""invalid_price"": 7.33}",10,3.360215053763449,2.822580645161299,-1.6129032258064502,5.107526881720426,4.973118279569877,-1.6129032258064502,5.107526881720426,4.973118279569877,-1.6129032258064502,5.107526881720426,4.973118279569877,-1.6129032258064502,,,,,,,,,,,,,False,False,False,False,,,False,False,ordinary,No execution and no D3 target-min opportunity. Useful as negative/ordinary baseline.
2026-06-24,2026-06-24,True,reports\backtest_runs\2026-06-23_2026-06-24\daily_signals\signals_2026-06-24.csv,002601,龙佰集团,2026-06-22,2.0,1.0,D2_LOW_ABSORB,True,True,False,False,12.0,baseline_total,10,False,normal,78.75,90.0,89.0,58.0,70.0,A,16.304,17.08458372390946,16.304,4.787682310533992,4.787682310533992,17.36,True,2,,False,,,,,zone_max,,False,7.0,3.0,False,False,,,,,graph: 近 10 日高点保持抬高; graph: 近 10 日低点没有明显下移; graph: 均线多头排列; graph: D1 收盘位置强; active: D1 成交额放大不足; active: D1 有一定振幅; active: 分时围绕 VWAP 反复争夺; active: 尾盘站在日内 VWAP 上方; support: D1 跌破前低后收回; support: D1 收盘站上日 VWAP; support: D1 收盘位置较强; support: D1 分时主动修复到 VWAP 上方; theme: 所属行业/题材涨停家数较多: 化学原料 16 家,"{""d1_low"": 16.51, ""d1_open"": 16.71, ""d1_close"": 17.36, ""d1_vwap"": 17.01304245509963, ""prev_close"": 16.8, ""ma5"": 16.304, ""ma10"": 15.735, ""d1_intraday_vwap"": 17.08458372390946, ""d1_first_5m_low"": 16.63, ""low_absorb_min"": 16.304, ""low_absorb_max"": 17.08458372390946, ""invalid_price"": 16.304}",10,2.937788018433185,0.4032258064516236,-1.843317972350233,2.937788018433185,0.057603686635943,-1.843317972350233,2.937788018433185,0.057603686635943,-1.843317972350233,2.937788018433185,0.057603686635943,-1.843317972350233,,,,,,,,,,,,,False,False,False,False,,,False,False,ordinary,No execution and no D3 target-min opportunity. Useful as negative/ordinary baseline.
2026-06-24,2026-06-24,True,reports\backtest_runs\2026-06-23_2026-06-24\daily_signals\signals_2026-06-24.csv,002655,共达电声,2026-06-22,2.0,1.0,D2_LOW_ABSORB,True,True,True,True,8.0,baseline_total,10,False,normal,82.75,90.0,89.0,74.0,70.0,A,45.042,47.16,45.042,4.702277873984295,4.702277873984295,50.2,True,2,2026-06-25,False,,,,,zone_max,D2 未触发低吸验证,True,7.0,3.0,False,False,,,not triggered,not_triggered,graph: 近 10 日高点保持抬高; graph: 近 10 日低点没有明显下移; graph: 均线多头排列; graph: D1 收盘位置强; active: D1 成交额温和放大; active: D1 振幅明显放大; active: 尾盘站在日内 VWAP 上方; support: D1 跌破前低后收回; support: D1 收盘站上日 VWAP; support: D1 收盘位置较强; support: D1 分时主动修复到 VWAP 上方; theme: 所属行业/题材涨停家数较多: 消费电子 5 家,"{""d1_low"": 45.41, ""d1_open"": 47.16, ""d1_close"": 50.2, ""d1_vwap"": 47.8514715673682, ""prev_close"": 46.79, ""ma5"": 45.041999999999994, ""ma10"": 39.926, ""d1_intraday_vwap"": 48.14530618086614, ""d1_first_5m_low"": 45.82, ""low_absorb_min"": 45.041999999999994, ""low_absorb_max"": 47.16, ""invalid_price"": 45.041999999999994}",10,4.541832669322687,-3.525896414342633,-4.581673306772915,5.019920318725091,1.8525896414342655,-4.581673306772915,5.019920318725091,1.8525896414342655,-4.581673306772915,5.019920318725091,1.8525896414342655,-4.581673306772915,,,,,,,,,,,,,False,False,False,False,,,False,False,ordinary,No execution and no D3 target-min opportunity. Useful as negative/ordinary baseline.
2026-06-24,2026-06-24,True,reports\backtest_runs\2026-06-23_2026-06-24\daily_signals\signals_2026-06-24.csv,002657,中科金财,2026-06-22,2.0,1.0,WATCH_ONLY,False,False,False,False,,baseline_total,10,False,zero,60.45,82.0,41.0,50.0,60.0,C,21.474,22.78,21.474,6.0817733072553,6.0817733072553,22.15,True,2,,False,,,,,zone_max,,False,7.0,3.0,False,False,,,,,graph: 近 10 日高点保持抬高; graph: 近 10 日低点没有明显下移; graph: 均线多头排列; active: D1 成交额放大不足; active: 分时围绕 VWAP 反复争夺; active: 尾盘站在日内 VWAP 上方; support: D1 跌破前低且未收回; support: D1 收盘站上日 VWAP; theme: 所属行业/题材有联动: IT服务Ⅱ 2 家; hard_filter: 活跃资金分不足; hard_filter: 承接分过低; hard_filter: 无效承接,"{""d1_low"": 21.8, ""d1_open"": 22.52, ""d1_close"": 22.15, ""d1_vwap"": 22.002178572127995, ""prev_close"": 22.78, ""ma5"": 21.474, ""ma10"": 21.250999999999998, ""d1_intraday_vwap"": 22.120106958863076, ""d1_first_5m_low"": 21.95, ""low_absorb_min"": 21.474, ""low_absorb_max"": 22.78, ""invalid_price"": 21.474}",10,2.934537246049662,-0.7674943566591375,-1.8961625282166936,2.934537246049662,-5.282167042889386,-5.643340857787815,2.934537246049662,-5.282167042889386,-5.643340857787815,2.934537246049662,-5.282167042889386,-5.643340857787815,,,,,,,,,,,,,False,False,False,False,,,False,False,ordinary,No execution and no D3 target-min opportunity. Useful as negative/ordinary baseline.
2026-06-24,2026-06-24,True,reports\backtest_runs\2026-06-23_2026-06-24\daily_signals\signals_2026-06-24.csv,002672,东江环保,2026-06-23,1.0,2.0,WATCH_ONLY,False,False,False,False,,baseline_total,10,False,zero,40.8,38.0,0.0,68.0,70.0,C,3.73,3.857199293628108,3.73,3.410168729976082,3.410168729976082,3.77,True,2,,False,,,,,zone_max,,False,7.0,3.0,False,False,,,,,graph: 近 10 日高点保持抬高; graph: 近 10 日低点下移; graph: D1 收盘接近低位; active: D1 成交额温和放大; active: D1 有一定振幅; active: 分时有急拉急杀波动; support: D1 跌破前低且未收回; support: D1 收盘低于日 VWAP; support: D1 收盘接近全天低位; support: D1 多数时间压在 VWAP 下方; theme: 所属行业/题材涨停家数较多: 环境治理 7 家; hard_filter: 图形趋势分不足; hard_filter: 承接分过低; hard_filter: 无效承接,"{""d1_low"": 3.73, ""d1_open"": 4.05, ""d1_close"": 3.77, ""d1_vwap"": 3.8367532995853795, ""prev_close"": 4.13, ""ma5"": 3.742, ""ma10"": 3.6759999999999997, ""d1_intraday_vwap"": 3.857199293628108, ""d1_first_5m_low"": 3.92, ""low_absorb_min"": 3.73, ""low_absorb_max"": 3.857199293628108, ""invalid_price"": 3.73}",10,8.753315649867366,2.3872679045092715,-1.5915119363395291,8.753315649867366,-7.427055702917762,-7.427055702917762,8.753315649867366,-7.427055702917762,-7.427055702917762,8.753315649867366,-7.427055702917762,-7.427055702917762,,,,,,,,,,,,,False,False,True,False,,,False,False,missed_unselected,Not selected but D3 had target-min opportunity. Check ranking/filter factors.
2026-06-24,2026-06-24,True,reports\backtest_runs\2026-06-23_2026-06-24\daily_signals\signals_2026-06-24.csv,002674,兴业科技,2026-06-24,0.0,3.0,WATCH_ONLY,False,False,False,False,,baseline_total,10,False,zero,52.25,70.0,43.0,32.0,60.0,C,23.8259227220618,23.830000000862103,23.8259227220618,0.0171127844569296,0.0171127844569296,23.83,True,2,,False,,,,,zone_max,,False,7.0,3.0,False,False,,,,,graph: 近 10 日高点保持抬高; graph: 近 10 日低点没有明显下移; graph: 均线多头排列; graph: D1 收盘接近低位; active: D1 成交额放大不足; support: D1 未跌破前一日低点; support: D1 收盘站上日 VWAP; support: D1 收盘接近全天低位; support: D1 多数时间压在 VWAP 下方; theme: 所属行业/题材有联动: 纺织制造 3 家; hard_filter: 今日仍涨停，等待分歧日; hard_filter: 活跃资金分不足; hard_filter: 承接分过低; hard_filter: 无效承接,"{""d1_low"": 23.83, ""d1_open"": 23.83, ""d1_close"": 23.83, ""d1_vwap"": 23.8259227220618, ""prev_close"": 21.66, ""ma5"": 19.869999999999997, ""ma10"": 17.916, ""d1_intraday_vwap"": 23.830000000862103, ""d1_first_5m_low"": 23.83, ""low_absorb_min"": 23.8259227220618, ""low_absorb_max"": 23.830000000862103, ""invalid_price"": 23.8259227220618}",10,9.987410826689056,9.987410826689056,9.987410826689056,20.981955518254303,20.981955518254303,9.987410826689056,20.981955518254303,20.981955518254303,9.987410826689056,20.981955518254303,20.981955518254303,9.987410826689056,,,,,,,,,,,,,False,False,True,True,,,False,False,missed_unselected,Not selected but D3 had target-min opportunity. Check ranking/filter factors.
2026-06-24,2026-06-24,True,reports\backtest_runs\2026-06-23_2026-06-24\daily_signals\signals_2026-06-24.csv,002805,丰元股份,2026-06-22,2.0,1.0,D2_LOW_ABSORB,True,True,True,True,9.0,baseline_total,10,False,normal,79.75,90.0,89.0,68.0,60.0,A,27.76,29.1,27.76,4.827089337175794,4.827089337175794,29.81,True,2,2026-06-25,True,2026-06-25 13:05:00,29.1,29.1,29.32,zone_max,回踩低吸区并站回 VWAP,True,7.0,3.0,False,True,stop_first,2026-06-26 09:35:00,,stop_hit,graph: 近 10 日高点保持抬高; graph: 近 10 日低点没有明显下移; graph: 均线多头排列; graph: D1 收盘位置强; active: D1 成交额温和放大; active: D1 有一定振幅; active: 尾盘站在日内 VWAP 上方; support: D1 跌破前低后收回; support: D1 收盘站上日 VWAP; support: D1 收盘位置较强; support: D1 分时主动修复到 VWAP 上方; theme: 所属行业/题材有联动: 电池 4 家,"{""d1_low"": 27.76, ""d1_open"": 29.1, ""d1_close"": 29.81, ""d1_vwap"": 28.91515999483, ""prev_close"": 29.4, ""ma5"": 28.02, ""ma10"": 24.797, ""d1_intraday_vwap"": 29.086402775849347, ""d1_first_5m_low"": 28.51, ""low_absorb_min"": 27.76, ""low_absorb_max"": 29.1, ""invalid_price"": 27.76}",10,0.5702784300570363,-2.113384770211335,-4.696410600469636,0.5702784300570363,-10.90238175109024,-11.908755451190869,0.5702784300570363,-10.90238175109024,-11.908755451190869,0.5702784300570363,-10.90238175109024,-11.908755451190869,3.0240549828178587,0.274914089347078,-1.443298969072171,3.0240549828178587,-8.728522336769773,-9.759450171821303,3.0240549828178587,-8.728522336769773,-9.759450171821303,3.0240549828178587,-8.728522336769773,-9.759450171821303,False,False,False,False,-8.728522336769773,d3_close,False,False,failed,D2 executed but D3 did not realize target-min return. Compare against success samples.
2026-06-24,2026-06-24,True,reports\backtest_runs\2026-06-23_2026-06-24\daily_signals\signals_2026-06-24.csv,002830,名雕股份,2026-06-23,1.0,2.0,WATCH_ONLY,False,False,False,False,,baseline_total,10,False,zero,60.75,50.0,61.0,70.0,70.0,B,17.31,17.77,17.31,2.6574234546504982,2.6574234546504982,17.72,True,2,,False,,,,,zone_max,,False,7.0,3.0,False,False,,,,,graph: 近 10 日高点保持抬高; graph: 近 10 日低点下移; active: D1 成交额温和放大; active: 分时围绕 VWAP 反复争夺; active: 尾盘站在日内 VWAP 上方; support: D1 未跌破前一日低点; support: D1 收盘站上日 VWAP; support: D1 多数时间压在 VWAP 下方; theme: 所属行业/题材涨停家数较多: 装修装饰 5 家; hard_filter: 图形趋势分不足,"{""d1_low"": 17.31, ""d1_open"": 17.52, ""d1_close"": 17.72, ""d1_vwap"": 17.558623951200694, ""prev_close"": 17.77, ""ma5"": 16.206, ""ma10"": 16.018, ""d1_intraday_vwap"": 17.653284346898474, ""d1_first_5m_low"": 17.31, ""low_absorb_min"": 17.31, ""low_absorb_max"": 17.77, ""invalid_price"": 17.31}",10,1.5801354401805856,-6.094808126410822,-9.537246049661386,1.5801354401805856,-7.618510158013536,-9.706546275395024,1.5801354401805856,-7.618510158013536,-9.706546275395024,1.5801354401805856,-7.618510158013536,-9.706546275395024,,,,,,,,,,,,,False,False,False,False,,,False,False,ordinary,No execution and no D3 target-min opportunity. Useful as negative/ordinary baseline.
2026-06-24,2026-06-24,True,reports\backtest_runs\2026-06-23_2026-06-24\daily_signals\signals_2026-06-24.csv,002842,翔鹭钨业,2026-06-22,2.0,1.0,D2_WATCH_OR_SMALL,True,False,False,False,,baseline_total,10,False,small,68.45,82.0,51.0,66.0,70.0,B,45.0,47.22,45.0,4.933333333333323,4.933333333333323,46.74,True,2,,False,,,,,zone_max,,False,7.0,3.0,False,False,,,,,graph: 近 10 日高点保持抬高; graph: 近 10 日低点没有明显下移; graph: 均线多头排列; active: D1 成交额放大不足; active: D1 有一定振幅; active: 分时围绕 VWAP 反复争夺; active: 尾盘站在日内 VWAP 上方; active: 分时有急拉急杀波动; support: D1 跌破前低且未收回; support: D1 收盘站上日 VWAP; support: D1 分时主动修复到 VWAP 上方; theme: 所属行业/题材涨停家数较多: 小金属 11 家,"{""d1_low"": 45.0, ""d1_open"": 47.22, ""d1_close"": 46.74, ""d1_vwap"": 46.34026281324219, ""prev_close"": 48.38, ""ma5"": 47.742000000000004, ""ma10"": 44.327, ""d1_intraday_vwap"": 46.59460815487763, ""d1_first_5m_low"": 47.22, ""low_absorb_min"": 45.0, ""low_absorb_max"": 47.22, ""invalid_price"": 45.0}",10,9.99144201968334,9.99144201968334,-1.9041506204535708,16.474112109542126,11.59606332905434,-1.9041506204535708,16.474112109542126,11.59606332905434,-1.9041506204535708,16.474112109542126,11.59606332905434,-1.9041506204535708,,,,,,,,,,,,,False,False,True,True,,,False,False,missed_unselected,Not selected but D3 had target-min opportunity. Check ranking/filter factors.
2026-06-24,2026-06-24,True,reports\backtest_runs\2026-06-23_2026-06-24\daily_signals\signals_2026-06-24.csv,002885,京泉华,2026-06-22,2.0,1.0,D2_WATCH_OR_SMALL,True,False,False,False,,baseline_total,10,False,small,75.05,78.0,63.0,92.0,60.0,B,41.31,43.221975396693786,41.31,4.628359711192887,4.628359711192887,44.33,True,2,,False,,,,,zone_max,,False,7.0,3.0,False,False,,,,,graph: 近 10 日高点保持抬高; graph: 近 10 日低点没有明显下移; graph: D1 收盘位置强; active: D1 成交额温和放大; active: D1 振幅明显放大; active: 分时围绕 VWAP 反复争夺; active: 尾盘站在日内 VWAP 上方; active: 分时有急拉急杀波动; support: D1 跌破前低且未收回; support: D1 收盘站上日 VWAP; support: D1 收盘位置较强; support: D1 分时主动修复到 VWAP 上方; theme: 所属行业/题材有联动: 其他电子 2 家,"{""d1_low"": 41.31, ""d1_open"": 44.38, ""d1_close"": 44.33, ""d1_vwap"": 43.221975396693786, ""prev_close"": 45.85, ""ma5"": 44.396, ""ma10"": 42.002, ""d1_intraday_vwap"": 43.496896705398925, ""d1_first_5m_low"": 43.18, ""low_absorb_min"": 41.31, ""low_absorb_max"": 43.221975396693786, ""invalid_price"": 41.31}",10,1.2406947890818865,-3.8574328896909593,-5.256034288292344,1.5113918339724863,-6.383938642003151,-8.639747349424765,1.5113918339724863,-6.383938642003151,-8.639747349424765,1.5113918339724863,-6.383938642003151,-8.639747349424765,,,,,,,,,,,,,False,False,False,False,,,False,False,ordinary,No execution and no D3 target-min opportunity. Useful as negative/ordinary baseline.
