signal_date,code,name,d0_date,days_since_d0,consecutive_boards,signal_type,allowed_bool,eligible_for_trade,total_score,graph_quality_score,active_money_score,active_cooling_score,support_score,theme_score,trend_hold_score,entry_width_score,d1_low_ma10_pct,d1_close_ma10_pct,d1_close_vwap_pct,low_absorb_width_pct,invalid_distance_pct,support_type,low_absorb_min,low_absorb_max,invalid_price,candidate_base_price,candidate_evaluable,future_trade_days_available,candidate_d2_max_return_pct,candidate_d2_close_return_pct,candidate_d2_max_drawdown_pct,candidate_d3_max_return_pct,candidate_d3_close_return_pct,candidate_d3_max_drawdown_pct,candidate_d5_max_return_pct,candidate_d5_close_return_pct,candidate_d5_max_drawdown_pct,candidate_d10_max_return_pct,candidate_d10_close_return_pct,candidate_d10_max_drawdown_pct,target7,target10,reasons,key_zones_json,research_score,daily_rank
2026-06-08,000608,阳光股份,2026-06-05,3.0,1.0,D2_LOW_ABSORB,True,True,74.75,90.0,92.0,30.0,91.0,70.0,95.0,60.0,11.6495,22.6037,1.4967,4.150943396226414,4.150943396226414,A,5.3,5.52,5.3,5.82,True,14,9.965635738831624,9.965635738831624,-2.577319587628868,20.96219931271477,19.24398625429553,-2.577319587628868,21.134020618556693,10.65292096219932,-2.577319587628868,39.86254295532648,31.27147766323022,-2.577319587628868,True,True,graph: 近 10 日高点保持抬高; graph: 近 10 日低点没有明显下移; graph: 均线多头排列; graph: D1 收盘位置强; active_raw: D1 成交额显著放大; active_raw: D1 振幅明显放大; active_raw: 尾盘站在日内 VWAP 上方; active_raw: 分时有急拉急杀波动; support: D1 未跌破前一日低点; support: D1 收盘站上日 VWAP; support: D1 收盘位置较强; support: D1 分时主动修复到 VWAP 上方; theme: 所属行业/题材涨停家数较多: 房地产开 6 家; factor: active_cooling_score=30.00; factor: trend_hold_score=95.00; factor: entry_width_score=60.00; factor: low_absorb_width_pct=3.99; factor: invalid_distance_pct=8.93; factor: d1_low_ma10_pct=11.65; factor: d1_close_ma10_pct=22.60; factor: d1_close_vwap_pct=1.50,"{""d1_low"": 5.3, ""d1_open"": 5.44, ""d1_close"": 5.82, ""d1_vwap"": 5.733384916678528, ""prev_close"": 5.52, ""ma5"": 5.164, ""ma10"": 4.747, ""d1_intraday_vwap"": 5.734177116216332, ""d1_first_5m_low"": 5.3, ""low_absorb_min"": 5.3, ""low_absorb_max"": 5.52, ""invalid_price"": 5.3}",67.71066499999999,1
2026-06-08,000520,凤凰航运,2026-06-05,3.0,1.0,D2_LOW_ABSORB,True,True,67.75,70.0,100.0,30.0,61.0,45.0,95.0,65.0,12.5378,19.8389,0.3943,2.9082774049217,2.9082774049217,B,4.47,4.6,4.47,4.76,True,14,-0.4201680672268781,-7.773109243697485,-9.453781512605042,-0.4201680672268781,-9.453781512605042,-10.504201680672264,-0.4201680672268781,-12.815126050420156,-13.655462184873937,-0.4201680672268781,-9.243697478991583,-13.655462184873937,False,False,graph: 近 10 日高点保持抬高; graph: 近 10 日低点没有明显下移; active_raw: D1 成交额显著放大; active_raw: D1 振幅明显放大; active_raw: 分时围绕 VWAP 反复争夺; active_raw: 尾盘站在日内 VWAP 上方; active_raw: 分时有急拉急杀波动; support: D1 未跌破前一日低点; support: D1 收盘站上日 VWAP; support: D1 多数时间压在 VWAP 下方; theme: 涨停池中同题材联动偏弱; factor: active_cooling_score=30.00; factor: trend_hold_score=95.00; factor: entry_width_score=65.00; factor: low_absorb_width_pct=2.83; factor: invalid_distance_pct=6.09; factor: d1_low_ma10_pct=12.54; factor: d1_close_ma10_pct=19.84; factor: d1_close_vwap_pct=0.39,"{""d1_low"": 4.47, ""d1_open"": 4.8, ""d1_close"": 4.76, ""d1_vwap"": 4.7411754004015085, ""prev_close"": 4.6, ""ma5"": 4.228, ""ma10"": 3.972, ""d1_intraday_vwap"": 4.741304419578887, ""d1_first_5m_low"": 4.52, ""low_absorb_min"": 4.47, ""low_absorb_max"": 4.6, ""invalid_price"": 4.47}",60.44095,2
2026-06-08,603078,江化微,2026-06-05,3.0,1.0,D2_LOW_ABSORB,True,True,74.25,82.0,82.0,70.0,79.0,45.0,75.0,90.0,7.8233,18.4702,0.656,0.4845111076748454,0.4845111076748454,A,38.80200000000001,38.99,38.80200000000001,42.84,True,14,7.422969187675066,6.0690943043884005,-3.081232492997199,8.986928104575153,6.676003734827263,-3.081232492997199,12.558356676003712,-2.614379084967333,-3.081232492997199,15.312791783380009,7.072829131652636,-6.909430438842201,True,False,graph: 近 10 日高点保持抬高; graph: 近 10 日低点没有明显下移; graph: 均线多头排列; active_raw: D1 成交额温和放大; active_raw: D1 振幅明显放大; active_raw: 尾盘站在日内 VWAP 上方; active_raw: 分时有急拉急杀波动; support: D1 未跌破前一日低点; support: D1 收盘站上日 VWAP; support: D1 分时主动修复到 VWAP 上方; theme: 涨停池中同题材联动偏弱; factor: active_cooling_score=70.00; factor: trend_hold_score=75.00; factor: entry_width_score=90.00; factor: low_absorb_width_pct=0.45; factor: invalid_distance_pct=9.43; factor: d1_low_ma10_pct=7.82; factor: d1_close_ma10_pct=18.47; factor: d1_close_vwap_pct=0.66,"{""d1_low"": 38.99, ""d1_open"": 38.99, ""d1_close"": 42.84, ""d1_vwap"": 42.56081151458967, ""prev_close"": 41.56, ""ma5"": 38.80200000000001, ""ma10"": 36.161, ""d1_intraday_vwap"": 42.560805015918014, ""d1_first_5m_low"": 38.99, ""low_absorb_min"": 38.80200000000001, ""low_absorb_max"": 38.99, ""invalid_price"": 38.80200000000001}",60.375035000000004,3
2026-06-09,603135,中重科技,2026-06-08,1.0,1.0,D2_LOW_ABSORB,True,True,77.75,90.0,100.0,30.0,91.0,70.0,95.0,90.0,17.5021,29.8274,3.0798,0.0,0.0,A,14.3,14.3,14.3,15.8,True,13,-4.0506329113924044,-9.999999999999998,-9.999999999999998,-4.0506329113924044,-18.9873417721519,-18.9873417721519,-4.0506329113924044,-20.0632911392405,-25.00000000000001,-4.0506329113924044,-18.354430379746837,-25.00000000000001,False,False,graph: 近 10 日高点保持抬高; graph: 近 10 日低点没有明显下移; graph: 均线多头排列; graph: D1 收盘位置强; active_raw: D1 成交额显著放大; active_raw: D1 振幅明显放大; active_raw: 分时围绕 VWAP 反复争夺; active_raw: 尾盘站在日内 VWAP 上方; active_raw: 分时有急拉急杀波动; support: D1 未跌破前一日低点; support: D1 收盘站上日 VWAP; support: D1 收盘位置较强; support: D1 分时主动修复到 VWAP 上方; theme: 所属行业/题材涨停家数较多: 专用设备 12 家; factor: active_cooling_score=30.00; factor: trend_hold_score=95.00; factor: entry_width_score=90.00; factor: low_absorb_width_pct=0.00; factor: invalid_distance_pct=9.49; factor: d1_low_ma10_pct=17.50; factor: d1_close_ma10_pct=29.83; factor: d1_close_vwap_pct=3.08,"{""d1_low"": 14.3, ""d1_open"": 15.25, ""d1_close"": 15.8, ""d1_vwap"": 15.327944492244272, ""prev_close"": 15.43, ""ma5"": 13.919999999999998, ""ma10"": 12.17, ""d1_intraday_vwap"": 15.32793544906694, ""d1_first_5m_low"": 14.3, ""low_absorb_min"": 14.3, ""low_absorb_max"": 14.3, ""invalid_price"": 14.3}",71.08329499999999,1
2026-06-09,002931,锋龙股份,2026-06-08,1.0,1.0,D2_LOW_ABSORB,True,True,76.25,78.0,88.0,50.0,91.0,70.0,95.0,65.0,12.8057,18.7129,2.1783,2.993082049633622,2.993082049633622,A,65.31,67.26478188661572,65.31,68.73,True,13,9.704641350210965,0.2182453077258728,-2.1533537028953886,9.704641350210965,-5.601629564964361,-8.322421067947051,9.704641350210965,-4.845045831514616,-8.322421067947051,21.6644842135894,4.699548959697353,-8.322421067947051,True,False,graph: 近 10 日高点保持抬高; graph: 近 10 日低点没有明显下移; graph: D1 收盘位置强; active_raw: D1 成交额显著放大; active_raw: D1 有一定振幅; active_raw: 分时围绕 VWAP 反复争夺; active_raw: 尾盘站在日内 VWAP 上方; support: D1 未跌破前一日低点; support: D1 收盘站上日 VWAP; support: D1 收盘位置较强; support: D1 分时主动修复到 VWAP 上方; theme: 所属行业/题材涨停家数较多: 通用设备 13 家; factor: active_cooling_score=50.00; factor: trend_hold_score=95.00; factor: entry_width_score=65.00; factor: low_absorb_width_pct=2.98; factor: invalid_distance_pct=4.98; factor: d1_low_ma10_pct=12.81; factor: d1_close_ma10_pct=18.71; factor: d1_close_vwap_pct=2.18,"{""d1_low"": 65.31, ""d1_open"": 65.31, ""d1_close"": 68.73, ""d1_vwap"": 67.25374942600365, ""prev_close"": 65.6, ""ma5"": 60.886, ""ma10"": 57.895999999999994, ""d1_intraday_vwap"": 67.26478188661572, ""d1_first_5m_low"": 65.31, ""low_absorb_min"": 65.31, ""low_absorb_max"": 67.26478188661572, ""invalid_price"": 65.31}",66.430935,2
2026-06-09,603859,能科科技,2026-06-08,1.0,1.0,D2_LOW_ABSORB,True,True,73.75,70.0,88.0,50.0,91.0,70.0,95.0,60.0,10.909,17.4761,2.3381,3.750321319641636,3.750321319641636,A,49.87,51.74028524210528,49.87,52.95,True,13,9.53729933899905,8.876298394711979,-1.2086874409820592,9.53729933899905,-2.0018885741265424,-2.0018885741265424,9.53729933899905,-2.190745986779985,-10.67044381491975,9.53729933899905,-6.232294617563749,-10.67044381491975,True,False,graph: 近 10 日高点保持抬高; graph: 近 10 日低点下移; graph: 均线多头排列; graph: D1 收盘位置强; active_raw: D1 成交额显著放大; active_raw: D1 有一定振幅; active_raw: 分时围绕 VWAP 反复争夺; active_raw: 尾盘站在日内 VWAP 上方; support: D1 未跌破前一日低点; support: D1 收盘站上日 VWAP; support: D1 收盘位置较强; support: D1 分时主动修复到 VWAP 上方; theme: 所属行业/题材涨停家数较多: IT服务Ⅱ 6 家; factor: active_cooling_score=50.00; factor: trend_hold_score=95.00; factor: entry_width_score=60.00; factor: low_absorb_width_pct=3.75; factor: invalid_distance_pct=5.82; factor: d1_low_ma10_pct=10.91; factor: d1_close_ma10_pct=17.48; factor: d1_close_vwap_pct=2.34,"{""d1_low"": 49.99, ""d1_open"": 51.0, ""d1_close"": 52.95, ""d1_vwap"": 51.74028524210528, ""prev_close"": 49.87, ""ma5"": 46.396, ""ma10"": 45.073, ""d1_intraday_vwap"": 51.74027441897397, ""d1_first_5m_low"": 50.58, ""low_absorb_min"": 49.87, ""low_absorb_max"": 51.74028524210528, ""invalid_price"": 49.87}",64.22407,3
2026-06-10,603186,华正新材,2026-06-09,1.0,2.0,D2_LOW_ABSORB,True,True,85.75,90.0,84.0,70.0,91.0,70.0,95.0,90.0,15.4577,23.6495,1.3393,0.0,0.0,A,152.5,152.5,152.5,163.32,True,12,6.796473181484197,4.322801861376435,-2.638990938035757,14.756306637276516,4.273818270879271,-2.638990938035757,26.16948322312027,26.16948322312027,-2.638990938035757,57.97207935341662,53.34313005143279,-2.638990938035757,True,True,graph: 近 10 日高点保持抬高; graph: 近 10 日低点没有明显下移; graph: 均线多头排列; graph: D1 收盘位置强; active_raw: D1 成交额温和放大; active_raw: D1 振幅明显放大; active_raw: 分时围绕 VWAP 反复争夺; active_raw: 尾盘站在日内 VWAP 上方; support: D1 未跌破前一日低点; support: D1 收盘站上日 VWAP; support: D1 收盘位置较强; support: D1 分时主动修复到 VWAP 上方; theme: 所属行业/题材涨停家数较多: 元件 11 家; factor: active_cooling_score=70.00; factor: trend_hold_score=95.00; factor: entry_width_score=90.00; factor: low_absorb_width_pct=0.00; factor: invalid_distance_pct=6.63; factor: d1_low_ma10_pct=15.46; factor: d1_close_ma10_pct=23.65; factor: d1_close_vwap_pct=1.34,"{""d1_low"": 152.5, ""d1_open"": 152.5, ""d1_close"": 163.32, ""d1_vwap"": 161.16192372360058, ""prev_close"": 149.63, ""ma5"": 139.24200000000002, ""ma10"": 132.083, ""d1_intraday_vwap"": 161.1615745110881, ""d1_first_5m_low"": 152.5, ""low_absorb_min"": 152.5, ""low_absorb_max"": 152.5, ""invalid_price"": 152.5}",72.34105500000001,1
2026-06-10,000608,阳光股份,2026-06-09,1.0,1.0,D2_LOW_ABSORB,True,True,77.75,90.0,92.0,30.0,91.0,70.0,95.0,90.0,14.5183,31.3648,1.4479,1.1570247933884392,1.1570247933884392,A,6.05,6.12,6.05,6.94,True,12,1.5850144092218963,-9.942363112391938,-9.942363112391938,1.5850144092218963,-7.20461095100865,-14.841498559077817,3.31412103746398,3.170028818443793,-14.841498559077817,17.291066282420744,6.484149855907773,-14.841498559077817,False,False,graph: 近 10 日高点保持抬高; graph: 近 10 日低点没有明显下移; graph: 均线多头排列; graph: D1 收盘位置强; active_raw: D1 成交额显著放大; active_raw: D1 振幅明显放大; active_raw: 尾盘站在日内 VWAP 上方; active_raw: 分时有急拉急杀波动; support: D1 未跌破前一日低点; support: D1 收盘站上日 VWAP; support: D1 收盘位置较强; support: D1 分时主动修复到 VWAP 上方; theme: 所属行业/题材涨停家数较多: 房地产开 8 家; factor: active_cooling_score=30.00; factor: trend_hold_score=95.00; factor: entry_width_score=90.00; factor: low_absorb_width_pct=1.09; factor: invalid_distance_pct=12.82; factor: d1_low_ma10_pct=14.52; factor: d1_close_ma10_pct=31.36; factor: d1_close_vwap_pct=1.45,"{""d1_low"": 6.05, ""d1_open"": 6.12, ""d1_close"": 6.94, ""d1_vwap"": 6.834830055387246, ""prev_close"": 6.4, ""ma5"": 5.9399999999999995, ""ma10"": 5.2829999999999995, ""d1_intraday_vwap"": 6.840951435369697, ""d1_first_5m_low"": 6.05, ""low_absorb_min"": 6.05, ""low_absorb_max"": 6.12, ""invalid_price"": 6.05}",70.94320499999999,2
2026-06-10,600487,亨通光电,2026-06-09,1.0,1.0,D2_LOW_ABSORB,True,True,85.25,72.0,58.0,90.0,61.0,70.0,95.0,90.0,16.1422,18.8784,0.3964,1.951709914876432,1.951709914876432,B,104.42,106.45797549311396,104.42,106.88,True,12,1.0479041916167775,-4.191616766467055,-8.308383233532934,1.0479041916167775,-9.244011976047906,-9.244011976047906,1.66541916167664,0.5800898203592864,-13.098802395209583,17.10329341317365,11.358532934131738,-13.098802395209583,False,False,graph: 近 10 日高点保持抬高; graph: 近 10 日低点没有明显下移; graph: 均线多头排列; graph: 近期上影线压力偏重; active_raw: D1 成交额放大不足; active_raw: D1 有一定振幅; active_raw: 分时围绕 VWAP 反复争夺; active_raw: 尾盘站在日内 VWAP 上方; support: D1 未跌破前一日低点; support: D1 收盘站上日 VWAP; support: D1 多数时间压在 VWAP 下方; theme: 所属行业/题材涨停家数较多: 通信设备 5 家; factor: active_cooling_score=90.00; factor: trend_hold_score=95.00; factor: entry_width_score=90.00; factor: low_absorb_width_pct=1.94; factor: invalid_distance_pct=2.30; factor: d1_low_ma10_pct=16.14; factor: d1_close_ma10_pct=18.88; factor: d1_close_vwap_pct=0.40,"{""d1_low"": 104.42, ""d1_open"": 106.0, ""d1_close"": 106.88, ""d1_vwap"": 106.45797549311396, ""prev_close"": 105.02, ""ma5"": 100.272, ""ma10"": 89.90700000000001, ""d1_intraday_vwap"": 106.45795100153389, ""d1_first_5m_low"": 106.0, ""low_absorb_min"": 104.42, ""low_absorb_max"": 106.45797549311396, ""invalid_price"": 104.42}",67.11451,3
2026-06-11,002636,金安国纪,2026-06-10,1.0,3.0,D2_LOW_ABSORB,True,True,76.0,90.0,92.0,30.0,91.0,70.0,90.0,90.0,26.0253,38.0029,2.7241,0.0258331180573501,0.0258331180573501,A,77.42,77.44,77.42,84.8,True,11,10.000000000000009,5.990566037735845,2.5000000000000133,15.566037735849058,14.787735849056617,2.5000000000000133,21.344339622641527,12.865566037735851,2.5000000000000133,41.50943396226416,33.242924528301884,2.5000000000000133,True,True,graph: 近 10 日高点保持抬高; graph: 近 10 日低点没有明显下移; graph: 均线多头排列; graph: D1 收盘位置强; active_raw: D1 成交额显著放大; active_raw: D1 振幅明显放大; active_raw: 尾盘站在日内 VWAP 上方; active_raw: 分时有急拉急杀波动; support: D1 未跌破前一日低点; support: D1 收盘站上日 VWAP; support: D1 收盘位置较强; support: D1 分时主动修复到 VWAP 上方; theme: 所属行业/题材涨停家数较多: 元件 13 家; factor: active_cooling_score=30.00; factor: trend_hold_score=90.00; factor: entry_width_score=90.00; factor: low_absorb_width_pct=0.03; factor: invalid_distance_pct=8.70; factor: d1_low_ma10_pct=26.03; factor: d1_close_ma10_pct=38.00; factor: d1_close_vwap_pct=2.72,"{""d1_low"": 77.44, ""d1_open"": 77.44, ""d1_close"": 84.8, ""d1_vwap"": 82.3189236242969, ""prev_close"": 77.42, ""ma5"": 70.94800000000001, ""ma10"": 61.448, ""d1_intraday_vwap"": 82.55118657462002, ""d1_first_5m_low"": 77.44, ""low_absorb_min"": 77.42, ""low_absorb_max"": 77.44, ""invalid_price"": 77.42}",72.384375,1
2026-06-11,603186,华正新材,2026-06-09,2.0,2.0,D2_LOW_ABSORB,True,True,82.75,90.0,82.0,70.0,91.0,70.0,95.0,60.0,16.9974,25.3633,1.6885,4.40223885290234,4.40223885290234,A,159.01,166.01,159.01,170.38,True,11,10.001173846695613,-0.0469538678248504,-0.1936847047775414,10.001173846695613,9.948350745392665,-0.1936847047775414,33.037915248268575,33.037915248268575,-0.1936847047775414,58.393003873694106,54.24345580467191,-0.1936847047775414,True,True,graph: 近 10 日高点保持抬高; graph: 近 10 日低点没有明显下移; graph: 均线多头排列; graph: D1 收盘位置强; active_raw: D1 成交额温和放大; active_raw: D1 振幅明显放大; active_raw: 尾盘站在日内 VWAP 上方; active_raw: 分时有急拉急杀波动; support: D1 未跌破前一日低点; support: D1 收盘站上日 VWAP; support: D1 收盘位置较强; support: D1 分时主动修复到 VWAP 上方; theme: 所属行业/题材涨停家数较多: 元件 13 家; factor: active_cooling_score=70.00; factor: trend_hold_score=95.00; factor: entry_width_score=60.00; factor: low_absorb_width_pct=4.29; factor: invalid_distance_pct=6.67; factor: d1_low_ma10_pct=17.00; factor: d1_close_ma10_pct=25.36; factor: d1_close_vwap_pct=1.69,"{""d1_low"": 159.01, ""d1_open"": 166.01, ""d1_close"": 170.38, ""d1_vwap"": 167.5509128205384, ""prev_close"": 163.32, ""ma5"": 148.60399999999998, ""ma10"": 135.909, ""d1_intraday_vwap"": 167.550963748915, ""d1_first_5m_low"": 159.8, ""low_absorb_min"": 159.01, ""low_absorb_max"": 166.01, ""invalid_price"": 159.01}",71.86477,2
2026-06-11,603823,百合花,2026-06-10,1.0,2.0,D2_LOW_ABSORB,True,True,76.0,90.0,92.0,30.0,91.0,70.0,90.0,90.0,22.5521,34.6494,2.48,0.0257731958763107,0.0257731958763107,A,38.8,38.81,38.8,42.63,True,11,3.847056063804843,0.891391039174283,-8.374384236453203,9.711470795214638,3.565564156697154,-8.374384236453203,13.15974665728361,9.969505043396666,-8.374384236453203,32.91109547267182,25.96762843068261,-8.374384236453203,True,False,graph: 近 10 日高点保持抬高; graph: 近 10 日低点没有明显下移; graph: 均线多头排列; graph: D1 收盘位置强; active_raw: D1 成交额温和放大; active_raw: D1 振幅明显放大; active_raw: 分时围绕 VWAP 反复争夺; active_raw: 尾盘站在日内 VWAP 上方; active_raw: 分时有急拉急杀波动; support: D1 未跌破前一日低点; support: D1 收盘站上日 VWAP; support: D1 收盘位置较强; support: D1 分时主动修复到 VWAP 上方; theme: 所属行业/题材涨停家数较多: 化学制品 25 家; factor: active_cooling_score=30.00; factor: trend_hold_score=90.00; factor: entry_width_score=90.00; factor: low_absorb_width_pct=0.03; factor: invalid_distance_pct=8.98; factor: d1_low_ma10_pct=22.55; factor: d1_close_ma10_pct=34.65; factor: d1_close_vwap_pct=2.48,"{""d1_low"": 38.8, ""d1_open"": 40.9, ""d1_close"": 42.63, ""d1_vwap"": 41.59838933042641, ""prev_close"": 38.81, ""ma5"": 35.784000000000006, ""ma10"": 31.660000000000004, ""d1_intraday_vwap"": 41.59837560471523, ""d1_first_5m_low"": 38.8, ""low_absorb_min"": 38.8, ""low_absorb_max"": 38.81, ""invalid_price"": 38.8}",71.19269499999999,3
2026-06-12,002636,金安国纪,2026-06-10,2.0,3.0,D2_LOW_ABSORB,True,True,75.0,82.0,86.0,50.0,79.0,70.0,90.0,60.0,33.5484,38.0963,0.057,3.531983433041863,3.531983433041863,A,86.92,89.99,86.92,89.88,True,10,9.0342679127726,8.299955496217182,0.3115264797507899,14.485981308411231,12.917222963951946,0.3115264797507899,17.133956386292848,16.165999109924357,0.3115264797507899,33.511348464619495,24.755229194481544,0.3115264797507899,True,True,graph: 近 10 日高点保持抬高; graph: 近 10 日低点没有明显下移; graph: 均线多头排列; active_raw: D1 成交额温和放大; active_raw: D1 有一定振幅; active_raw: 分时围绕 VWAP 反复争夺; active_raw: 尾盘站在日内 VWAP 上方; active_raw: 分时有急拉急杀波动; support: D1 未跌破前一日低点; support: D1 收盘站上日 VWAP; support: D1 分时主动修复到 VWAP 上方; theme: 所属行业/题材涨停家数较多: 元件 15 家; factor: active_cooling_score=50.00; factor: trend_hold_score=90.00; factor: entry_width_score=60.00; factor: low_absorb_width_pct=3.62; factor: invalid_distance_pct=3.29; factor: d1_low_ma10_pct=33.55; factor: d1_close_ma10_pct=38.10; factor: d1_close_vwap_pct=0.06,"{""d1_low"": 86.92, ""d1_open"": 89.99, ""d1_close"": 89.88, ""d1_vwap"": 89.46967803866566, ""prev_close"": 84.8, ""ma5"": 77.292, ""ma10"": 65.085, ""d1_intraday_vwap"": 89.82880717353952, ""d1_first_5m_low"": 86.92, ""low_absorb_min"": 86.92, ""low_absorb_max"": 89.99, ""invalid_price"": 86.92}",71.42151999999999,1
2026-06-12,603823,百合花,2026-06-10,2.0,2.0,D2_LOW_ABSORB,True,True,74.75,90.0,92.0,30.0,91.0,70.0,95.0,60.0,16.9146,28.7378,3.2051,4.019457245263691,4.019457245263691,A,39.06,40.63,39.06,43.01,True,10,8.742152987677287,2.650546384561725,-4.6733317833062005,8.742152987677287,3.115554522204156,-4.6733317833062005,13.345733550337147,8.60265054638456,-4.6733317833062005,32.62032085561497,28.15624273424784,-4.6733317833062005,True,False,graph: 近 10 日高点保持抬高; graph: 近 10 日低点没有明显下移; graph: 均线多头排列; graph: D1 收盘位置强; active_raw: D1 成交额温和放大; active_raw: D1 振幅明显放大; active_raw: 分时围绕 VWAP 反复争夺; active_raw: 尾盘站在日内 VWAP 上方; active_raw: 分时有急拉急杀波动; support: D1 未跌破前一日低点; support: D1 收盘站上日 VWAP; support: D1 收盘位置较强; support: D1 分时主动修复到 VWAP 上方; theme: 所属行业/题材涨停家数较多: 化学制品 31 家; factor: active_cooling_score=30.00; factor: trend_hold_score=95.00; factor: entry_width_score=60.00; factor: low_absorb_width_pct=3.68; factor: invalid_distance_pct=9.18; factor: d1_low_ma10_pct=16.91; factor: d1_close_ma10_pct=28.74; factor: d1_close_vwap_pct=3.21,"{""d1_low"": 39.06, ""d1_open"": 40.63, ""d1_close"": 43.01, ""d1_vwap"": 41.67430012192336, ""prev_close"": 42.63, ""ma5"": 38.462, ""ma10"": 33.409000000000006, ""d1_intraday_vwap"": 41.67428854641537, ""d1_first_5m_low"": 39.06, ""low_absorb_min"": 39.06, ""low_absorb_max"": 40.63, ""invalid_price"": 39.06}",69.72725,2
2026-06-12,600500,中化国际,2026-06-11,1.0,3.0,D2_LOW_ABSORB,True,True,76.75,70.0,88.0,50.0,91.0,70.0,95.0,90.0,19.891,27.1037,0.3273,0.0,0.0,A,7.48,7.48,7.48,7.93,True,10,7.061790668348045,3.90920554854981,-8.575031525851195,14.24968474148802,14.24968474148802,-8.575031525851195,24.211853720050435,11.349306431273654,-8.575031525851195,24.211853720050435,12.484237074401005,-8.575031525851195,True,True,graph: 近 10 日高点保持抬高; graph: 近 10 日低点下移; graph: 均线多头排列; graph: D1 收盘位置强; active_raw: D1 成交额显著放大; active_raw: D1 有一定振幅; active_raw: 分时围绕 VWAP 反复争夺; active_raw: 尾盘站在日内 VWAP 上方; support: D1 未跌破前一日低点; support: D1 收盘站上日 VWAP; support: D1 收盘位置较强; support: D1 分时主动修复到 VWAP 上方; theme: 所属行业/题材涨停家数较多: 化学制品 31 家; factor: active_cooling_score=50.00; factor: trend_hold_score=95.00; factor: entry_width_score=90.00; factor: low_absorb_width_pct=0.00; factor: invalid_distance_pct=5.67; factor: d1_low_ma10_pct=19.89; factor: d1_close_ma10_pct=27.10; factor: d1_close_vwap_pct=0.33,"{""d1_low"": 7.48, ""d1_open"": 7.9, ""d1_close"": 7.93, ""d1_vwap"": 7.904130196646828, ""prev_close"": 7.21, ""ma5"": 6.609999999999999, ""ma10"": 6.239, ""d1_intraday_vwap"": 7.904130073528088, ""d1_first_5m_low"": 7.48, ""low_absorb_min"": 7.48, ""low_absorb_max"": 7.48, ""invalid_price"": 7.48}",68.54688999999999,3
2026-06-15,001696,宗申动力,2026-06-12,3.0,2.0,D2_LOW_ABSORB,True,True,74.75,90.0,94.0,30.0,89.0,70.0,95.0,60.0,18.9024,29.0086,1.9551,4.700854700854706,4.700854700854706,A,21.06,22.05,21.06,22.85,True,9,4.59518599562363,3.71991247264769,-4.85776805251642,6.652078774617065,5.995623632385105,-4.85776805251642,10.109409190371975,5.164113785557989,-4.85776805251642,12.647702407002171,-3.413566739606133,-10.240700218818375,False,False,graph: 近 10 日高点保持抬高; graph: 近 10 日低点没有明显下移; graph: 均线多头排列; graph: D1 收盘位置强; active_raw: D1 成交额显著放大; active_raw: D1 振幅明显放大; active_raw: 分时围绕 VWAP 反复争夺; active_raw: 尾盘站在日内 VWAP 上方; support: D1 跌破前低后收回; support: D1 收盘站上日 VWAP; support: D1 收盘位置较强; support: D1 分时主动修复到 VWAP 上方; theme: 所属行业/题材涨停家数较多: 通用设备 6 家; factor: active_cooling_score=30.00; factor: trend_hold_score=95.00; factor: entry_width_score=60.00; factor: low_absorb_width_pct=4.33; factor: invalid_distance_pct=7.83; factor: d1_low_ma10_pct=18.90; factor: d1_close_ma10_pct=29.01; factor: d1_close_vwap_pct=1.96,"{""d1_low"": 21.06, ""d1_open"": 22.05, ""d1_close"": 22.85, ""d1_vwap"": 22.407554370205183, ""prev_close"": 22.84, ""ma5"": 20.650000000000002, ""ma10"": 17.712, ""d1_intraday_vwap"": 22.41181540553779, ""d1_first_5m_low"": 21.06, ""low_absorb_min"": 21.06, ""low_absorb_max"": 22.05, ""invalid_price"": 21.06}",69.91958,1
2026-06-15,002971,和远气体,2026-06-12,3.0,2.0,D2_LOW_ABSORB,True,True,77.25,82.0,82.0,70.0,77.0,70.0,95.0,25.0,17.7492,28.0069,3.625,5.7385522203311945,5.7385522203311945,A,51.82000000000001,54.79371776057563,51.82000000000001,56.78,True,9,9.897851356111298,4.332511447692844,0.1408946812257783,11.623811201127165,7.872490313490665,-1.549841493483628,29.006692497358237,28.17893624515675,-1.549841493483628,33.356815780204286,12.50440295878832,-1.549841493483628,True,True,graph: 近 10 日高点保持抬高; graph: 近 10 日低点没有明显下移; graph: 均线多头排列; active_raw: D1 成交额温和放大; active_raw: D1 振幅明显放大; active_raw: 尾盘站在日内 VWAP 上方; active_raw: 分时有急拉急杀波动; support: D1 跌破前低后收回; support: D1 收盘站上日 VWAP; support: D1 分时主动修复到 VWAP 上方; theme: 所属行业/题材涨停家数较多: 化学制品 16 家; factor: active_cooling_score=70.00; factor: trend_hold_score=95.00; factor: entry_width_score=25.00; factor: low_absorb_width_pct=5.12; factor: invalid_distance_pct=8.74; factor: d1_low_ma10_pct=17.75; factor: d1_close_ma10_pct=28.01; factor: d1_close_vwap_pct=3.63,"{""d1_low"": 52.23, ""d1_open"": 55.76, ""d1_close"": 56.78, ""d1_vwap"": 54.78977159311757, ""prev_close"": 58.03, ""ma5"": 51.82000000000001, ""ma10"": 44.357, ""d1_intraday_vwap"": 54.79371776057563, ""d1_first_5m_low"": 53.0, ""low_absorb_min"": 51.82000000000001, ""low_absorb_max"": 54.79371776057563, ""invalid_price"": 51.82000000000001}",68.66126,2
2026-06-15,002203,海亮股份,2026-06-12,3.0,2.0,D2_LOW_ABSORB,True,True,74.75,90.0,92.0,30.0,89.0,70.0,95.0,60.0,10.1861,21.4006,2.1061,4.177777777777791,4.177777777777791,A,22.5,23.44,22.5,24.79,True,9,1.653892698668824,-1.1698265429608723,-3.186768858410649,1.653892698668824,-6.413876563130295,-7.220653489310203,8.874546187979027,6.091165792658337,-8.269463493344098,8.874546187979027,-12.424364663170628,-14.88503428801935,False,False,graph: 近 10 日高点保持抬高; graph: 近 10 日低点没有明显下移; graph: 均线多头排列; graph: D1 收盘位置强; active_raw: D1 成交额显著放大; active_raw: D1 振幅明显放大; active_raw: 尾盘站在日内 VWAP 上方; active_raw: 分时有急拉急杀波动; support: D1 跌破前低后收回; support: D1 收盘站上日 VWAP; support: D1 收盘位置较强; support: D1 分时主动修复到 VWAP 上方; theme: 所属行业/题材涨停家数较多: 工业金属 16 家; factor: active_cooling_score=30.00; factor: trend_hold_score=95.00; factor: entry_width_score=60.00; factor: low_absorb_width_pct=4.01; factor: invalid_distance_pct=9.24; factor: d1_low_ma10_pct=10.19; factor: d1_close_ma10_pct=21.40; factor: d1_close_vwap_pct=2.11,"{""d1_low"": 22.5, ""d1_open"": 23.0, ""d1_close"": 24.79, ""d1_vwap"": 24.277569848575453, ""prev_close"": 23.44, ""ma5"": 21.554, ""ma10"": 20.419999999999998, ""d1_intraday_vwap"": 24.27866137720105, ""d1_first_5m_low"": 22.5, ""low_absorb_min"": 22.5, ""low_absorb_max"": 23.44, ""invalid_price"": 22.5}",67.09053499999999,3
2026-06-16,002913,奥士康,2026-06-15,1.0,1.0,D2_LOW_ABSORB,True,True,86.25,90.0,74.0,85.0,91.0,70.0,95.0,65.0,10.6415,19.3296,2.4564,2.7540983606557434,2.7540983606557434,A,61.0,62.68,61.0,65.79,True,8,6.049551603587156,2.8727770177838563,-1.200790393676865,7.402340781273731,6.44474844201246,-1.200790393676865,7.402340781273731,2.127982976136167,-1.383188934488544,7.402340781273731,-6.0647514819881625,-9.393524851801194,True,False,graph: 近 10 日高点保持抬高; graph: 近 10 日低点没有明显下移; graph: 均线多头排列; graph: D1 收盘位置强; active_raw: D1 成交额温和放大; active_raw: D1 振幅明显放大; active_raw: 尾盘站在日内 VWAP 上方; support: D1 未跌破前一日低点; support: D1 收盘站上日 VWAP; support: D1 收盘位置较强; support: D1 分时主动修复到 VWAP 上方; theme: 所属行业/题材涨停家数较多: 元件 23 家; factor: active_cooling_score=85.00; factor: trend_hold_score=95.00; factor: entry_width_score=65.00; factor: low_absorb_width_pct=2.73; factor: invalid_distance_pct=7.28; factor: d1_low_ma10_pct=10.64; factor: d1_close_ma10_pct=19.33; factor: d1_close_vwap_pct=2.46,"{""d1_low"": 61.0, ""d1_open"": 62.68, ""d1_close"": 65.79, ""d1_vwap"": 64.18955077972143, ""prev_close"": 61.58, ""ma5"": 57.674, ""ma10"": 55.133, ""d1_intraday_vwap"": 64.21270597586565, ""d1_first_5m_low"": 61.23, ""low_absorb_min"": 61.0, ""low_absorb_max"": 62.68, ""invalid_price"": 61.0}",70.929645,1
2026-06-16,600176,中国巨石,2026-06-15,1.0,1.0,D2_LOW_ABSORB,True,True,83.25,90.0,82.0,70.0,91.0,70.0,95.0,65.0,13.4682,22.447,1.9972,2.5562595586628767,2.5562595586628767,A,45.77,46.94,45.77,49.64,True,8,9.991941982272357,9.991941982272357,-1.2892828364222453,10.777598710717172,7.775987107171645,-1.2892828364222453,26.10797743755036,18.714746172441576,-1.2892828364222453,55.51974214343272,41.19661563255439,-1.2892828364222453,True,True,graph: 近 10 日高点保持抬高; graph: 近 10 日低点没有明显下移; graph: 均线多头排列; graph: D1 收盘位置强; active_raw: D1 成交额温和放大; active_raw: D1 振幅明显放大; active_raw: 尾盘站在日内 VWAP 上方; active_raw: 分时有急拉急杀波动; support: D1 未跌破前一日低点; support: D1 收盘站上日 VWAP; support: D1 收盘位置较强; support: D1 分时主动修复到 VWAP 上方; theme: 所属行业/题材涨停家数较多: 玻璃玻纤 11 家; factor: active_cooling_score=70.00; factor: trend_hold_score=95.00; factor: entry_width_score=65.00; factor: low_absorb_width_pct=2.56; factor: invalid_distance_pct=7.80; factor: d1_low_ma10_pct=13.47; factor: d1_close_ma10_pct=22.45; factor: d1_close_vwap_pct=2.00,"{""d1_low"": 46.0, ""d1_open"": 46.94, ""d1_close"": 49.64, ""d1_vwap"": 48.668002236146684, ""prev_close"": 45.77, ""ma5"": 43.492000000000004, ""ma10"": 40.54, ""d1_intraday_vwap"": 48.66799579306539, ""d1_first_5m_low"": 46.0, ""low_absorb_min"": 45.77, ""low_absorb_max"": 46.94, ""invalid_price"": 45.77}",70.92713,2
2026-06-16,600226,亨通股份,2026-06-15,1.0,1.0,D2_LOW_ABSORB,True,True,85.75,90.0,68.0,90.0,91.0,60.0,95.0,60.0,12.0456,18.6923,1.8323,4.152216504557349,4.152216504557349,A,8.25,8.59255786162598,8.25,8.75,True,8,4.800000000000004,1.3714285714285568,-2.0571428571428574,11.542857142857144,11.542857142857144,-2.0571428571428574,23.08571428571429,18.514285714285705,-2.0571428571428574,37.02857142857143,10.171428571428589,-2.0571428571428574,True,True,graph: 近 10 日高点保持抬高; graph: 近 10 日低点没有明显下移; graph: 均线多头排列; graph: D1 收盘位置强; active_raw: D1 成交额温和放大; active_raw: D1 有一定振幅; active_raw: 尾盘站在日内 VWAP 上方; support: D1 未跌破前一日低点; support: D1 收盘站上日 VWAP; support: D1 收盘位置较强; support: D1 分时主动修复到 VWAP 上方; theme: 所属行业/题材有联动: 电力 4 家; factor: active_cooling_score=90.00; factor: trend_hold_score=95.00; factor: entry_width_score=60.00; factor: low_absorb_width_pct=4.15; factor: invalid_distance_pct=5.71; factor: d1_low_ma10_pct=12.05; factor: d1_close_ma10_pct=18.69; factor: d1_close_vwap_pct=1.83,"{""d1_low"": 8.26, ""d1_open"": 8.35, ""d1_close"": 8.75, ""d1_vwap"": 8.59255786162598, ""prev_close"": 8.25, ""ma5"": 7.958, ""ma10"": 7.372, ""d1_intraday_vwap"": 8.592557339466628, ""d1_first_5m_low"": 8.31, ""low_absorb_min"": 8.25, ""low_absorb_max"": 8.59255786162598, ""invalid_price"": 8.25}",70.8378,3
2026-06-17,002436,兴森科技,2026-06-16,1.0,1.0,D2_LOW_ABSORB,True,True,88.75,90.0,78.0,85.0,91.0,70.0,95.0,90.0,13.1644,20.179,0.819,0.0,0.0,A,45.01,45.01,45.01,47.8,True,7,10.000000000000009,8.912133891213392,-4.6443514644351485,15.062761506276168,11.506276150627626,-4.6443514644351485,15.062761506276168,5.083682008368196,-4.6443514644351485,15.062761506276168,1.2133891213389258,-4.6443514644351485,True,True,graph: 近 10 日高点保持抬高; graph: 近 10 日低点没有明显下移; graph: 均线多头排列; graph: D1 收盘位置强; active_raw: D1 成交额温和放大; active_raw: D1 有一定振幅; active_raw: 分时围绕 VWAP 反复争夺; active_raw: 尾盘站在日内 VWAP 上方; support: D1 未跌破前一日低点; support: D1 收盘站上日 VWAP; support: D1 收盘位置较强; support: D1 分时主动修复到 VWAP 上方; theme: 所属行业/题材涨停家数较多: 元件 30 家; factor: active_cooling_score=85.00; factor: trend_hold_score=95.00; factor: entry_width_score=90.00; factor: low_absorb_width_pct=0.00; factor: invalid_distance_pct=5.84; factor: d1_low_ma10_pct=13.16; factor: d1_close_ma10_pct=20.18; factor: d1_close_vwap_pct=0.82,"{""d1_low"": 45.01, ""d1_open"": 45.01, ""d1_close"": 47.8, ""d1_vwap"": 47.390591367209616, ""prev_close"": 44.1, ""ma5"": 41.308, ""ma10"": 39.774, ""d1_intraday_vwap"": 47.411691182138334, ""d1_first_5m_low"": 45.01, ""low_absorb_min"": 45.01, ""low_absorb_max"": 45.01, ""invalid_price"": 45.01}",72.35296,1
2026-06-17,003036,泰坦股份,2026-06-15,2.0,1.0,D2_LOW_ABSORB,True,True,87.25,90.0,54.0,90.0,91.0,70.0,95.0,65.0,12.3425,23.2838,3.9662,2.8484658079380054,2.8484658079380054,A,95.49,98.21,95.49,104.79,True,7,-1.4409771924802084,-5.716194293348609,-9.953239812959255,-1.4409771924802084,-7.59614467029297,-15.077774596812688,-1.4409771924802084,-14.467029296688628,-17.37761236759233,-1.4409771924802084,-12.682507872888635,-19.35299169768108,False,False,graph: 近 10 日高点保持抬高; graph: 近 10 日低点没有明显下移; graph: 均线多头排列; graph: D1 收盘位置强; active_raw: D1 成交额放大不足; active_raw: D1 振幅明显放大; active_raw: 尾盘站在日内 VWAP 上方; support: D1 未跌破前一日低点; support: D1 收盘站上日 VWAP; support: D1 收盘位置较强; support: D1 分时主动修复到 VWAP 上方; theme: 所属行业/题材涨停家数较多: 专用设备 15 家; factor: active_cooling_score=90.00; factor: trend_hold_score=95.00; factor: entry_width_score=65.00; factor: low_absorb_width_pct=2.77; factor: invalid_distance_pct=8.87; factor: d1_low_ma10_pct=12.34; factor: d1_close_ma10_pct=23.28; factor: d1_close_vwap_pct=3.97,"{""d1_low"": 95.49, ""d1_open"": 97.32, ""d1_close"": 104.79, ""d1_vwap"": 100.70010177131223, ""prev_close"": 98.21, ""ma5"": 91.14599999999999, ""ma10"": 84.999, ""d1_intraday_vwap"": 100.79234581054915, ""d1_first_5m_low"": 97.22, ""low_absorb_min"": 95.49, ""low_absorb_max"": 98.21, ""invalid_price"": 95.49}",72.32563499999999,2
2026-06-17,001359,平安电工,2026-06-15,2.0,1.0,D2_LOW_ABSORB,True,True,86.25,90.0,74.0,85.0,91.0,70.0,95.0,65.0,12.6286,23.3442,1.6538,2.9424234715509145,2.9424234715509145,A,117.93,121.4,117.93,129.15,True,7,3.561749903213318,2.361595044521869,-3.739837398373991,12.597754548974049,12.597754548974049,-3.739837398373991,12.597754548974049,-0.0929152148664402,-13.201703445605894,12.597754548974049,-9.454123112659708,-13.201703445605894,True,True,graph: 近 10 日高点保持抬高; graph: 近 10 日低点没有明显下移; graph: 均线多头排列; graph: D1 收盘位置强; active_raw: D1 成交额温和放大; active_raw: D1 振幅明显放大; active_raw: 尾盘站在日内 VWAP 上方; support: D1 未跌破前一日低点; support: D1 收盘站上日 VWAP; support: D1 收盘位置较强; support: D1 分时主动修复到 VWAP 上方; theme: 所属行业/题材涨停家数较多: 塑料 6 家; factor: active_cooling_score=85.00; factor: trend_hold_score=95.00; factor: entry_width_score=65.00; factor: low_absorb_width_pct=2.86; factor: invalid_distance_pct=8.69; factor: d1_low_ma10_pct=12.63; factor: d1_close_ma10_pct=23.34; factor: d1_close_vwap_pct=1.65,"{""d1_low"": 117.93, ""d1_open"": 119.33, ""d1_close"": 129.15, ""d1_vwap"": 127.02862802372579, ""prev_close"": 121.4, ""ma5"": 114.58800000000001, ""ma10"": 104.707, ""d1_intraday_vwap"": 127.04881814462412, ""d1_first_5m_low"": 117.93, ""low_absorb_min"": 117.93, ""low_absorb_max"": 121.4, ""invalid_price"": 117.93}",72.03063,3
2026-06-18,603186,华正新材,2026-06-17,1.0,3.0,D2_LOW_ABSORB,True,True,81.0,90.0,84.0,70.0,91.0,70.0,90.0,60.0,24.8779,34.4123,3.4162,4.07960715547413,4.07960715547413,A,221.22,230.24490694933988,221.22,238.11,True,6,8.353282096510007,4.653311494687329,-3.6621729452774088,8.353282096510007,-2.734030490109618,-3.6621729452774088,13.338373020872709,10.369157112259032,-3.6621729452774088,13.338373020872709,-6.54319432195204,-6.54319432195204,True,False,graph: 近 10 日高点保持抬高; graph: 近 10 日低点没有明显下移; graph: 均线多头排列; graph: D1 收盘位置强; active_raw: D1 成交额温和放大; active_raw: D1 振幅明显放大; active_raw: 分时围绕 VWAP 反复争夺; active_raw: 尾盘站在日内 VWAP 上方; support: D1 未跌破前一日低点; support: D1 收盘站上日 VWAP; support: D1 收盘位置较强; support: D1 分时主动修复到 VWAP 上方; theme: 所属行业/题材涨停家数较多: 元件 33 家; factor: active_cooling_score=70.00; factor: trend_hold_score=90.00; factor: entry_width_score=60.00; factor: low_absorb_width_pct=3.98; factor: invalid_distance_pct=7.09; factor: d1_low_ma10_pct=24.88; factor: d1_close_ma10_pct=34.41; factor: d1_close_vwap_pct=3.42,"{""d1_low"": 221.22, ""d1_open"": 223.38, ""d1_close"": 238.11, ""d1_vwap"": 230.24490694933988, ""prev_close"": 226.67, ""ma5"": 205.69400000000002, ""ma10"": 177.149, ""d1_intraday_vwap"": 230.2444511125774, ""d1_first_5m_low"": 223.38, ""low_absorb_min"": 221.22, ""low_absorb_max"": 230.24490694933988, ""invalid_price"": 221.22}",73.244145,1
2026-06-18,002824,和胜股份,2026-06-16,2.0,2.0,D2_LOW_ABSORB,True,True,86.75,90.0,64.0,90.0,91.0,70.0,95.0,60.0,15.6639,24.6016,3.2212,4.365417844430186,4.365417844430186,A,35.2,36.73662708123943,35.2,37.92,True,6,7.48945147679323,4.694092827004215,0.896624472573837,10.522151898734156,2.1624472573839704,0.5537974683544222,10.522151898734156,3.1118143459915704,-1.0812236286919965,10.522151898734156,-8.517932489451486,-10.60126582278482,True,True,graph: 近 10 日高点保持抬高; graph: 近 10 日低点没有明显下移; graph: 均线多头排列; graph: D1 收盘位置强; active_raw: D1 成交额放大不足; active_raw: D1 振幅明显放大; active_raw: 分时围绕 VWAP 反复争夺; active_raw: 尾盘站在日内 VWAP 上方; support: D1 未跌破前一日低点; support: D1 收盘站上日 VWAP; support: D1 收盘位置较强; support: D1 分时主动修复到 VWAP 上方; theme: 所属行业/题材涨停家数较多: 工业金属 12 家; factor: active_cooling_score=90.00; factor: trend_hold_score=95.00; factor: entry_width_score=60.00; factor: low_absorb_width_pct=4.28; factor: invalid_distance_pct=7.17; factor: d1_low_ma10_pct=15.66; factor: d1_close_ma10_pct=24.60; factor: d1_close_vwap_pct=3.22,"{""d1_low"": 35.2, ""d1_open"": 35.6, ""d1_close"": 37.92, ""d1_vwap"": 36.480054426353405, ""prev_close"": 35.94, ""ma5"": 33.872, ""ma10"": 30.433, ""d1_intraday_vwap"": 36.736627081239426, ""d1_first_5m_low"": 35.2, ""low_absorb_min"": 35.2, ""low_absorb_max"": 36.736627081239426, ""invalid_price"": 35.2}",72.912405,2
2026-06-18,603986,兆易创新,2026-06-17,1.0,1.0,D2_LOW_ABSORB,True,True,88.75,90.0,74.0,85.0,91.0,70.0,95.0,90.0,13.3719,21.5666,0.5229,1.358269060132411,1.358269060132411,A,586.04,594.0,586.04,629.0,True,6,9.650238473767892,9.650238473767892,0.9538950715421324,9.650238473767892,1.9062003179650235,0.9538950715421324,23.27344992050875,23.24483306836249,0.3068362480127096,30.36565977742449,29.313195548489656,0.3068362480127096,True,False,graph: 近 10 日高点保持抬高; graph: 近 10 日低点没有明显下移; graph: 均线多头排列; graph: D1 收盘位置强; active_raw: D1 成交额温和放大; active_raw: D1 振幅明显放大; active_raw: 尾盘站在日内 VWAP 上方; support: D1 未跌破前一日低点; support: D1 收盘站上日 VWAP; support: D1 收盘位置较强; support: D1 分时主动修复到 VWAP 上方; theme: 所属行业/题材涨停家数较多: 半导体 5 家; factor: active_cooling_score=85.00; factor: trend_hold_score=95.00; factor: entry_width_score=90.00; factor: low_absorb_width_pct=1.36; factor: invalid_distance_pct=6.83; factor: d1_low_ma10_pct=13.37; factor: d1_close_ma10_pct=21.57; factor: d1_close_vwap_pct=0.52,"{""d1_low"": 586.6, ""d1_open"": 594.0, ""d1_close"": 629.0, ""d1_vwap"": 625.7281500771317, ""prev_close"": 586.04, ""ma5"": 549.454, ""ma10"": 517.412, ""d1_intraday_vwap"": 625.7279596846818, ""d1_first_5m_low"": 586.6, ""low_absorb_min"": 586.04, ""low_absorb_max"": 594.0, ""invalid_price"": 586.04}",72.66160500000001,3
2026-06-23,600353,旭光电子,2026-06-22,1.0,1.0,D2_LOW_ABSORB,True,True,70.5,90.0,100.0,30.0,89.0,60.0,90.0,45.0,29.6438,38.0754,1.8197,4.600294511923031,4.600294511923031,A,45.82,47.92785494536314,45.82,48.8,True,4,10.000000000000009,8.401639344262302,0.143442622950829,10.000000000000009,-0.1024590163934413,-2.4385245901639263,10.000000000000009,-11.516393442622942,-11.516393442622942,10.000000000000009,-11.516393442622942,-11.516393442622942,True,True,graph: 近 10 日高点保持抬高; graph: 近 10 日低点没有明显下移; graph: 均线多头排列; graph: D1 收盘位置强; active_raw: D1 成交额显著放大; active_raw: D1 振幅明显放大; active_raw: 分时围绕 VWAP 反复争夺; active_raw: 尾盘站在日内 VWAP 上方; active_raw: 分时有急拉急杀波动; support: D1 跌破前低后收回; support: D1 收盘站上日 VWAP; support: D1 收盘位置较强; support: D1 分时主动修复到 VWAP 上方; theme: 所属行业/题材有联动: 其他电子 2 家; factor: active_cooling_score=30.00; factor: trend_hold_score=90.00; factor: entry_width_score=45.00; factor: low_absorb_width_pct=4.56; factor: invalid_distance_pct=6.11; factor: d1_low_ma10_pct=29.64; factor: d1_close_ma10_pct=38.08; factor: d1_close_vwap_pct=1.82,"{""d1_low"": 45.82, ""d1_open"": 48.74, ""d1_close"": 48.8, ""d1_vwap"": 47.92784017929587, ""prev_close"": 46.21, ""ma5"": 41.986000000000004, ""ma10"": 35.342999999999996, ""d1_intraday_vwap"": 47.92785494536314, ""d1_first_5m_low"": 46.0, ""low_absorb_min"": 45.82, ""low_absorb_max"": 47.92785494536314, ""invalid_price"": 45.82}",70.85665,1
2026-06-23,002805,丰元股份,2026-06-22,1.0,1.0,D2_LOW_ABSORB,True,True,82.75,82.0,70.0,85.0,69.0,60.0,95.0,60.0,19.2672,23.2498,-0.0707,3.9367311072056266,3.9367311072056266,A,28.45,29.57,28.45,29.4,True,4,2.1088435374149617,1.39455782312925,-5.578231292517,2.1088435374149617,-0.7482993197278853,-5.578231292517,2.1088435374149617,-11.49659863945578,-14.183673469387749,2.1088435374149617,-11.49659863945578,-14.183673469387749,False,False,graph: 近 10 日高点保持抬高; graph: 近 10 日低点没有明显下移; graph: 均线多头排列; active_raw: D1 成交额温和放大; active_raw: D1 有一定振幅; active_raw: 分时围绕 VWAP 反复争夺; support: D1 未跌破前一日低点; support: D1 收盘站上日 VWAP; theme: 所属行业/题材有联动: 电池 3 家; factor: active_cooling_score=85.00; factor: trend_hold_score=95.00; factor: entry_width_score=60.00; factor: low_absorb_width_pct=3.79; factor: invalid_distance_pct=3.23; factor: d1_low_ma10_pct=19.27; factor: d1_close_ma10_pct=23.25; factor: d1_close_vwap_pct=-0.07,"{""d1_low"": 28.45, ""d1_open"": 29.45, ""d1_close"": 29.4, ""d1_vwap"": 29.391112109507258, ""prev_close"": 29.57, ""ma5"": 26.898000000000003, ""ma10"": 23.854, ""d1_intraday_vwap"": 29.420797791902835, ""d1_first_5m_low"": 28.7, ""low_absorb_min"": 28.45, ""low_absorb_max"": 29.57, ""invalid_price"": 28.45}",69.22254,2
2026-06-23,000811,冰轮环境,2026-06-22,1.0,1.0,D2_LOW_ABSORB,True,True,77.75,90.0,100.0,30.0,89.0,70.0,95.0,90.0,11.5603,25.3904,3.3822,0.5023863350916979,0.5023863350916979,A,39.81,40.01,39.81,44.97,True,4,10.006671114076047,8.405603735823885,-3.3800311318656795,19.012675116744514,19.012675116744514,-3.3800311318656795,22.904158327774084,11.096286413164336,-3.3800311318656795,22.904158327774084,11.096286413164336,-3.3800311318656795,True,True,graph: 近 10 日高点保持抬高; graph: 近 10 日低点没有明显下移; graph: 均线多头排列; graph: D1 收盘位置强; active_raw: D1 成交额显著放大; active_raw: D1 振幅明显放大; active_raw: 分时围绕 VWAP 反复争夺; active_raw: 尾盘站在日内 VWAP 上方; active_raw: 分时有急拉急杀波动; support: D1 跌破前低后收回; support: D1 收盘站上日 VWAP; support: D1 收盘位置较强; support: D1 分时主动修复到 VWAP 上方; theme: 所属行业/题材涨停家数较多: 通用设备 5 家; factor: active_cooling_score=30.00; factor: trend_hold_score=95.00; factor: entry_width_score=90.00; factor: low_absorb_width_pct=0.45; factor: invalid_distance_pct=11.47; factor: d1_low_ma10_pct=11.56; factor: d1_close_ma10_pct=25.39; factor: d1_close_vwap_pct=3.38,"{""d1_low"": 40.01, ""d1_open"": 45.13, ""d1_close"": 44.97, ""d1_vwap"": 43.45973882408327, ""prev_close"": 44.19, ""ma5"": 39.809999999999995, ""ma10"": 35.864, ""d1_intraday_vwap"": 43.49879579545411, ""d1_first_5m_low"": 42.55, ""low_absorb_min"": 39.809999999999995, ""low_absorb_max"": 40.01, ""invalid_price"": 39.809999999999995}",69.144625,3
2026-06-24,600353,旭光电子,2026-06-22,2.0,1.0,D2_LOW_ABSORB,True,True,75.0,90.0,100.0,30.0,91.0,60.0,90.0,90.0,28.5241,39.1227,2.8172,0.143442622950829,0.143442622950829,A,48.8,48.87,48.8,52.9,True,3,-1.7958412098298626,-7.844990548204156,-9.999999999999998,-1.7958412098298626,-9.30056710775048,-13.837429111531195,-1.7958412098298626,-18.3742911153119,-18.3742911153119,-1.7958412098298626,-18.3742911153119,-18.3742911153119,False,False,graph: 近 10 日高点保持抬高; graph: 近 10 日低点没有明显下移; graph: 均线多头排列; graph: D1 收盘位置强; active_raw: D1 成交额显著放大; active_raw: D1 振幅明显放大; active_raw: 分时围绕 VWAP 反复争夺; active_raw: 尾盘站在日内 VWAP 上方; active_raw: 分时有急拉急杀波动; support: D1 未跌破前一日低点; support: D1 收盘站上日 VWAP; support: D1 收盘位置较强; support: D1 分时主动修复到 VWAP 上方; theme: 所属行业/题材有联动: 其他电子 2 家; factor: active_cooling_score=30.00; factor: trend_hold_score=90.00; factor: entry_width_score=90.00; factor: low_absorb_width_pct=0.14; factor: invalid_distance_pct=7.75; factor: d1_low_ma10_pct=28.52; factor: d1_close_ma10_pct=39.12; factor: d1_close_vwap_pct=2.82,"{""d1_low"": 48.87, ""d1_open"": 48.87, ""d1_close"": 52.9, ""d1_vwap"": 51.450512262859284, ""prev_close"": 48.8, ""ma5"": 45.622, ""ma10"": 38.024, ""d1_intraday_vwap"": 51.45051379897217, ""d1_first_5m_low"": 48.87, ""low_absorb_min"": 48.8, ""low_absorb_max"": 48.87, ""invalid_price"": 48.8}",72.633155,1
2026-06-24,603663,三祥新材,2026-06-22,2.0,1.0,D2_LOW_ABSORB,True,True,85.75,90.0,72.0,85.0,91.0,70.0,95.0,60.0,14.1038,22.3669,2.6202,4.503612072672936,4.503612072672936,A,96.8,101.1594964863474,96.8,103.81,True,3,1.1463250168577188,-3.207783450534629,-7.71601965128601,1.1463250168577188,-8.939408534823235,-10.50958481841826,1.1463250168577188,-9.98940371833157,-14.266448319044413,1.1463250168577188,-9.98940371833157,-14.266448319044413,False,False,graph: 近 10 日高点保持抬高; graph: 近 10 日低点没有明显下移; graph: 均线多头排列; graph: D1 收盘位置强; active_raw: D1 成交额放大不足; active_raw: D1 振幅明显放大; active_raw: 分时围绕 VWAP 反复争夺; active_raw: 尾盘站在日内 VWAP 上方; active_raw: 分时有急拉急杀波动; support: D1 未跌破前一日低点; support: D1 收盘站上日 VWAP; support: D1 收盘位置较强; support: D1 分时主动修复到 VWAP 上方; theme: 所属行业/题材涨停家数较多: 化学原料 16 家; factor: active_cooling_score=85.00; factor: trend_hold_score=95.00; factor: entry_width_score=60.00; factor: low_absorb_width_pct=4.31; factor: invalid_distance_pct=6.75; factor: d1_low_ma10_pct=14.10; factor: d1_close_ma10_pct=22.37; factor: d1_close_vwap_pct=2.62,"{""d1_low"": 96.8, ""d1_open"": 102.0, ""d1_close"": 103.81, ""d1_vwap"": 101.15949648634741, ""prev_close"": 101.07, ""ma5"": 93.63000000000001, ""ma10"": 84.835, ""d1_intraday_vwap"": 101.15945664724191, ""d1_first_5m_low"": 98.5, ""low_absorb_min"": 96.8, ""low_absorb_max"": 101.15949648634741, ""invalid_price"": 96.8}",71.88145,2
2026-06-24,603823,百合花,2026-06-22,2.0,1.0,D2_LOW_ABSORB,True,True,88.75,90.0,72.0,85.0,91.0,70.0,95.0,90.0,10.6054,19.5363,0.772,1.3198757763975166,1.3198757763975166,A,51.52,52.2,51.52,55.68,True,3,1.5445402298850608,-3.5560344827586188,-7.219827586206906,2.4425287356321768,-1.0057471264367843,-7.219827586206906,2.4425287356321768,-10.901580459770113,-10.901580459770113,2.4425287356321768,-10.901580459770113,-10.901580459770113,False,False,graph: 近 10 日高点保持抬高; graph: 近 10 日低点没有明显下移; graph: 均线多头排列; graph: D1 收盘位置强; active_raw: D1 成交额放大不足; active_raw: D1 振幅明显放大; active_raw: 分时围绕 VWAP 反复争夺; active_raw: 尾盘站在日内 VWAP 上方; active_raw: 分时有急拉急杀波动; support: D1 未跌破前一日低点; support: D1 收盘站上日 VWAP; support: D1 收盘位置较强; support: D1 分时主动修复到 VWAP 上方; theme: 所属行业/题材涨停家数较多: 化学制品 14 家; factor: active_cooling_score=85.00; factor: trend_hold_score=95.00; factor: entry_width_score=90.00; factor: low_absorb_width_pct=1.30; factor: invalid_distance_pct=7.47; factor: d1_low_ma10_pct=10.61; factor: d1_close_ma10_pct=19.54; factor: d1_close_vwap_pct=0.77,"{""d1_low"": 51.52, ""d1_open"": 51.52, ""d1_close"": 55.68, ""d1_vwap"": 55.25342872399459, ""prev_close"": 52.2, ""ma5"": 50.57000000000001, ""ma10"": 46.58, ""d1_intraday_vwap"": 55.25342140165193, ""d1_first_5m_low"": 51.52, ""low_absorb_min"": 51.52, ""low_absorb_max"": 52.2, ""invalid_price"": 51.52}",71.84057,3
2026-06-25,600206,有研新材,2026-06-22,3.0,1.0,D2_LOW_ABSORB,True,True,83.25,90.0,62.0,90.0,91.0,70.0,95.0,25.0,16.5676,31.4545,5.2534,5.40034210311966,5.40034210311966,A,49.108,51.76,49.108,56.16,True,2,9.740028490028507,8.190883190883191,-2.4216524216524205,15.11752136752138,13.94230769230771,-2.4216524216524205,15.11752136752138,13.94230769230771,-2.4216524216524205,15.11752136752138,13.94230769230771,-2.4216524216524205,True,True,graph: 近 10 日高点保持抬高; graph: 近 10 日低点没有明显下移; graph: 均线多头排列; graph: D1 收盘位置强; active_raw: D1 成交额放大不足; active_raw: D1 振幅明显放大; active_raw: 尾盘站在日内 VWAP 上方; active_raw: 分时有急拉急杀波动; support: D1 未跌破前一日低点; support: D1 收盘站上日 VWAP; support: D1 收盘位置较强; support: D1 分时主动修复到 VWAP 上方; theme: 所属行业/题材涨停家数较多: 半导体 14 家; factor: active_cooling_score=90.00; factor: trend_hold_score=95.00; factor: entry_width_score=25.00; factor: low_absorb_width_pct=5.12; factor: invalid_distance_pct=12.56; factor: d1_low_ma10_pct=16.57; factor: d1_close_ma10_pct=31.45; factor: d1_close_vwap_pct=5.25,"{""d1_low"": 49.8, ""d1_open"": 51.26, ""d1_close"": 56.16, ""d1_vwap"": 51.02102358732295, ""prev_close"": 51.76, ""ma5"": 49.108, ""ma10"": 42.722, ""d1_intraday_vwap"": 53.35692920637896, ""d1_first_5m_low"": 49.8, ""low_absorb_min"": 49.108, ""low_absorb_max"": 51.76, ""invalid_price"": 49.108}",73.19354000000001,1
2026-06-25,603986,兆易创新,2026-06-24,1.0,1.0,D2_LOW_ABSORB,True,True,85.5,90.0,58.0,90.0,91.0,70.0,90.0,65.0,21.6533,28.3086,2.5332,2.86494359973688,2.86494359973688,A,735.0,756.0573354580661,735.0,775.21,True,2,0.4888997819945562,-0.672075953612572,-5.506894905896475,5.777789244204801,4.923827092013777,-5.506894905896475,5.777789244204801,4.923827092013777,-5.506894905896475,5.777789244204801,4.923827092013777,-5.506894905896475,False,False,graph: 近 10 日高点保持抬高; graph: 近 10 日低点没有明显下移; graph: 均线多头排列; graph: D1 收盘位置强; active_raw: D1 成交额放大不足; active_raw: D1 有一定振幅; active_raw: 分时围绕 VWAP 反复争夺; active_raw: 尾盘站在日内 VWAP 上方; support: D1 未跌破前一日低点; support: D1 收盘站上日 VWAP; support: D1 收盘位置较强; support: D1 分时主动修复到 VWAP 上方; theme: 所属行业/题材涨停家数较多: 半导体 14 家; factor: active_cooling_score=90.00; factor: trend_hold_score=90.00; factor: entry_width_score=65.00; factor: low_absorb_width_pct=2.99; factor: invalid_distance_pct=5.19; factor: d1_low_ma10_pct=21.65; factor: d1_close_ma10_pct=28.31; factor: d1_close_vwap_pct=2.53,"{""d1_low"": 735.0, ""d1_open"": 740.0, ""d1_close"": 775.21, ""d1_vwap"": 704.9365974513405, ""prev_close"": 705.09, ""ma5"": 687.998, ""ma10"": 604.176, ""d1_intraday_vwap"": 756.0573354580661, ""d1_first_5m_low"": 735.0, ""low_absorb_min"": 735.0, ""low_absorb_max"": 756.0573354580661, ""invalid_price"": 735.0}",73.114715,2
2026-06-25,600397,江钨装备,2026-06-23,2.0,2.0,D2_LOW_ABSORB,True,True,83.5,90.0,58.0,90.0,91.0,70.0,90.0,45.0,23.8023,30.1901,1.6105,4.954954954954949,4.954954954954949,A,24.42,25.63,24.42,25.68,True,2,5.724299065420557,1.4018691588784993,-3.426791277258568,11.52647975077883,5.1401869158878455,-3.426791277258568,11.52647975077883,5.1401869158878455,-3.426791277258568,11.52647975077883,5.1401869158878455,-3.426791277258568,True,True,graph: 近 10 日高点保持抬高; graph: 近 10 日低点没有明显下移; graph: 均线多头排列; graph: D1 收盘位置强; active_raw: D1 成交额放大不足; active_raw: D1 有一定振幅; active_raw: 分时围绕 VWAP 反复争夺; active_raw: 尾盘站在日内 VWAP 上方; support: D1 未跌破前一日低点; support: D1 收盘站上日 VWAP; support: D1 收盘位置较强; support: D1 分时主动修复到 VWAP 上方; theme: 所属行业/题材涨停家数较多: 专用设备 13 家; factor: active_cooling_score=90.00; factor: trend_hold_score=90.00; factor: entry_width_score=45.00; factor: low_absorb_width_pct=4.74; factor: invalid_distance_pct=4.91; factor: d1_low_ma10_pct=23.80; factor: d1_close_ma10_pct=30.19; factor: d1_close_vwap_pct=1.61,"{""d1_low"": 24.42, ""d1_open"": 25.63, ""d1_close"": 25.68, ""d1_vwap"": 23.831037109228134, ""prev_close"": 25.51, ""ma5"": 23.61, ""ma10"": 19.725, ""d1_intraday_vwap"": 25.27297206758319, ""d1_first_5m_low"": 24.71, ""low_absorb_min"": 24.42, ""low_absorb_max"": 25.63, ""invalid_price"": 24.42}",73.113365,3
